username,black,darkGrey,deepGrey,mediumGrey,lightGrey,white,beige,peach,brown,chocolate,rust,orange,yellow,pastelYellow,lime,green,darkGreen,forest,darkTeal,lightTeal,aqua,azure,blue,navy,purple,mauve,magenta,pink,watermelon,red,rose,maroon,darkChocolate,darkPurple
ubermeisters@lemmy.world,217,70,139,142,169,204,87,86,98,99,119,130,132,137,144,183,175,145,135,144,153,162,162,151,112,120,104,114,150,848,206,149,0,0
guantousam@lemmy.world,143,450,56,118,89,17,7,33,102,85,12,96,91,101,76,50,51,71,63,159,251,76,337,513,179,180,106,348,77,100,73,36,0,0
ShadowGlider@lemmy.world,331,212,23,92,274,117,3,9,3,101,46,120,199,101,21,12,50,57,81,129,297,282,102,36,291,203,16,556,55,40,24,15,0,0
DragonM97HD@lemmy.world,474,66,177,113,42,2,13,57,149,62,25,130,71,96,20,73,4,3,0,1,77,126,99,1093,106,58,14,116,28,51,225,33,0,0
Lokloy@lemmy.world,310,327,163,157,227,100,14,20,56,97,70,77,77,27,43,83,14,76,87,112,147,93,228,155,225,167,11,92,90,109,89,26,0,0
DJSoundwav3@lemmy.world,306,316,124,334,435,81,0,0,0,0,4,3,161,5,0,2,5,4,5,0,125,52,109,41,217,11,36,72,18,435,36,3,0,0
peter_pangolin@toast.ooo,501,220,0,1,21,58,34,179,47,53,34,22,126,23,1,0,7,0,2,0,550,154,389,38,63,7,0,5,49,79,205,3,0,0
Bottom@lemm.ee,216,0,0,41,1,19,30,16,6,68,136,103,221,11,0,59,35,0,0,0,2,1083,61,12,155,19,1,461,0,44,0,0,0,0
NanoPi@lemmy.world,66,180,47,76,98,20,1,3,27,49,15,87,43,47,75,63,19,95,55,134,178,257,225,125,157,266,14,169,67,110,4,11,0,0
akq@lemm.ee,353,426,352,345,225,44,39,45,169,73,1,1,16,0,1,2,2,23,4,2,12,109,108,6,27,1,188,64,1,20,29,39,0,0
Aenigma@lemmy.world,549,373,199,153,60,69,0,0,1,0,36,70,0,3,0,0,2,0,5,25,111,4,167,34,151,130,16,192,0,152,132,0,0,0
Lilou41@lemmy.world,239,103,22,94,113,28,12,10,45,35,189,328,187,136,0,123,20,6,26,14,91,122,47,41,118,116,18,4,47,159,66,54,0,0
dave@lemmy.nz,105,0,5,61,46,3,0,0,129,35,8,0,0,0,0,123,0,47,0,0,0,0,997,917,0,0,8,0,0,101,0,0,0,0
Stoneykins@mander.xyz,481,9,227,242,570,32,0,0,0,0,159,0,261,99,20,29,101,33,0,0,24,46,19,1,0,71,0,49,0,26,2,0,0,0
trixysaur@lemmy.blahaj.zone,884,9,54,35,17,17,0,11,62,13,32,160,62,94,182,16,15,49,0,15,19,1,132,1,42,13,109,182,109,85,65,10,0,0
surfbum@lemmy.nz,589,0,3,32,19,24,37,18,65,75,84,4,62,7,3,47,4,0,0,14,72,0,184,600,0,1,71,6,0,457,0,0,0,0
Cloud_Y@lemmy.world,469,301,414,269,176,12,28,9,204,72,0,0,0,0,0,0,0,0,0,0,0,9,0,20,0,0,286,69,0,0,108,0,0,0
Themisto@lemmy.world,117,85,75,35,86,65,25,1,7,7,23,77,114,51,12,155,40,53,28,76,210,113,183,89,143,148,63,154,104,56,12,5,0,0
AbouBenAdhem@lemmy.world,0,0,0,0,0,35,26,0,0,0,0,3,7,60,219,411,801,677,0,0,38,48,4,0,0,0,0,70,0,3,0,0,0,0
EXtremeExploit@lemmy.world,220,191,46,34,117,228,3,0,20,52,21,43,79,82,20,81,10,11,37,9,54,91,97,78,88,97,55,258,5,157,36,46,0,0
Tzingo@lemmy.world,113,288,59,96,38,5,0,15,24,20,10,63,50,8,1,81,1,1,9,33,120,180,293,191,214,171,0,52,30,146,30,3,0,0
SquReal@toast.ooo,521,141,0,0,248,11,0,0,0,0,100,47,98,11,7,51,24,0,25,55,25,384,110,96,71,5,15,7,15,129,30,74,0,0
somepony@lemmy.world,130,14,53,165,97,50,8,19,101,108,18,88,68,29,324,60,43,76,17,99,321,126,66,0,17,32,13,36,28,52,23,4,0,0
nellymoose@lemmy.world,233,15,1,207,0,17,32,0,16,16,37,70,457,16,1,63,50,0,0,0,0,262,217,0,101,89,192,73,101,12,0,0,0,0
the_dopamine_fiend@lemmy.world,1270,0,0,23,0,8,0,145,103,112,0,0,20,0,419,10,9,4,0,0,14,1,7,0,2,0,43,0,0,34,2,0,0,0
Monkmoo@lemmy.world,507,0,6,7,10,15,0,8,47,0,0,27,112,142,4,118,0,0,0,0,215,123,92,0,650,4,3,7,104,3,0,0,0,0
cluster_bright@lemmy.world,107,69,76,150,260,33,0,0,163,93,31,176,71,166,11,21,15,43,12,53,181,5,109,113,70,9,5,77,5,43,35,2,0,0
greenbean@lemmy.ml,672,86,65,68,136,23,53,191,89,114,8,40,50,0,19,12,49,3,0,0,4,44,70,41,27,27,1,1,7,215,46,31,0,0
ILSB@lemmy.world,209,255,46,125,65,39,1,0,14,27,10,75,29,15,13,42,75,70,11,35,56,89,59,108,181,196,9,99,108,23,18,5,0,0
ginjutsu@lemmy.world,254,44,93,226,198,13,32,0,53,54,0,0,1,6,5,0,0,0,0,0,35,14,1001,51,0,0,0,0,0,2,0,4,0,0
F00DPLZ@nano.garden,146,33,4,22,112,148,16,3,4,25,150,10,167,2,17,30,161,8,4,3,85,5,237,71,83,405,7,15,2,75,8,5,0,0
Waffle6787@lemmy.world,143,588,92,108,7,147,0,8,53,34,5,28,34,91,2,7,1,20,14,11,16,22,39,6,105,86,34,183,121,30,8,0,0,0
shunned_marble4378@feddit.de,1022,1,14,10,3,65,0,0,0,1,105,0,0,0,0,0,791,30,0,0,0,0,0,0,0,0,0,0,0,0,0,0,0,0
MoonlitChaser@lemmy.world,223,184,31,38,66,23,7,1,4,23,1,16,57,121,37,88,38,8,13,54,25,177,114,43,114,147,6,100,176,48,37,5,0,0
KoboldCoterie@pawb.social,873,45,48,32,59,12,12,16,52,41,63,4,0,8,0,21,333,15,0,0,0,0,21,1,20,0,0,42,26,216,28,29,0,0
tanker405th@lemmy.world,6,0,0,0,0,128,0,0,0,0,0,0,0,0,0,0,0,0,0,0,0,1861,6,0,0,0,0,0,0,0,0,0,0,0
basxto@discuss.tchncs.de,800,12,0,12,3,41,0,4,41,12,4,73,60,23,193,16,19,51,0,12,19,0,126,1,10,18,99,186,61,53,19,20,0,0
Lumun@lemmy.zip,168,106,101,327,76,16,58,141,19,67,19,326,32,6,11,4,13,11,4,5,4,7,28,15,47,10,7,19,10,235,19,12,0,0
Enderson1320@lemmy.world,385,56,61,37,8,24,0,8,7,3,1,38,56,35,0,22,0,22,14,21,42,49,227,340,94,127,4,118,39,53,12,1,0,0
Rose@lemmy.world,1466,27,4,2,0,181,0,0,9,3,5,0,87,0,3,0,0,74,0,0,0,4,1,0,0,0,0,93,12,18,8,7,0,0
p0ppe@lemmy.world,392,0,0,1,1,28,0,0,0,0,10,0,16,0,79,67,109,0,0,0,0,0,1162,0,0,0,3,13,0,18,0,0,0,0
Rogue1633@discuss.tchncs.de,505,0,0,7,4,32,0,0,0,58,71,0,655,0,0,0,0,0,0,0,0,22,12,12,82,0,0,0,0,424,0,0,0,0
NoNotLikeThat@lemm.ee,65,19,37,25,12,9,10,57,74,138,72,116,63,39,4,14,63,76,23,8,28,178,192,224,54,49,9,31,10,40,33,110,0,0
lnxtx@feddit.nl,0,0,0,90,0,1,0,0,0,0,0,0,0,0,0,0,0,0,0,0,0,14,1772,0,0,0,0,0,0,0,0,0,0,0
zer0@feddit.de,849,1,1,0,0,3,0,0,0,0,111,10,277,0,0,4,0,0,0,0,1,11,243,0,0,1,0,0,0,348,5,0,0,0
Ihnivid@feddit.de,476,26,14,11,37,16,0,8,60,0,3,174,88,139,3,5,3,0,155,86,33,51,45,8,63,40,0,2,12,78,181,0,0,0
beansbeansbeans@lemmy.world,33,5,30,33,28,2,6,65,116,142,52,159,82,23,2,8,24,78,29,6,23,220,79,291,45,24,15,15,9,43,31,97,0,0
Fabulous@lemmy.world,813,1,2,0,1,28,0,0,0,0,88,45,101,0,0,35,71,0,0,0,0,25,125,0,58,71,0,35,0,306,0,5,0,0
Fabulous@infosec.pub,826,5,35,29,15,22,2,0,0,0,88,48,116,0,1,57,4,0,0,2,66,49,87,0,50,67,0,46,7,169,0,8,0,0
KAP2003@lemmy.world,50,1,7,1,2,20,0,3,0,3,1,0,5,0,9,1,11,1,0,0,264,58,1293,5,43,0,0,1,0,1,8,0,0,0
flora_explora@beehaw.org,100,7,0,0,22,31,0,33,0,0,50,44,15,47,2,1,29,0,235,222,41,112,58,28,102,75,43,252,57,105,60,9,0,0
FeatherFoot@lemmy.world,78,28,15,17,46,28,12,8,4,107,29,40,57,71,3,20,5,188,117,40,117,31,15,238,147,68,11,121,11,17,24,7,0,0
blueether@no.lastname.nz,531,0,10,10,114,45,0,5,51,148,0,0,0,0,4,1,10,27,0,0,0,0,0,657,0,0,0,0,0,101,0,0,0,0
marius851000@lemmy.mariusdavid.fr,67,263,7,51,98,83,6,21,16,25,19,35,46,14,0,13,50,11,75,31,34,88,193,62,72,38,10,101,76,73,26,2,0,0
alex@feddit.de,411,2,4,58,527,10,13,0,0,0,71,12,24,0,0,0,236,30,100,56,3,0,46,0,53,0,0,17,10,16,2,0,0,0
lnm225@sh.itjust.works,67,64,72,70,66,4,0,0,0,0,381,156,117,97,7,37,39,9,11,13,0,41,96,0,126,14,10,19,7,145,7,6,0,0
Kilgorio@lemmy.world,107,81,180,34,92,69,0,0,1,2,31,3,3,16,14,8,9,152,44,8,58,182,73,0,140,74,13,184,36,42,8,0,0,0
Mrs_deWinter@feddit.de,18,2,22,0,0,149,1,0,0,1,6,70,141,4,5,74,4,3,5,5,3,93,92,12,535,225,2,2,0,113,4,38,0,0
TDK@lemmy.world,309,46,30,156,45,71,0,6,21,12,6,44,56,23,0,14,24,3,0,31,21,30,76,365,20,81,3,34,21,46,35,0,0,0
alycat@lemmy.blahaj.zone,180,23,206,55,65,12,0,128,16,10,155,0,16,4,1,16,108,20,0,5,12,131,58,12,20,7,150,81,2,4,120,2,0,0
ArieTheFloof@lemmy.blahaj.zone,636,18,35,13,18,20,0,30,14,0,18,0,23,3,1,6,12,155,67,33,0,28,29,28,228,23,35,103,3,8,26,0,0,0
9point6@lemmy.world,835,0,0,0,0,31,0,0,0,0,0,0,251,0,63,155,0,0,0,0,0,0,72,46,0,0,0,0,0,20,136,0,0,0
parsnip@lemmy.ca,185,0,0,5,13,2,0,0,0,15,63,0,237,0,0,0,121,0,0,0,0,0,133,0,343,0,0,0,0,475,0,0,0,0
rrconkle@lemmy.zip,65,21,32,28,57,5,0,0,19,5,0,34,137,185,0,4,2,0,0,19,432,253,87,30,19,57,17,47,9,17,0,0,0,0
squids@sopuli.xyz,376,71,71,102,101,4,84,12,4,16,34,13,19,0,3,2,1,0,1,44,227,114,73,16,0,0,3,61,53,16,25,26,0,0
IllinoisMapper@lemmy.world,796,0,0,135,162,32,0,0,2,0,0,38,50,2,46,55,0,2,0,0,0,5,93,0,4,32,0,10,0,100,0,0,0,0
Firebolt117@lemmy.world,91,110,64,73,30,309,14,5,15,141,28,23,42,81,4,45,7,26,8,17,23,42,22,22,13,16,7,83,38,77,34,46,0,0
magical@lemmy.henknet.org,110,0,0,0,0,38,0,0,0,0,1054,0,0,0,0,0,0,0,0,0,0,0,167,0,0,0,0,0,0,0,180,0,0,0
Sarsaparilla@aussie.zone,286,20,22,20,4,95,0,0,4,0,16,6,15,0,0,0,0,56,0,0,0,166,447,120,0,0,6,24,13,102,72,47,0,0
weird_kit@lemmy.blahaj.zone,17,1257,0,0,37,1,0,0,0,0,42,29,0,0,0,0,0,0,10,3,0,0,1,0,0,0,108,16,17,2,0,0,0,0
KAP03@lemmy.world,50,0,0,2,5,18,0,0,0,3,0,3,9,0,1,0,5,0,0,0,256,80,1029,9,58,1,0,0,0,2,9,0,0,0
HazySkies@lemmy.world,61,143,91,80,71,71,0,38,23,73,18,59,139,154,8,27,14,35,45,22,8,98,35,3,6,17,74,41,35,29,9,12,0,0
Cdr_Johannsen@feddit.de,553,1,32,80,40,0,0,0,0,5,6,0,197,0,0,0,0,0,0,0,0,0,0,0,84,0,0,3,58,476,0,0,0,0
PrimeSuspect@lemmy.blahaj.zone,514,7,0,0,0,127,0,0,0,0,362,151,4,3,18,32,18,1,0,0,0,228,4,0,0,0,0,1,0,0,0,33,0,0
mubelotix@jlai.lu,173,0,40,1,78,480,3,2,5,26,37,216,46,1,1,8,15,4,0,0,13,52,20,4,12,44,10,4,1,197,1,9,0,0
PM_CTD@lemmy.world,126,33,21,16,15,17,3,6,37,65,20,68,44,59,0,36,12,9,0,66,114,89,244,123,38,4,2,156,60,12,6,0,0,0
Spiritdash@lemmy.world,1114,28,21,21,58,3,0,0,0,0,0,0,0,0,0,0,0,0,0,0,0,0,0,0,0,0,0,0,0,0,217,31,0,0
DuskyRo@lemmy.world,288,18,0,27,40,5,76,42,77,39,45,317,0,0,0,450,47,0,0,0,0,0,0,0,0,0,0,0,0,0,0,0,0,0
weebkent@ani.social,397,241,240,240,268,4,0,0,0,0,0,0,6,0,0,0,0,0,0,0,0,35,26,0,0,0,2,4,0,0,0,0,0,0
GlennMagusHarvey@mander.xyz,333,0,0,0,78,38,45,0,16,24,0,33,1,2,12,22,15,3,0,0,59,2,2,0,543,0,0,154,69,0,0,0,0,0
Midnightmoon@lemmy.world,110,9,29,59,33,25,0,0,3,60,15,17,77,29,2,19,29,21,10,4,162,136,231,73,25,73,24,54,2,27,19,54,0,0
lym@lemmy.world,269,96,143,80,98,62,3,0,9,26,20,23,18,30,0,58,6,47,4,28,32,86,48,18,60,55,26,58,3,15,10,0,0,0
tamlyn@lemmy.zip,468,25,65,53,54,31,54,39,54,36,7,47,29,100,0,26,28,19,1,0,156,51,48,27,0,0,0,0,0,6,0,1,0,0
Amidatelion097@lemmy.world,25,12,1,4,196,113,0,0,14,0,298,51,62,43,14,39,0,0,4,16,7,55,29,0,4,57,7,121,201,43,7,0,0,0
emi_x@lemmy.world,85,305,220,84,124,164,14,5,22,113,0,1,4,0,0,0,0,0,10,0,0,0,0,8,30,0,1,221,0,0,0,0,0,0
kafuupone@lemmy.world,43,301,8,8,11,13,4,1,4,2,35,83,53,31,6,17,8,2,53,63,51,69,177,49,70,80,12,66,29,28,20,11,0,0
tblflip@pawb.social,295,38,37,8,0,4,0,0,0,0,2,31,535,0,0,0,0,0,0,0,0,0,4,0,0,0,0,0,133,311,10,0,0,0
Etegon@programming.dev,563,216,226,9,27,39,0,1,0,6,17,19,35,0,6,15,11,7,0,0,3,80,58,16,1,5,4,4,15,15,2,2,0,0
StillPaisleyCat@startrek.website,46,333,0,50,40,73,41,22,296,97,0,9,0,73,0,0,0,0,0,0,5,11,0,0,118,0,0,0,0,172,2,0,0,0
gratux@lemmy.blahaj.zone,405,0,36,47,10,26,20,14,5,70,48,33,150,0,0,53,10,0,3,0,9,137,9,0,95,33,11,79,14,33,0,38,0,0
Doborus@toast.ooo,139,186,78,27,74,1,5,0,20,16,16,9,16,35,6,19,16,28,28,22,83,31,26,8,181,37,0,15,212,21,30,0,0,0
AchillesUltimate@lemy.lol,425,328,127,32,159,30,36,35,0,0,0,0,0,198,0,0,0,0,0,0,0,0,0,15,0,0,0,0,0,0,0,0,0,0
koorool@feddit.de,267,0,2,1,1,31,0,0,0,0,0,0,235,11,7,1,1,5,6,5,4,2,586,0,0,0,0,0,10,199,0,0,0,0
user224@lemmy.sdf.org,267,0,0,8,0,5,7,0,18,29,72,4,20,0,0,5,0,0,0,0,2,0,440,2,141,12,0,10,0,331,0,0,0,0
Pxtl@lemmy.ca,106,28,49,142,122,46,1,0,0,0,32,0,103,76,3,20,4,53,0,0,0,0,25,0,0,0,0,1,18,427,109,0,0,0
Syrc@lemmy.world,537,0,0,0,0,14,18,10,48,25,0,15,2,50,0,0,1,0,0,0,309,111,23,34,121,32,0,4,2,4,1,0,0,0
PositiveControl@feddit.it,451,0,18,109,94,16,10,13,26,8,22,17,23,7,14,6,174,0,0,0,0,31,118,23,0,0,0,0,0,161,3,0,0,0
Shushue10@lemmy.world,14,20,67,13,35,178,0,1,72,44,16,25,54,0,0,25,6,48,118,69,75,36,56,2,4,68,12,198,0,68,10,2,0,0
IcyToes@sh.itjust.works,305,0,2,0,0,190,0,55,0,0,0,32,55,0,0,113,0,4,0,0,0,34,272,0,0,30,0,0,0,229,0,0,0,0
ViperActual@sh.itjust.works,969,0,0,0,0,5,0,0,0,0,0,0,0,0,208,5,133,0,0,0,0,0,0,0,0,0,0,0,0,0,0,0,0,0
namipa@lemmy.world,763,0,13,23,2,220,0,0,1,4,1,10,4,0,10,26,27,31,2,2,0,67,46,1,3,0,0,8,18,8,8,13,0,0
baascus@lemm.ee,364,0,0,0,0,66,0,0,0,0,0,0,1,0,28,0,20,0,0,0,0,0,37,258,0,0,0,6,0,529,0,0,0,0
shotgun_crab@lemmy.world,147,440,268,12,16,2,0,0,0,0,1,14,17,0,0,131,0,0,0,0,61,75,27,52,0,33,0,0,0,6,0,0,0,0
ThatSnek@lemmy.world,55,171,22,85,38,37,1,2,0,4,1,13,24,55,3,22,5,1,17,41,43,58,47,28,34,131,19,212,42,45,23,15,0,0
kira_ananta@lemmy.blahaj.zone,185,0,117,110,145,41,0,0,0,0,51,0,101,15,8,0,0,0,48,0,2,162,0,0,0,0,21,163,1,119,0,0,0,0
Nirfu@sh.itjust.works,34,140,105,138,53,0,33,28,74,17,26,2,0,33,0,59,119,209,91,58,8,0,0,2,0,0,0,2,28,9,9,10,0,0
iso@lemy.lol,267,0,0,0,0,195,0,0,0,0,50,0,53,0,1,50,86,0,0,0,3,65,56,0,98,0,0,0,0,346,0,0,0,0
smallpanther@lemmy.dbzer0.com,67,6,15,14,15,19,0,0,49,15,6,39,34,5,4,50,109,15,0,2,4,752,2,0,4,5,0,0,0,23,11,0,0,0
Ategon@programming.dev,527,187,240,20,27,43,0,0,0,4,12,8,30,0,6,1,2,1,1,2,2,60,55,9,1,0,1,1,4,9,0,4,0,0
MrPoopapants@lemmy.world,194,4,3,25,6,42,0,1,0,0,12,40,36,18,3,8,3,96,180,29,76,27,108,82,82,62,8,42,13,42,4,0,0,0
Autian@feddit.de,488,3,147,7,183,24,0,0,0,0,0,0,0,0,0,0,0,0,5,100,105,0,0,0,0,0,0,0,54,49,5,71,0,0
erin@lemmy.sidh.bzh,0,0,0,55,160,25,0,0,0,0,0,1,36,1,1,1,23,1,0,0,0,0,890,43,0,0,0,0,0,0,0,0,0,0
Tihan@lemmy.world,114,40,53,78,105,83,1,3,9,3,28,21,3,9,2,15,11,32,11,28,69,52,94,93,146,73,3,36,3,10,7,1,0,0
cralder@feddit.nu,1,0,0,0,0,0,0,0,0,0,0,0,252,0,0,0,0,0,0,0,0,3,831,0,0,0,0,0,0,147,0,0,0,0
ChlorineAddict@lemmy.world,264,29,0,219,115,36,0,0,0,7,0,10,14,0,0,40,40,2,6,0,4,224,215,0,0,0,0,5,0,4,0,0,0,0
observer@feddit.de,335,5,19,116,0,176,0,0,0,2,1,0,352,0,0,0,0,0,0,0,0,1,0,0,72,1,0,2,0,152,0,0,0,0
Rene_Z@lemmy.world,167,33,12,18,11,198,9,0,0,5,8,51,25,35,25,42,21,7,1,51,50,135,91,15,34,72,8,44,10,50,4,0,0,0
ctr1@fl0w.cc,124,84,32,29,99,73,0,0,0,0,4,2,62,32,4,8,0,0,0,0,0,194,87,122,97,96,1,11,14,51,0,0,0,0
BlueEther@lemmy.nz,405,0,36,83,46,16,0,14,38,19,0,0,0,0,0,0,5,27,0,0,0,0,0,311,0,0,0,0,0,211,5,0,0,0
em2@lemmy.ml,77,0,10,11,26,5,0,0,0,0,0,0,0,0,0,0,0,0,0,0,0,0,130,868,0,0,0,0,8,12,69,0,0,0
Kalcifer@lemmy.world,522,2,0,0,0,0,0,0,0,0,0,0,400,45,0,32,67,16,0,0,0,20,0,0,0,0,0,0,39,68,0,0,0,0
eating3645@lemmy.world,41,4,28,36,9,20,6,117,79,86,57,91,24,15,9,8,9,26,9,1,2,198,61,184,16,2,6,4,0,34,4,24,0,0
testaccount789@sh.itjust.works,264,0,0,5,0,2,9,0,16,29,69,4,21,0,0,6,0,0,0,0,1,0,166,2,140,11,0,10,0,454,0,0,0,0
Tacosaus@lemmy.world,149,0,0,85,4,38,0,0,28,41,359,28,1,0,0,1,41,0,0,0,0,12,230,0,0,0,0,0,0,1,168,0,0,0
FireWire400@lemmy.world,2,0,0,0,0,37,0,0,0,0,0,0,1,0,0,1,0,0,0,0,0,0,950,0,0,0,0,0,0,195,0,0,0,0
BatPonyEEE@lemmy.world,112,47,28,89,17,40,0,34,39,13,2,28,222,25,8,14,34,22,0,6,61,27,29,31,5,25,7,138,41,27,3,1,0,0
Yomama@lemmy.world,175,3,0,8,0,19,0,4,2,6,1,3,2,7,47,34,0,91,80,94,13,53,137,321,4,43,0,16,4,3,4,0,0,0
nachtigall@feddit.de,249,0,0,6,0,5,0,27,0,2,0,0,154,26,3,1,2,17,17,0,0,82,139,47,133,0,0,224,1,11,0,25,0,0
Kuschdopf@feddit.de,182,6,0,2,5,55,0,22,13,38,11,70,240,0,0,1,33,300,1,0,0,5,0,0,0,0,0,0,0,178,0,0,0,0
seulgi@lemmy.ml,491,12,0,4,57,13,96,0,0,0,53,0,24,0,0,0,31,0,0,0,69,2,58,0,31,75,9,96,0,34,0,0,0,0
Limitless_screaming@lemmy.world,94,182,13,0,13,59,0,0,0,0,38,13,106,0,0,15,206,156,0,0,0,8,2,3,2,4,0,0,0,228,10,0,0,0
k2003@lemmy.world,56,0,1,3,8,32,0,3,0,1,0,2,4,0,8,0,5,1,0,0,144,21,806,1,35,0,0,0,0,2,13,0,0,0
PLS_PM_ME_UR_NUDEZ@lemmy.world,3,12,4,4,19,61,130,64,9,8,1,12,167,24,1,19,25,7,0,0,129,83,16,73,0,0,3,151,59,31,1,25,0,0
ram@lemmy.ca,12,2,9,28,1,78,134,24,47,2,2,16,21,21,0,7,0,0,0,0,0,132,95,182,3,22,34,166,12,30,0,48,0,0
grte@lemmy.ca,124,0,0,0,57,72,0,0,0,0,0,0,4,0,0,0,0,0,0,0,0,0,457,0,0,0,0,0,0,339,73,0,0,0
Dynoscord@lemmy.world,170,42,30,8,34,98,6,5,19,6,7,32,56,73,0,4,0,13,27,2,109,29,42,95,24,68,8,30,5,67,8,6,0,0
LengthierCrowd@lemm.ee,300,32,12,4,7,27,6,2,4,1,0,3,49,2,2,68,138,2,2,2,100,10,38,117,0,0,0,103,4,84,0,0,0,0
HappySquid@feddit.ch,125,0,25,33,0,147,0,0,0,0,0,0,21,8,0,0,1,1,0,0,0,63,158,18,92,0,0,1,0,423,1,0,0,0
xuv@lemmy.blahaj.zone,278,4,0,31,137,2,0,0,12,0,108,164,6,89,0,1,2,0,0,0,0,192,11,0,25,2,0,8,0,38,1,0,0,0
eatham@aussie.zone,65,6,0,0,0,1,0,0,0,0,0,0,0,0,0,0,0,0,0,0,0,0,979,43,0,0,0,0,0,9,0,0,0,0
baascus@lemmy.world,245,0,0,0,0,67,0,0,0,0,0,0,0,0,14,0,17,0,0,0,0,0,37,257,0,0,0,2,0,461,0,0,0,0
nooch@lemmy.world,232,4,0,0,3,214,0,0,35,73,0,4,0,0,0,33,144,243,0,0,0,0,7,1,0,0,0,3,14,87,0,0,0,0
iloverocks@feddit.de,71,0,0,0,72,93,0,1,0,0,8,8,69,0,0,43,70,0,0,0,19,519,12,0,20,49,16,24,1,1,0,0,0,0
ludrol@bookwormstory.social,243,5,4,59,51,5,80,17,110,69,29,25,35,25,0,0,12,0,0,0,4,48,58,100,18,14,5,59,0,17,1,2,0,0
nickname@lemmy.world,45,338,144,44,147,1,0,0,0,317,7,17,0,0,0,0,0,0,0,0,0,0,0,0,0,0,6,2,0,2,7,0,0,0
baascus@programming.dev,249,1,0,0,3,76,0,0,0,0,0,0,0,0,1,0,29,0,0,0,0,0,36,167,0,0,0,3,0,509,0,0,0,0
Gogggy@lemmy.world,16,127,180,310,302,75,0,0,0,0,0,0,0,0,0,0,0,0,0,0,0,0,5,0,0,1,55,1,0,0,0,0,0,0
RobinSohn@feddit.de,233,94,104,59,70,11,0,0,27,17,0,10,48,60,15,56,0,0,12,0,1,20,2,72,105,29,0,13,1,7,0,3,0,0
Spaceez@lemmy.world,299,119,97,165,107,0,5,9,39,9,9,1,0,0,0,0,6,10,14,23,8,20,1,3,0,0,84,15,1,16,5,3,0,0
Speiser0@feddit.de,130,41,0,0,0,6,0,1,6,0,44,5,105,1,3,7,5,0,0,0,4,137,150,43,58,62,0,15,0,220,8,12,0,0
AncientMariner@lemmy.world,113,0,2,0,0,166,0,48,0,0,0,40,35,1,0,120,0,4,0,0,0,26,241,0,0,26,0,0,0,228,0,0,0,0
beansleg@lemm.ee,23,5,43,41,25,27,8,75,116,169,26,81,18,6,2,10,6,29,6,2,1,99,52,82,20,2,4,4,0,32,11,20,0,0
FitchInks@feddit.de,520,0,0,9,23,0,94,39,13,1,0,0,0,0,0,0,0,0,60,56,0,72,64,0,0,0,0,0,36,10,45,0,0,0
anonpony1@lemmy.zip,293,0,1,320,0,21,0,6,0,0,0,3,0,69,0,9,0,0,0,0,0,6,7,0,276,0,0,0,28,0,0,0,0,0
EnergyBeam@lemmy.world,404,3,114,2,9,10,0,0,4,0,0,0,36,4,0,1,2,0,1,86,10,15,82,2,163,2,4,46,12,17,1,0,0,0
haganbmj@lemmy.ml,72,10,13,9,8,22,38,1,140,34,0,3,32,4,0,8,117,0,0,0,59,99,85,234,4,0,0,0,0,35,0,0,0,0
afedditor@lemmy.blahaj.zone,8,0,0,0,19,28,0,0,0,0,122,116,154,0,3,28,26,0,0,0,0,244,48,0,20,2,0,154,24,29,2,0,0,0
Setarkus@feddit.de,217,0,1,31,6,8,1,0,0,0,0,0,0,0,267,260,120,73,43,0,0,0,0,0,0,0,0,0,0,0,0,0,0,0
Estiar@sh.itjust.works,70,117,69,86,141,33,0,12,5,10,6,39,38,13,0,10,24,16,4,12,23,66,36,2,121,23,1,15,9,20,6,0,0,0
provomeister@lemmy.ca,89,7,4,0,0,37,0,0,0,0,0,0,13,0,0,0,0,0,0,0,0,2,674,0,0,0,0,0,39,159,0,0,0,0
shapeslemmyaccount@lemmy.world,349,1,15,5,27,8,0,0,5,0,1,107,10,111,25,3,25,1,0,0,4,1,34,86,0,0,0,0,0,205,1,0,0,0
prodigalsorcerer@lemmy.ca,243,8,5,70,384,40,0,0,34,8,0,0,164,0,0,0,0,0,0,0,0,0,48,0,0,0,0,0,0,16,2,0,0,0
famfo@social.dn42.us,70,2,2,96,8,24,0,0,0,0,0,0,0,0,0,0,12,67,0,0,0,17,582,0,0,0,0,0,0,0,140,0,0,0
anka@feddit.de,336,0,0,0,0,1,1,1,3,0,85,2,80,0,0,0,75,0,0,3,72,5,138,2,1,97,0,0,1,116,0,0,0,0
Shaik@lemmy.world,144,73,32,27,24,54,0,6,24,21,31,23,26,19,5,39,6,2,27,43,38,41,89,50,44,12,6,14,16,66,10,6,0,0
mruczek@lemm.ee,443,55,96,132,12,6,0,0,0,0,6,0,3,0,28,14,19,20,0,0,0,62,0,0,0,0,0,0,0,105,7,8,0,0
Bigcheese@lemmy.world,65,34,64,57,108,22,0,0,6,151,1,30,14,3,0,15,2,36,0,1,106,33,29,70,15,9,23,62,46,11,1,0,0,0
SirBwennan@lemmy.world,13,9,2,9,13,21,0,0,0,17,105,54,67,18,8,29,173,26,0,0,1,58,67,0,48,22,0,27,0,218,5,2,0,0
AnarchyArcher@lemmy.world,75,48,24,51,47,147,3,10,0,4,17,31,2,22,3,10,21,3,23,5,25,49,130,111,40,12,3,47,7,36,3,1,0,0
Gurkinator@toast.ooo,346,1,17,0,0,104,0,0,0,4,0,0,143,0,0,65,97,14,0,43,10,1,1,0,0,0,0,0,2,236,14,6,0,0
koper@feddit.nl,620,0,3,5,160,78,0,0,0,0,14,0,0,0,0,0,0,0,0,0,0,1,6,0,5,0,0,0,0,0,0,116,0,0
AXLplosion@lemmy.zip,338,6,23,84,207,28,11,4,55,20,1,9,22,0,9,90,26,0,0,0,0,11,35,0,0,3,0,23,0,0,1,0,0,0
talou@jlai.lu,0,31,0,1,11,16,0,1,0,9,9,26,209,2,0,6,15,0,0,16,288,144,102,39,24,11,6,3,0,11,9,14,0,0
minishoemaze@beehaw.org,352,0,11,1,43,1,102,111,65,93,0,0,10,14,0,1,0,0,0,0,0,0,5,0,8,7,0,0,0,80,0,92,0,0
itsmect@monero.town,417,10,135,23,31,84,27,7,0,5,107,89,3,0,0,0,8,0,0,0,0,0,0,0,0,0,4,0,0,31,6,0,0,0
grimcient@lemmy.world,332,148,79,128,145,25,0,0,2,0,1,20,0,12,0,0,0,0,7,7,8,0,10,4,9,0,0,0,0,0,47,0,0,0
miningforrocks@lemmy.ml,30,0,0,0,63,81,0,1,0,0,0,13,77,0,0,26,53,0,0,0,22,501,9,0,21,38,20,26,1,0,0,0,0,0
PixeIOrange@lemmy.world,0,0,0,0,0,10,0,4,10,2,32,16,79,5,10,101,66,68,0,14,62,68,205,16,37,39,35,0,14,62,14,2,0,0
Bonestyx@lemmy.world,35,14,30,23,60,259,1,6,1,141,22,20,36,63,1,5,0,2,0,4,7,40,12,5,8,10,3,19,26,52,30,35,0,0
ythaha668@lemmy.world,111,33,31,11,126,5,0,0,8,24,0,4,7,72,0,1,16,162,126,0,47,10,1,3,46,30,2,83,4,4,0,0,0,0
Roundcat@lemmy.ca,243,0,0,5,6,40,111,42,0,0,6,0,11,0,0,0,15,2,56,38,1,15,53,0,92,75,12,68,0,46,21,0,0,0
grant@toast.ooo,374,29,14,30,21,142,0,0,0,0,152,0,58,6,92,7,161,0,0,3,24,39,26,0,0,0,17,0,36,14,12,0,0,0
neurospice@lemmy.dbzer0.com,70,7,29,66,77,8,0,71,4,9,106,0,25,4,0,8,31,37,3,7,45,89,55,4,8,13,44,57,1,0,74,2,0,0
Techno@lemmy.world,289,0,1,2,22,52,0,0,20,40,200,0,10,0,0,2,40,0,0,0,0,12,150,0,0,0,0,0,0,5,102,0,0,0
mac@programming.dev,304,149,229,11,38,42,0,0,0,6,12,6,15,0,10,3,5,7,1,0,1,45,20,8,3,1,4,0,7,11,1,8,0,0
Gamer_Lab1234@lemmy.world,154,22,46,29,32,9,56,2,10,19,14,8,37,10,4,12,23,20,2,0,19,22,38,4,7,30,22,194,6,95,0,0,0,0
talou@lemmy.world,4,97,1,1,9,9,0,1,0,7,0,32,228,1,0,0,5,0,0,15,272,57,114,29,27,4,7,3,1,2,3,16,0,0
komplekx@lemmy.world,623,0,0,0,0,38,8,0,0,0,59,26,64,0,0,0,5,0,0,0,0,12,0,0,5,0,0,0,0,104,1,0,0,0
stoneykins@lemmy.world,78,0,15,17,304,8,0,0,0,0,56,4,87,28,26,21,92,2,0,0,19,45,23,0,0,43,0,48,0,27,0,0,0,0
KrisDeltarune@lemmy.world,483,1,0,0,1,27,0,0,0,0,0,29,47,0,0,2,0,27,43,0,2,0,7,36,19,21,1,37,1,150,8,0,0,0
577_Rhea@lemmy.blahaj.zone,24,1,0,0,0,124,0,0,0,0,505,7,8,0,0,0,7,0,0,0,0,214,7,0,7,0,1,28,0,7,0,0,0,0
crazyminner@sh.itjust.works,858,1,0,0,0,31,0,0,0,0,0,0,0,0,0,0,26,0,0,0,0,0,0,0,0,0,0,0,0,14,0,0,0,0
redw0rm@kerala.party,91,6,5,12,33,0,0,9,9,7,43,193,91,0,0,1,55,0,0,0,0,30,0,0,50,0,0,46,1,224,20,4,0,0
4rano@lemmy.world,2,0,0,0,0,14,15,25,0,0,204,36,1,0,0,0,5,0,0,0,0,41,239,0,92,66,2,0,14,172,0,0,0,0
soliloquy@startrek.website,840,0,0,0,2,7,0,11,32,0,0,16,0,0,0,0,0,0,0,0,0,0,0,0,0,0,0,0,0,11,1,6,0,0
ack12@programming.dev,246,174,204,17,32,67,0,0,1,8,6,6,15,0,6,8,5,9,0,1,0,56,15,10,2,1,1,1,7,23,1,2,0,0
hubi@feddit.de,79,16,14,37,4,19,14,5,9,11,0,15,44,0,0,0,0,2,0,0,35,108,1,1,3,14,11,140,14,30,7,287,0,0
slakett@feddit.de,536,7,0,0,0,94,0,0,0,0,0,0,0,0,0,2,274,3,0,0,0,0,0,0,0,0,0,0,0,0,0,0,0,0
GaiusGornicusCaesar@startrek.website,351,0,0,21,22,20,0,0,96,18,24,19,2,4,0,0,3,0,0,0,19,44,13,0,1,0,1,51,40,167,0,0,0,0
Atan@lemmy.ml,0,0,0,0,0,26,0,0,0,0,0,33,82,0,0,117,0,0,0,0,0,77,335,0,1,117,0,0,0,120,5,0,0,0
waterplants@lemm.ee,33,15,0,41,29,88,0,0,6,0,13,4,105,76,6,9,116,0,26,22,75,22,17,0,0,0,1,3,0,7,197,0,0,0
redd@discuss.tchncs.de,75,12,1,128,278,21,0,0,1,0,137,9,7,0,45,9,2,1,1,0,0,0,53,9,0,0,0,0,34,87,0,0,0,0
Melkmeisje@lemmy.world,238,0,0,1,8,61,0,0,22,39,221,14,10,0,0,3,40,0,0,0,0,32,123,0,0,0,0,0,0,3,95,0,0,0
L3s@lemmy.world,148,0,3,67,22,48,0,0,0,105,32,13,0,0,46,22,0,50,0,0,0,146,32,42,0,0,0,10,0,42,41,38,0,0
BloodSurg@lemmy.world,23,26,13,3,205,29,0,0,5,15,15,49,23,0,0,43,0,11,0,6,24,10,0,3,16,93,4,62,168,53,8,0,0,0
PwnTra1n@lemmy.world,15,18,16,18,15,32,0,0,2,1,4,95,63,0,0,65,0,0,0,0,0,114,95,0,0,67,1,0,0,285,0,0,0,0
SebSnares@feddit.de,283,4,0,3,39,9,0,0,7,1,0,7,106,7,0,18,2,55,0,0,0,0,0,0,9,0,0,19,132,72,87,35,0,0
mira@lemmy.blahaj.zone,126,3,16,18,0,0,5,20,0,0,0,36,60,0,0,41,0,0,0,0,0,63,0,0,0,84,9,131,2,257,0,23,0,0
qubik@lemmy.world,73,0,0,0,0,2,0,0,0,0,0,0,222,0,0,0,1,0,0,0,0,7,427,0,0,0,0,0,0,162,0,0,0,0
SeaOfTroubles@lib.lgbt,366,0,0,0,41,7,77,0,0,0,54,5,36,0,0,3,2,0,1,0,0,6,72,0,0,5,0,26,0,188,3,0,0,0
Monologue@lemmy.zip,250,0,34,0,0,22,0,38,0,24,0,0,0,0,0,0,0,0,0,0,0,0,0,0,0,0,0,0,284,238,0,0,0,0
panterita@lemmy.world,42,0,22,22,19,14,0,0,0,1,13,1,3,1,3,0,3,0,0,3,0,721,0,0,0,4,0,0,7,8,0,0,0,0
fede@lemmy.world,0,0,0,0,0,0,0,0,0,0,0,0,0,0,0,0,0,0,0,0,0,0,887,0,0,0,0,0,0,0,0,0,0,0
Firefly7@lemmy.blahaj.zone,469,0,0,0,2,4,0,0,3,19,203,0,21,0,0,26,1,0,0,0,0,63,29,3,30,0,0,11,0,0,0,0,0,0
jack@monero.town,45,0,109,0,0,6,0,0,0,0,133,0,205,0,0,0,1,0,0,0,0,2,11,0,361,0,0,0,0,3,0,0,0,0
LopensLeftArm@sh.itjust.works,4,0,0,0,0,20,0,0,0,0,0,0,19,0,0,0,0,0,13,3,0,0,295,0,0,0,0,0,0,519,0,0,0,0
Definitelynotacat@sh.itjust.works,1,0,0,0,0,49,6,135,0,0,0,0,24,61,10,11,42,85,0,0,0,272,5,1,57,42,37,32,0,0,0,0,0,0
uis@lemmy.world,518,15,2,17,71,545,0,0,1,0,1,10,16,4,0,0,0,18,14,2,14,28,3,0,124,65,0,252,94,18,0,0,0,0
broadwell@lemmy.world,136,1,0,0,0,3,0,0,0,0,0,0,289,115,0,0,1,193,90,0,1,0,1,36,0,0,0,0,0,0,0,0,0,0
HeyHo@feddit.de,24,0,0,0,1,70,0,0,7,67,0,0,21,0,0,0,410,61,0,0,0,0,1,0,0,0,2,52,0,147,0,0,0,0
MaxHardwood@lemmy.ca,647,0,3,42,79,2,0,0,33,0,1,23,0,0,0,0,0,0,0,0,0,1,0,0,10,0,0,0,0,17,4,0,0,0
Today@lemmy.world,111,0,45,91,289,1,0,0,0,0,0,0,0,0,0,7,136,0,0,0,0,5,114,0,28,0,0,0,0,34,0,0,0,0
Rooki@lemmy.world,185,5,123,33,0,42,0,0,0,0,20,0,20,0,0,2,45,1,0,0,0,44,17,252,9,0,0,0,0,21,39,0,0,0
daskibby@lemmy.world,100,27,29,21,1,31,71,63,42,18,30,48,32,15,36,8,0,0,0,9,7,0,23,119,0,0,0,0,1,103,0,21,0,0
federalreverse@feddit.de,5,0,0,3,5,12,15,170,98,26,0,0,0,0,0,0,1,462,0,0,0,0,15,0,0,0,0,18,0,0,0,24,0,0
xLy@programming.dev,257,198,172,19,24,45,0,0,0,3,9,4,15,0,0,7,4,9,0,1,2,47,17,3,0,0,0,0,0,13,2,3,0,0
7eter@feddit.de,234,58,10,7,47,63,0,0,5,20,18,28,31,25,2,40,105,2,3,4,2,11,15,2,58,9,1,3,0,30,18,17,0,0
silvershrimp0@lemmy.world,3,3,9,51,281,2,13,37,0,0,0,3,3,21,0,0,0,0,222,3,5,0,0,124,3,2,0,49,1,12,0,0,0,0
Ninjabread@lemmy.ml,54,0,0,20,37,0,0,0,22,38,0,0,0,0,0,21,15,27,8,0,0,0,280,306,0,0,0,0,0,18,0,0,0,0
verb@mander.xyz,58,7,0,19,6,11,45,107,3,8,25,84,15,4,6,4,26,6,5,6,2,6,14,6,42,15,4,10,11,267,18,4,0,0
senkora@lemmy.zip,378,45,0,0,318,2,0,0,0,0,2,0,0,0,0,0,0,0,0,0,0,0,97,0,0,0,0,0,0,0,0,0,0,0
IchLiebeKetchup@feddit.de,27,6,0,0,0,142,0,0,0,0,0,0,67,0,0,0,0,0,7,0,0,0,396,0,157,0,0,0,0,39,0,0,0,0
angrath@mtgzone.com,56,6,5,19,5,14,60,107,3,6,28,82,16,3,5,3,26,5,5,13,4,1,14,6,53,6,2,12,12,234,23,3,0,0
Xanthippe@feddit.de,29,0,28,28,10,1,8,4,1,0,0,107,101,0,0,81,0,0,0,0,0,50,125,0,50,98,1,0,0,103,2,0,0,0
favrion@toast.ooo,366,3,0,0,15,80,4,0,0,0,59,223,42,4,0,0,1,0,3,0,2,10,1,0,0,0,0,14,0,33,18,3,0,0
mcdolan@lemmy.world,19,27,59,183,175,2,79,13,25,66,0,0,0,9,0,0,0,24,106,0,0,1,5,6,0,0,0,0,0,5,20,0,0,0
GreenProton@lemmy.blahaj.zone,61,0,1,0,0,0,0,0,0,0,482,2,0,0,0,0,0,0,0,0,0,270,6,0,0,0,0,0,0,0,0,0,0,0
SomeBoyo@feddit.de,171,0,17,40,197,23,0,0,0,2,2,0,72,0,0,0,25,0,0,0,0,23,0,0,7,0,0,0,16,219,0,0,0,0
Andy@lemmy.blahaj.zone,260,0,0,0,11,10,0,0,0,0,1,1,0,0,0,0,0,0,46,406,1,1,3,0,0,0,3,6,0,63,0,0,0,0
ethan@aussie.zone,0,0,0,0,0,1,0,0,0,0,0,0,0,0,0,0,0,0,0,0,0,0,767,42,0,0,0,0,0,2,0,0,0,0
Ramhorn01@lemm.ee,426,0,0,42,0,43,65,0,7,103,1,39,18,0,0,23,1,19,0,0,0,6,6,0,0,0,0,0,0,11,0,0,0,0
bstix@feddit.dk,325,16,30,23,187,8,0,12,28,32,2,5,2,3,0,0,1,8,0,0,0,9,16,0,0,0,0,0,7,68,10,13,0,0
Kookaburra@lemmy.world,84,0,0,0,58,12,0,0,0,4,22,49,95,0,0,79,57,0,0,0,0,75,69,2,6,56,59,45,0,22,6,0,0,0
Aequitas@feddit.de,334,0,0,40,1,24,0,13,81,0,2,73,1,0,0,0,0,0,0,0,0,5,0,0,0,0,3,0,0,171,1,47,0,0
_jj_@feddit.ch,1,0,5,7,55,169,0,0,0,0,0,0,0,0,0,0,0,0,0,0,2,134,40,0,0,0,0,0,0,382,0,0,0,0
krafting@lemmy.world,346,0,0,1,31,15,0,0,0,0,15,9,70,11,14,13,12,21,0,25,0,24,15,25,17,44,3,22,1,44,3,10,0,0
sky@slrpnk.net,51,7,1,2,2,11,56,94,12,6,25,74,28,2,9,6,12,5,4,5,4,4,20,5,33,7,15,14,11,244,17,4,0,0
whitleyodonne@lemmy.world,521,0,5,1,1,167,0,0,1,1,1,0,0,0,3,7,9,9,9,0,0,0,0,0,1,0,0,6,23,7,12,2,0,0
the_real_monte@sh.itjust.works,205,1,0,93,0,20,0,0,0,1,0,0,14,0,0,0,0,0,0,0,1,1,1,0,0,0,0,0,0,447,0,0,0,0
TosefJaylor@lemm.ee,257,0,43,63,18,4,4,14,0,0,22,1,0,0,0,0,0,0,0,0,0,14,0,0,0,0,0,9,0,129,0,206,0,0
eagleeyedtiger@lemmy.nz,137,0,1,24,16,4,0,0,24,51,0,1,1,0,0,1,2,16,2,1,0,99,32,146,0,1,0,62,0,163,0,0,0,0
BembelSommelier@feddit.de,189,1,41,13,0,108,0,0,3,0,0,0,0,0,0,95,55,10,0,0,4,22,44,22,4,0,0,0,0,113,13,40,0,0
yistdaj@pawb.social,139,0,0,0,0,2,0,0,0,0,50,90,23,5,4,135,174,77,0,0,0,8,43,0,24,0,0,0,1,0,0,0,0,0
C0RBEENO@toast.ooo,20,29,2,8,26,3,0,1,13,3,2,18,6,11,0,5,0,106,33,11,26,33,7,0,37,179,0,63,83,13,14,11,0,0
Mirodir@lemmy.fmhy.net,455,42,30,23,6,13,11,1,52,19,0,20,13,18,0,0,0,0,0,0,0,0,0,0,0,0,0,0,0,26,6,17,0,0
terkaz@discuss.online,33,0,0,0,0,64,51,0,0,0,57,0,81,0,0,0,0,0,0,2,57,6,155,0,6,0,0,3,0,235,0,0,0,0
unautrenom@jlai.lu,1,0,0,0,1,5,0,0,41,2,19,5,1,12,38,132,199,0,0,0,0,0,177,0,0,0,0,0,83,8,15,10,0,0
Globalwhole@lemmy.world,251,1,1,0,22,37,0,0,5,0,160,14,8,0,0,2,39,0,0,0,0,14,112,0,0,0,0,0,0,4,79,0,0,0
7eter@lemmy.ml,176,11,10,3,29,52,0,0,4,0,16,29,20,6,2,41,69,21,42,18,1,14,3,0,103,10,2,12,2,45,6,0,0,0
aircooledjenkins@lemmy.world,269,0,0,0,6,11,0,0,0,0,36,54,104,23,0,14,0,0,0,0,31,11,146,0,16,0,0,0,0,23,0,0,0,0
u_1f914@lemmy.world,88,0,4,39,5,0,0,0,0,0,282,10,120,8,0,0,0,0,0,0,0,0,73,0,0,0,0,0,0,114,0,0,0,0
SwingTheVine@lemmy.world,1,0,0,0,0,7,0,0,0,0,0,0,0,0,0,0,0,0,0,0,1,3,721,4,0,0,0,0,0,1,3,0,0,0
011@lemmy.world,41,0,0,0,8,7,0,0,5,0,0,0,1,0,0,0,120,0,0,0,0,0,276,0,0,0,0,0,0,280,0,0,0,0
viivol@lemm.ee,302,3,2,2,24,23,7,0,1,0,40,24,83,13,6,20,1,0,0,6,3,9,31,13,14,0,1,32,21,37,17,1,0,0
Staze@ani.social,129,0,0,0,0,45,0,0,0,0,163,0,0,0,0,145,142,0,0,0,0,50,61,0,0,0,0,0,0,0,0,0,0,0
SanguinePar@lemmy.world,493,0,0,0,0,10,0,0,0,0,0,2,48,4,0,8,10,0,0,0,0,28,89,0,0,0,0,0,8,35,0,0,0,0
Starman_x64@lemmy.world,195,51,38,14,27,38,18,3,1,2,0,1,195,9,0,0,0,0,0,0,0,0,0,119,0,0,0,0,0,3,16,5,0,0
BigChungus21@lemmy.world,74,43,12,6,13,12,0,0,0,2,6,22,31,17,1,12,0,0,0,13,87,68,77,4,31,31,1,119,28,18,2,0,0,0
talou@lemmy.ml,3,22,1,0,9,14,3,1,0,0,1,35,77,0,0,13,5,0,0,14,275,140,23,24,21,7,5,1,2,11,5,15,0,0
0_0@lemmy.world,138,23,0,0,0,0,0,0,0,0,0,0,257,94,0,0,0,0,0,0,0,0,0,0,0,0,0,0,0,165,47,0,0,0
lemming@feddit.de,433,14,0,0,0,11,0,0,0,0,17,0,95,38,0,0,0,0,0,0,0,0,1,0,78,0,0,36,0,0,0,0,0,0
WeirdAlex03@lemmy.zip,301,22,8,55,4,14,0,35,29,45,2,0,38,0,0,0,0,0,18,0,0,0,0,0,0,0,0,0,131,15,2,0,0,0
Cloudburst@lemmy.blahaj.zone,9,100,49,101,35,28,0,19,1,7,2,40,6,0,0,6,12,1,1,4,19,71,42,23,4,52,0,19,46,16,1,0,0,0
eqminmax@lemmy.world,429,6,22,0,0,48,0,0,0,0,5,0,0,0,0,0,101,84,0,0,2,9,6,0,0,0,0,0,1,0,0,0,0,0
Hidono@lemmy.world,2,3,0,0,80,0,0,10,197,80,13,56,16,0,0,0,0,0,2,0,0,0,92,43,0,0,0,4,0,44,68,0,0,0
frank@sopuli.xyz,472,0,6,32,13,9,0,0,0,0,0,0,0,9,0,0,0,0,33,9,1,4,0,86,12,5,0,0,0,14,0,0,0,0
Levsgetso@lemmy.zip,212,0,0,89,42,5,0,0,0,14,0,144,0,0,0,15,85,2,0,0,2,0,25,0,0,0,0,0,0,69,0,0,0,0
SummerIsTooWarm@lemmy.ml,171,4,0,0,7,0,0,5,58,2,0,163,17,0,0,12,6,0,0,0,0,18,4,0,0,3,0,24,8,81,6,115,0,0
Celestia@lemmy.world,14,70,1,0,0,279,0,3,0,0,11,5,3,39,1,20,4,0,2,1,16,61,50,19,37,17,15,20,0,14,0,0,0,0
Drinvictus@discuss.tchncs.de,26,0,0,0,0,147,0,12,0,0,0,0,12,0,0,0,0,0,0,0,0,1,49,0,0,0,0,1,0,453,0,0,0,0
vintprox@geddit.social,0,0,0,0,0,16,9,14,72,277,42,0,0,0,3,20,0,0,0,0,0,0,0,0,0,0,0,0,0,76,122,49,0,0
h3ndrik@feddit.de,124,0,0,0,2,1,0,0,0,0,18,30,148,0,0,32,0,0,0,0,0,51,72,0,53,18,0,0,0,137,10,0,0,0
patyk@lemmy.world,21,14,2,0,2,48,0,0,187,24,6,4,97,0,69,47,79,4,0,0,0,8,8,0,62,3,0,0,0,10,0,0,0,0
metarmask@sh.itjust.works,79,0,0,0,1,53,0,0,0,0,0,0,305,0,0,0,0,0,0,0,0,0,249,0,0,0,0,0,0,0,0,0,0,0
hawthornbunny@lib.lgbt,60,39,8,24,0,11,15,1,14,8,1,23,21,0,0,21,230,17,0,0,3,137,9,2,6,16,0,1,5,9,4,0,0,0
poot@sh.itjust.works,114,79,0,28,0,25,28,2,0,54,140,0,128,57,0,0,2,0,0,0,0,2,8,0,0,0,0,1,0,6,0,3,0,0
skillissuer@lemmy.world,96,3,9,75,12,18,0,0,2,0,0,0,119,3,0,0,68,12,0,0,0,9,110,0,0,0,0,0,0,140,0,0,0,0
rufus@discuss.tchncs.de,55,0,0,0,0,6,0,0,0,0,14,20,159,1,1,34,0,0,0,0,1,29,73,0,51,38,0,0,0,190,4,0,0,0
Olissipo@lemmy.pt,136,0,0,0,0,2,0,0,0,0,0,0,2,0,0,15,86,0,0,0,57,20,14,0,0,0,0,0,0,22,321,0,0,0
wetnoodle@toast.ooo,340,4,5,0,0,12,0,0,0,0,51,6,0,0,0,2,0,0,0,0,6,140,79,0,0,6,1,0,0,22,0,0,0,0
igorlogius@lemmy.world,95,0,0,0,0,26,0,0,0,0,81,13,56,120,0,0,0,0,0,0,0,0,10,0,3,105,0,2,0,161,0,0,0,0
ScandalFan85@feddit.de,271,0,0,0,0,0,0,0,0,0,0,0,204,0,0,0,0,0,0,0,0,0,9,0,0,0,0,0,19,168,0,0,0,0
frogman@beehaw.org,170,91,2,11,82,0,0,0,0,15,0,55,163,0,0,0,59,0,0,0,0,23,0,0,0,0,0,0,0,0,0,0,0,0
KiraKo@feddit.de,231,2,2,0,0,20,0,0,0,0,0,5,8,0,0,1,0,0,0,0,0,147,4,0,0,0,0,217,0,28,6,0,0,0
somerandomperson1231@lemmy.dbzer0.com,124,1,0,1,2,0,42,0,41,57,0,13,22,0,0,0,0,0,0,0,18,5,86,175,58,23,0,0,0,0,0,0,0,0
Atrabiliousaurus@lemmy.world,396,0,0,0,0,0,0,0,0,0,33,0,72,0,0,62,0,0,0,0,0,44,2,0,0,5,0,0,0,54,0,0,0,0
BlasphemicMantis@beehaw.org,16,0,6,0,0,128,0,0,0,0,0,0,3,0,0,1,0,0,0,0,0,0,12,0,469,0,0,0,0,0,0,32,0,0
Homestuck@lemmy.blahaj.zone,206,0,0,1,0,6,1,0,0,0,30,17,0,0,9,0,366,0,0,0,0,0,2,0,0,0,0,0,0,19,9,0,0,0
Aloso@programming.dev,106,0,1,15,18,2,0,0,0,1,35,0,48,0,8,1,1,1,0,0,11,199,8,1,12,26,0,158,0,7,0,0,0,0
ludrol@szmer.info,137,17,5,30,43,9,18,35,29,8,20,2,1,67,0,0,0,0,0,0,0,47,89,9,7,10,0,49,0,17,3,0,0,0
prepare4claire@lemmy.blahaj.zone,0,0,0,0,0,2,0,0,0,0,0,0,0,0,0,0,0,0,0,0,0,226,0,0,0,0,0,422,0,0,0,0,0,0
aelorius@jlai.lu,63,13,3,0,0,99,2,0,0,14,17,129,15,0,0,8,15,0,0,2,0,2,86,0,2,13,0,0,0,159,0,7,0,0
vaalen@feddit.nu,0,0,0,0,0,5,0,0,0,0,0,0,395,0,0,0,0,0,0,0,0,0,232,0,0,0,0,0,0,16,0,0,0,0
redw0rm@lemmy.fmhy.net,32,25,2,9,20,1,0,6,50,2,41,142,64,0,0,0,39,0,0,0,0,0,0,0,42,0,0,80,0,77,13,2,0,0
MLPixel@lemmy.world,17,14,34,7,9,18,0,21,19,12,22,45,30,26,21,46,7,11,5,28,18,58,43,26,20,32,0,19,6,28,0,0,0,0
simple@lemm.ee,139,4,0,7,3,17,0,0,6,0,55,9,75,117,0,0,0,0,0,0,10,36,91,0,37,24,0,0,0,0,12,0,0,0
CycoralFish@lemmy.world,29,70,15,63,68,12,1,2,4,8,18,9,23,26,1,9,3,22,0,7,74,36,20,25,42,19,2,8,4,6,15,0,0,0
exploringnano@nano.garden,314,15,76,11,4,54,45,11,0,13,64,12,1,0,0,0,5,0,0,0,0,2,0,0,0,1,8,0,0,4,0,0,0,0
ArieTheFloof@pawb.social,271,18,2,6,18,1,0,32,0,0,14,0,2,0,0,0,1,69,0,0,0,22,38,13,29,14,25,24,1,9,30,0,0,0
astrionic@beehaw.org,344,68,39,33,2,12,12,11,27,8,0,9,3,0,0,0,0,0,0,0,7,9,0,0,0,0,0,34,2,0,18,0,0,0
Otegon@programming.dev,187,80,94,7,28,28,0,0,0,7,12,4,19,1,0,10,21,4,0,0,0,54,26,11,2,6,1,4,11,15,2,3,0,0
mobcharacter@lemmy.world,64,0,0,0,0,32,0,0,0,0,130,0,0,0,0,147,113,0,0,0,0,62,65,0,9,0,0,0,0,13,1,0,0,0
Kflash2814@lemmy.world,192,72,7,5,90,11,0,0,0,4,2,15,19,5,0,2,1,17,56,8,3,22,8,2,7,6,0,50,2,24,5,0,0,0
atlas@reddthat.com,229,29,4,0,8,58,23,0,0,8,7,41,0,0,35,0,32,0,0,0,0,0,0,51,66,35,2,0,0,0,0,0,0,0
Setarkus@lemmy.world,201,0,0,47,5,5,0,0,0,0,0,1,0,0,84,106,97,35,46,0,0,0,0,0,0,0,0,0,0,1,0,0,0,0
CaptainBlagbird@lemmy.blahaj.zone,8,0,0,0,1,48,0,0,0,0,379,48,0,0,0,0,0,0,0,0,0,140,1,0,0,0,0,0,0,0,0,0,0,0
Fluttershy@lemm.ee,46,36,14,12,6,100,0,0,0,8,7,16,5,37,19,20,22,5,1,27,21,93,41,15,17,13,0,34,3,4,3,0,0,0
Pandantic@midwest.social,94,3,0,5,24,22,0,0,0,0,9,1,14,0,18,29,36,0,0,9,13,0,132,63,35,0,48,0,4,47,13,6,0,0
monerobull@monero.town,106,0,103,2,80,21,17,15,0,0,254,18,0,0,0,0,0,0,0,0,0,2,0,0,0,0,0,0,0,2,1,0,0,0
Sidge@lemm.ee,73,17,0,0,0,2,0,0,0,0,0,12,0,0,0,0,16,136,0,0,0,23,168,2,0,0,0,0,0,140,0,31,0,0
someguy3@lemmy.ca,27,46,72,0,1,13,0,0,1,0,46,96,1,0,0,16,61,97,0,0,0,0,0,0,0,0,0,0,1,85,0,53,0,0
PandaScarlett@lemmy.world,25,0,0,0,0,4,0,0,0,0,0,2,489,0,0,15,0,0,0,2,5,1,0,0,0,0,0,0,0,68,2,0,0,0
StillWatersPony@lemmy.world,5,74,13,27,7,1,0,0,5,0,0,10,8,13,0,0,16,64,71,82,17,8,39,55,19,2,0,35,16,22,1,0,0,0
LittleEndu@lemmy.world,40,58,6,89,6,0,27,40,40,48,0,0,0,0,4,0,3,25,0,0,10,15,28,38,23,0,29,27,12,3,0,35,0,0
Comfortablyglum@sh.itjust.works,132,6,24,1,0,57,0,0,0,0,35,17,2,0,10,0,0,140,0,0,7,89,14,0,0,2,1,16,10,38,1,0,0,0
dom@lemmy.ca,274,1,0,0,6,31,13,20,2,0,0,0,50,13,1,6,14,15,4,7,10,28,0,0,0,0,0,14,1,85,5,0,0,0
mxcory@lemmy.blahaj.zone,131,0,0,0,4,16,0,0,0,0,0,4,158,0,0,0,56,0,0,0,0,37,7,0,130,0,6,50,0,0,0,0,0,0
rookiTest@lemmy.world,63,3,90,35,0,5,0,0,0,0,0,0,8,0,0,39,36,1,0,0,0,29,17,227,9,0,0,0,0,0,36,0,0,0
kaida@feddit.de,32,0,0,13,9,6,0,0,0,4,15,0,18,0,0,16,0,0,2,2,0,106,48,6,21,0,0,133,0,146,0,20,0,0
Domkat@feddit.de,44,0,0,0,0,0,0,0,0,161,223,0,87,0,0,0,0,0,0,5,4,1,33,0,4,2,0,1,0,32,0,0,0,0
Wilker@lemmy.blahaj.zone,27,6,6,4,0,25,0,2,6,0,27,19,11,68,1,20,32,3,3,0,3,41,3,1,18,3,0,7,234,20,3,2,0,0
Tenthrow@lemmy.world,57,0,0,25,0,1,0,0,0,0,0,0,50,0,34,88,96,0,0,0,15,26,54,19,60,0,24,0,0,36,8,0,0,0
michl@sh.itjust.works,190,3,18,0,0,4,0,18,0,0,34,6,8,11,0,9,0,0,0,0,6,7,18,13,0,25,0,4,0,192,0,26,0,0
wowsa@lemmy.world,102,52,0,0,0,2,0,0,0,0,0,4,87,38,0,5,0,0,0,0,0,4,2,0,0,10,0,0,0,184,99,0,0,0
alaliliiso@casavaga.com,36,0,0,0,0,11,0,0,0,0,7,66,28,0,0,27,5,0,0,0,0,107,30,0,0,101,0,10,36,112,11,0,0,0
Navarian@lemm.ee,0,0,0,0,0,32,0,55,0,0,0,0,0,0,0,0,1,0,0,14,1,0,9,0,0,0,0,0,0,353,72,48,0,0
colares@lemmy.eco.br,0,0,0,0,0,0,0,0,0,0,0,0,194,0,0,0,388,0,0,0,0,0,0,0,0,0,0,0,0,0,0,0,0,0
ekZepp@lemmy.world,52,1,0,0,0,15,0,0,2,0,0,35,0,0,0,1,154,0,0,0,0,1,0,66,0,0,0,0,0,252,0,0,0,0
Prince_Jacko@lemmy.world,10,53,3,17,77,36,0,1,27,1,13,29,56,41,1,14,2,0,6,9,6,26,18,2,29,19,5,60,0,3,3,11,0,0
bolleeer@programming.dev,2,0,0,0,0,0,0,0,0,0,0,195,0,0,0,0,0,0,0,0,0,0,8,0,0,0,0,0,0,7,366,0,0,0
Psyblader@feddit.de,142,0,0,0,0,12,0,0,0,0,125,28,0,0,0,53,0,0,0,0,0,0,92,0,0,0,0,0,0,123,0,0,0,0
iso@sh.itjust.works,136,0,0,0,0,56,0,0,0,0,6,0,10,0,1,82,54,1,0,0,1,14,38,0,0,0,0,0,0,174,0,0,0,0
v0id@lemmy.fmhy.net,68,2,0,1,10,18,55,5,0,0,34,1,198,7,0,14,0,0,5,8,8,6,41,0,68,0,6,7,3,8,0,0,0,0
StoneyDcrew@lemmy.world,57,10,0,0,21,5,43,0,0,11,2,29,0,0,1,0,0,0,0,0,168,7,6,113,56,15,3,7,4,14,0,0,0,0
DerpyMan@lemmy.world,462,21,4,22,2,29,0,0,0,0,1,1,9,0,0,0,0,0,2,1,0,0,5,0,8,0,0,0,1,0,1,0,0,0
GGG@programming.dev,164,86,115,22,38,38,0,0,0,3,2,1,2,0,1,5,3,0,0,3,0,34,13,4,2,0,2,1,5,13,6,4,0,0
Cringedrif@lemmy.world,173,0,0,80,0,5,0,0,0,0,0,0,0,0,0,0,0,0,0,0,0,0,0,0,0,0,0,0,0,308,0,0,0,0
homestuckalt@lemmy.blahaj.zone,195,0,0,0,0,6,0,0,0,0,30,17,0,0,0,0,287,0,0,0,0,0,2,0,0,0,0,0,0,19,10,0,0,0
baked_horse@lemmy.world,8,41,17,23,36,17,0,0,1,8,0,21,14,0,0,0,0,31,5,21,9,53,13,27,22,21,4,73,80,14,6,0,0,0
ellypony@toast.ooo,52,67,26,12,2,10,32,60,87,105,20,10,0,59,0,0,0,0,0,11,0,0,0,0,0,0,1,10,0,0,0,0,0,0
aradgus@lemmy.ml,286,0,0,39,33,12,0,27,1,0,1,1,0,0,0,0,19,0,0,0,0,0,0,0,0,0,0,0,0,65,2,77,0,0
GeekFTW@beehaw.org,33,5,0,2,6,2,0,0,13,0,2,13,41,0,0,56,0,0,0,0,0,103,49,0,1,85,1,81,0,69,0,0,0,0
Sidge@toast.ooo,52,0,0,0,0,3,0,0,0,0,0,20,0,0,0,0,20,136,0,0,0,23,152,0,0,0,0,0,0,130,0,24,0,0
avk11@programming.dev,148,99,114,15,27,36,0,0,0,1,6,1,2,0,1,3,4,2,0,3,0,54,13,4,1,4,0,1,4,11,2,2,0,0
baggins@lemmy.ca,69,0,0,0,133,7,0,0,0,0,0,0,96,0,0,0,0,0,0,0,0,0,0,0,0,0,0,0,12,234,6,0,0,0
Vereinsmeier@feddit.de,13,0,0,0,0,2,0,0,0,0,0,0,443,0,0,0,0,0,0,0,0,0,0,0,0,0,0,0,0,98,0,0,0,0
Kid4today@lemmy.world,153,0,0,0,0,81,0,0,0,0,0,0,0,0,0,0,0,0,0,0,0,230,36,9,15,0,0,0,0,31,0,0,0,0
obbot@lemmy.world,169,0,0,0,0,10,0,0,0,0,37,9,55,12,14,12,24,1,24,4,21,2,29,3,43,7,32,0,21,11,13,0,0,0
LucidAurora@burggit.moe,6,0,0,0,0,5,0,0,0,0,0,0,0,0,0,0,0,0,42,476,0,8,0,0,0,0,0,2,0,14,0,0,0,0
yato@lemmy.fmhy.net,38,0,0,0,0,38,0,0,0,0,127,0,0,0,0,117,96,0,0,0,1,52,62,0,13,0,0,0,0,7,0,0,0,0
useless_modern_god@aussie.zone,7,0,0,0,0,76,0,0,0,0,0,0,0,0,0,0,0,0,0,0,0,65,5,0,0,0,0,0,0,398,0,0,0,0
radar@programming.dev,0,0,14,2,0,0,0,4,51,218,0,0,0,0,39,95,84,44,0,0,0,0,0,0,0,0,0,0,0,0,0,0,0,0
Flugratte@feddit.de,107,0,19,10,12,2,0,0,0,0,0,0,127,0,0,0,0,0,0,0,0,0,49,0,1,0,0,0,0,224,0,0,0,0
halferect@lemmy.world,19,0,0,0,0,6,0,3,25,0,0,51,50,18,0,45,0,0,0,0,0,0,46,0,43,112,29,49,6,47,0,0,0,0
ThePowerOfGeek@lemmy.world,50,0,0,0,0,10,0,0,0,0,0,0,4,0,0,0,43,0,104,0,0,0,18,19,0,0,0,0,0,195,104,0,0,0
Anissem@lemmy.ml,144,0,0,0,0,9,0,0,0,0,18,0,18,0,0,0,42,0,0,0,0,0,178,1,22,0,0,0,0,114,0,0,0,0
SmallAlmond@lemmy.dbzer0.com,32,2,14,0,2,33,0,0,2,8,1,0,6,2,12,12,51,0,0,0,105,18,95,2,97,0,0,7,2,34,8,0,0,0
Xai@lemmy.world,78,0,0,0,0,0,39,0,0,0,8,10,0,45,0,0,0,0,0,0,0,53,46,18,2,149,0,92,3,0,2,0,0,0
rustyraven@aussie.zone,0,0,0,0,0,9,0,0,0,0,0,0,0,0,0,0,0,0,0,0,0,0,265,0,0,0,0,0,0,270,0,0,0,0
sugar@toast.ooo,423,2,14,7,5,8,0,0,0,0,0,0,0,0,0,0,0,0,0,0,3,0,2,0,2,0,0,0,1,63,12,0,0,0
fortified_banana@beehaw.org,253,2,1,1,79,3,0,0,10,28,0,0,75,0,0,0,0,0,0,0,0,8,0,22,33,0,0,7,12,1,0,0,0,0
walderan@sh.itjust.works,62,0,0,0,0,0,0,0,0,0,0,0,0,0,0,0,0,0,0,0,0,0,466,0,0,0,0,0,0,0,0,0,0,0
lionir@beehaw.org,226,89,0,5,17,8,0,1,0,22,0,2,118,0,0,3,0,0,0,0,0,12,5,0,0,18,0,0,0,0,0,0,0,0
wertnert80@lemmy.world,141,38,21,20,64,5,32,9,7,0,0,1,75,7,4,20,25,0,4,12,9,0,6,0,0,0,0,20,0,0,2,0,0,0
null@slrpnk.net,0,0,0,1,0,2,0,0,0,0,0,0,59,0,0,0,0,0,0,0,0,138,0,0,0,0,0,0,0,193,127,0,0,0
CoLa666@feddit.de,32,0,0,0,4,60,0,0,0,0,29,13,176,1,9,25,25,1,0,1,5,12,41,0,19,4,1,0,0,61,0,0,0,0
Behelitus@lemmy.world,91,0,0,0,19,20,0,50,1,31,0,0,0,0,0,0,24,0,0,0,0,37,0,0,0,0,0,0,0,245,0,0,0,0
Polobu@lemmy.world,34,9,0,0,6,23,4,6,2,0,0,2,23,48,0,1,0,24,51,0,18,56,11,6,67,10,37,56,13,7,3,0,0,0
Dschingis_Pelikan@feddit.de,2,0,0,0,0,91,0,0,0,0,0,0,0,0,0,0,0,0,0,0,0,0,0,0,422,0,0,0,0,0,0,0,0,0
Ward4sh@lemmy.world,0,8,5,5,9,3,113,26,11,7,0,7,148,7,0,17,27,1,0,61,45,0,0,0,0,0,0,15,0,0,0,0,0,0
romano@lemmy.shtuf.eu,0,77,124,102,75,5,0,2,0,0,0,0,0,0,0,0,0,0,0,0,0,0,27,21,0,0,0,0,0,40,40,0,0,0
Cevedale@feddit.de,49,0,11,2,0,1,0,0,0,0,0,4,57,0,0,0,3,0,0,0,0,0,8,0,0,0,0,14,9,331,0,21,0,0
whatsinausername@lemmy.world,30,20,1,0,0,10,0,263,83,89,0,0,10,0,0,0,0,0,0,0,0,0,0,0,0,0,0,0,0,0,0,0,0,0
Redjard@lemmy.dbzer0.com,146,5,1,0,0,16,0,0,0,0,0,2,149,4,11,5,0,0,0,0,0,5,0,0,16,4,0,0,0,141,0,0,0,0
bmatrix@lemmy.world,15,3,0,0,0,0,0,0,0,0,0,0,13,0,118,12,53,12,0,0,0,11,222,27,0,0,0,0,0,13,1,0,0,0
s0up@lemmy.world,259,6,0,26,5,6,0,0,0,0,0,0,85,0,0,0,1,0,0,0,0,12,35,0,1,0,0,0,0,64,0,0,0,0
12510198@lemmy.blahaj.zone,0,0,0,0,0,0,0,0,0,0,229,96,38,0,0,0,0,0,0,0,11,37,9,0,74,0,0,0,0,0,0,0,0,0
kyle03@lemmy.world,41,0,0,0,2,12,0,0,0,1,0,0,2,0,3,0,2,0,0,0,0,0,359,0,58,0,0,0,0,3,11,0,0,0
OADINC@feddit.nl,48,0,0,0,0,14,0,0,0,14,83,0,43,0,0,0,27,0,0,0,0,0,85,0,1,0,0,0,0,176,0,0,0,0
chloyster@beehaw.org,80,31,0,17,2,2,0,10,0,92,0,0,236,0,0,0,0,0,0,0,0,0,0,0,0,0,0,9,0,0,10,0,0,0
brawleryukon@lemmy.world,58,0,0,57,5,18,0,236,0,0,2,7,6,0,0,0,7,0,0,0,4,9,0,0,2,2,8,1,7,49,1,7,0,0
johnhamelink@lemmy.ml,0,0,0,0,0,46,0,0,0,0,0,0,0,0,0,0,0,0,0,0,0,0,440,0,0,0,0,0,0,0,0,0,0,0
1011@lemmy.one,37,0,0,0,8,2,0,0,4,0,0,0,0,0,0,0,115,0,0,0,0,0,177,0,0,0,0,0,0,140,0,0,0,0
InternationalKnee69@feddit.de,56,0,37,13,0,20,0,0,0,0,17,1,36,0,0,0,17,0,0,0,0,40,76,0,38,21,0,32,0,67,10,0,0,0
duckyluuk@lemm.ee,295,0,3,2,0,4,0,0,6,0,2,3,8,0,0,23,4,3,11,5,0,6,24,3,10,2,0,22,7,22,15,0,0,0
myedition8@lemmy.world,297,1,0,0,0,20,0,0,0,0,33,14,0,0,0,0,93,0,0,0,2,0,2,0,6,0,0,9,0,0,0,0,0,0
Robaque@feddit.it,0,0,0,0,0,0,0,0,0,0,3,8,8,3,3,7,42,0,1,3,4,10,7,3,2,7,1,34,28,285,15,0,0,0
hitwright@lemmy.world,84,0,0,0,29,8,0,1,18,1,0,12,40,23,0,7,0,10,0,0,0,0,37,0,0,0,0,0,0,22,182,0,0,0
lutillian@sh.itjust.works,1,0,0,0,0,0,0,0,1,0,1,0,0,0,0,0,0,0,0,0,0,2,461,0,0,0,0,0,0,7,0,0,0,0
NoHopeUnderBlackSun@lemmy.world,24,14,24,24,15,8,0,0,0,0,0,4,12,15,0,4,9,5,0,0,76,108,32,0,16,0,1,22,36,1,0,23,0,0
hark@lemmy.world,101,3,12,1,0,162,4,12,0,27,6,64,9,18,0,0,0,0,0,0,14,0,19,0,0,2,1,0,0,16,0,0,0,0
JudahBenHur@lemm.ee,120,0,11,0,0,11,1,0,106,8,0,0,0,0,0,0,0,0,0,0,2,0,0,0,0,0,0,0,0,192,20,0,0,0
Redjard@lemmy.world,166,5,5,0,0,25,0,0,0,0,0,2,115,11,7,1,0,0,0,0,0,3,1,0,16,1,0,0,0,110,2,0,0,0
morrowind@lemmy.ml,19,47,0,26,47,8,0,0,0,0,0,0,0,0,0,0,0,322,0,0,0,0,0,0,0,0,0,0,0,0,0,0,0,0
brgo@lemmy.nz,113,0,0,0,0,2,0,0,1,0,50,0,0,0,0,0,0,0,0,0,0,0,118,4,0,0,0,0,0,181,0,0,0,0
Redjard@lemmy.ml,163,4,1,0,0,15,0,0,0,0,0,2,111,2,10,3,0,0,0,0,0,1,0,0,23,3,0,0,0,125,2,0,0,0
larktreblig@sh.itjust.works,264,0,0,0,0,20,0,0,0,0,23,2,4,0,0,0,7,0,0,0,54,39,22,0,0,0,0,0,0,27,0,0,0,0
norwedish@lemmy.federated.club,1,0,0,0,0,3,0,0,0,0,274,0,0,0,0,0,0,0,0,0,0,0,112,0,0,0,0,0,0,0,72,0,0,0
Manwaffles@lemmy.world,5,19,8,6,18,17,0,7,8,0,35,31,40,7,0,0,0,2,1,3,16,11,2,0,0,0,0,6,0,80,50,90,0,0
NoToPropaganda@lemmy.world,33,9,13,8,14,199,0,1,0,62,0,0,0,0,0,5,0,0,0,0,0,23,0,0,14,7,3,1,28,9,18,13,0,0
osrsneedsf2p@lemmy.ml,195,0,0,0,0,21,0,0,0,0,0,0,1,0,0,0,0,0,0,243,0,0,0,0,0,0,0,0,0,0,0,0,0,0
EldradUlthran@lemmy.world,176,23,12,29,11,3,0,0,0,0,0,0,0,0,2,4,8,1,11,0,0,3,0,0,0,0,0,0,13,64,58,42,0,0
memementor@beehaw.org,1,4,1,0,0,88,0,0,0,0,0,17,5,29,0,45,0,0,0,0,0,99,8,0,0,15,0,102,9,34,1,0,0,0
OtherPetard@feddit.nl,17,0,0,0,243,0,0,0,0,0,6,39,2,0,0,3,61,32,0,0,0,3,40,0,0,9,0,0,0,3,0,0,0,0
Hikyuri@lemmy.world,115,0,0,0,6,1,36,7,0,0,0,26,9,8,5,29,5,1,0,0,0,20,42,37,44,0,0,1,2,9,36,18,0,0
itsyourmom@lemmy.world,282,0,0,0,0,0,1,0,0,0,0,0,0,0,0,0,7,0,0,0,0,3,34,0,0,0,0,0,0,129,0,0,0,0
Xamrica@lemmings.world,0,0,0,0,0,0,0,0,0,0,0,0,1,0,0,0,0,0,0,0,0,0,11,295,0,0,0,0,0,149,0,0,0,0
Xkdrxodrixkr@feddit.de,9,0,0,0,0,1,0,0,0,0,0,0,0,0,0,0,0,0,0,0,0,243,0,0,0,0,0,201,0,0,0,0,0,0
sidecar@lemmy.world,56,0,0,0,0,16,0,32,0,0,4,0,7,0,0,16,0,0,12,22,23,42,100,0,34,0,2,0,0,87,0,0,0,0
itszednotzee@lemmy.antemeridiem.xyz,247,2,16,0,0,0,0,0,0,0,0,0,3,8,0,0,0,0,0,0,0,9,0,0,0,0,0,168,0,0,0,0,0,0
sarahnya@lemmy.blahaj.zone,0,0,0,0,0,1,0,0,0,0,33,14,1,1,0,0,0,0,0,0,0,245,0,0,0,0,0,155,0,1,0,0,0,0
BoltSlayer@lemmy.world,16,48,2,1,4,30,0,1,4,2,10,35,22,2,0,51,9,8,14,8,7,4,45,11,34,25,7,31,8,9,0,2,0,0
Gingernate@lemmy.world,384,0,0,0,0,6,0,0,0,0,0,0,1,0,0,54,1,0,0,0,0,0,1,0,0,1,0,0,0,0,0,0,0,0
lexihexi@lemmy.blahaj.zone,47,4,3,7,4,3,0,15,1,15,10,2,66,4,0,0,24,0,0,0,4,71,18,0,18,46,11,60,13,0,0,2,0,0
Tilted@programming.dev,5,0,0,0,0,0,0,0,0,0,0,0,0,0,0,0,0,0,0,0,0,0,0,0,0,0,0,0,0,440,0,0,0,0
ThatVeganTeacher@lemmy.world,7,7,2,16,11,92,0,1,1,24,24,18,26,61,1,2,0,0,0,1,5,8,17,9,10,9,0,19,0,63,11,0,0,0
TwinkleSprinkle@lemmy.world,11,15,0,2,15,13,0,0,0,3,8,19,6,5,0,12,2,16,18,2,77,26,15,0,20,1,3,91,57,8,0,0,0,0
pine@lemm.ee,97,15,2,1,0,1,0,0,0,0,0,10,95,0,0,0,0,0,0,0,0,0,220,0,0,0,0,0,1,0,0,0,0,0
kindernacht@lemmy.world,333,0,0,0,2,2,0,0,0,0,0,91,1,0,2,0,1,0,0,0,0,7,0,0,0,0,0,0,0,2,0,0,0,0
WinniesButthole@lemmy.world,152,0,0,56,11,0,0,39,134,46,0,0,0,0,0,2,0,0,0,0,0,0,0,0,0,0,0,0,0,0,0,0,0,0
carpark2@lemmy.world,60,0,0,0,0,15,0,0,0,0,0,0,141,0,0,0,0,0,0,0,0,0,34,1,0,0,0,0,0,189,0,0,0,0
thomsbe@red.cyberhase.de,118,0,0,6,23,39,0,0,0,12,23,0,26,0,37,71,54,13,0,0,0,9,8,0,0,0,0,0,0,0,0,0,0,0
sparky678348@lemm.ee,5,0,0,0,0,24,0,0,0,0,6,16,1,0,0,0,0,0,0,0,0,73,0,0,0,0,39,0,0,275,0,0,0,0
kilgore_trout@feddit.it,148,62,0,0,0,0,45,10,0,0,0,53,4,0,0,0,1,3,0,0,0,0,91,0,3,0,0,0,0,2,14,2,0,0
brightfadeddog@sh.itjust.works,0,0,0,0,0,20,0,0,0,0,0,0,0,0,0,0,0,0,0,0,0,0,297,0,0,0,0,0,0,120,0,0,0,0
SharkEatingBreakfast@sh.itjust.works,53,32,5,20,31,54,0,0,0,0,4,13,1,0,0,0,3,0,0,0,0,134,12,0,14,0,0,23,7,12,19,0,0,0
EldradUlthran@lemmy.blahaj.zone,89,13,5,8,4,3,0,0,0,0,0,0,0,0,0,2,6,0,0,0,0,0,0,0,0,0,0,0,15,193,53,46,0,0
vgnbsxl@feddit.de,29,0,0,0,0,2,0,0,0,0,12,0,70,0,0,0,71,34,29,0,18,0,32,0,73,12,0,0,0,53,0,0,0,0
AntiHeroChris@lemmy.world,130,0,0,0,0,6,44,41,0,12,0,0,3,0,0,0,0,0,0,0,0,0,0,0,4,0,0,0,0,14,178,0,0,0
StomachGraveyard@lemmy.world,12,3,3,18,10,86,0,2,1,24,21,19,39,65,1,2,0,0,0,1,5,9,13,10,8,7,0,22,0,43,8,0,0,0
shukufuku@lemmy.ml,394,0,0,0,0,0,0,0,0,0,0,0,0,0,0,0,37,0,0,0,0,0,0,0,0,0,0,0,0,0,0,0,0,0
Gamer_Lab2@lemmy.world,13,12,20,33,23,9,45,2,7,9,3,7,20,7,3,5,14,9,2,0,4,4,22,1,2,15,17,81,6,36,0,0,0,0
PLS_PM_ME_UR_NUDEZ@szmer.info,0,6,1,1,13,58,9,2,0,0,0,0,72,9,4,14,16,3,0,2,37,86,14,13,0,0,2,67,0,0,0,0,0,0
freddo@feddit.nu,67,13,0,0,0,2,0,2,7,6,0,0,37,0,0,0,0,0,0,0,1,90,186,0,0,0,0,1,0,16,0,0,0,0
CoachDom@lemmy.blahaj.zone,33,0,0,0,0,14,0,0,0,0,302,32,0,0,0,0,0,0,0,0,0,31,13,0,0,0,0,0,0,0,0,0,0,0
Snipe_AT@lemmy.atay.dev,260,0,0,0,0,15,0,21,0,0,0,0,49,0,0,0,0,0,0,0,0,8,26,0,0,0,16,10,0,20,0,0,0,0
chop@discuss.tchncs.de,61,0,0,0,0,0,0,0,0,0,0,0,56,0,11,0,0,0,0,0,0,0,39,0,0,0,0,0,0,257,0,0,0,0
Wilta3r_@lemmy.world,51,36,50,14,0,25,0,0,4,9,0,0,0,0,0,42,0,18,0,0,0,44,13,0,0,0,47,71,0,0,0,0,0,0
larktreblig@lemmy.world,158,0,0,0,0,12,0,0,0,0,21,0,14,0,0,6,6,0,0,0,53,38,78,0,0,0,0,0,0,36,0,0,0,0
Lokoschade@feddit.de,207,0,0,0,0,0,0,0,0,0,0,0,58,0,0,0,0,0,0,0,0,0,0,0,0,0,0,0,0,155,0,0,0,0
Blue_eyed_Fox@lemmy.world,19,5,2,27,35,0,0,0,0,16,0,14,6,0,0,3,7,28,0,0,19,22,47,103,29,22,0,16,0,0,0,0,0,0
Elchi@feddit.de,114,0,0,0,0,1,0,0,0,0,0,39,121,10,0,0,0,0,0,0,0,0,0,0,0,0,0,0,2,128,5,0,0,0
StarMage@lemmy.blahaj.zone,123,0,0,0,0,21,0,0,0,0,0,0,4,0,0,11,72,21,0,0,23,83,57,0,0,0,0,0,0,5,0,0,0,0
sortofblue@lemmy.nz,140,0,0,0,0,9,0,0,121,16,0,0,0,0,0,0,0,46,76,0,0,0,9,0,0,0,0,0,0,0,0,0,0,0
Wolferatu@feddit.ch,241,0,0,0,0,10,18,1,0,0,0,0,0,0,0,0,0,0,0,0,6,10,32,0,0,0,0,17,0,79,0,0,0,0
stuckbylightning@reddthat.com,0,4,0,0,0,83,0,0,0,0,0,12,18,29,0,46,0,0,0,0,0,58,32,0,0,18,0,82,9,21,0,0,0,0
xenotor@lemmy.world,0,4,0,0,0,83,0,0,0,0,0,15,17,29,0,36,0,0,0,0,0,82,17,0,0,16,0,57,12,44,0,0,0,0
lailxd@lemmy.world,55,51,74,75,53,1,0,7,26,29,0,4,24,8,0,0,0,0,0,0,0,0,0,0,0,0,0,0,0,0,0,2,0,0
julianh@lemm.ee,10,1,6,0,0,11,0,0,0,0,1,50,55,0,0,44,0,0,0,0,1,64,49,0,0,45,0,5,0,67,0,0,0,0
GravityRushed@sh.itjust.works,0,4,0,0,0,97,0,0,0,0,3,41,7,16,0,30,0,0,0,0,0,77,15,0,0,15,3,67,10,23,0,0,0,0
Grishaix@feddit.de,156,0,2,6,0,0,0,0,0,0,0,0,0,0,0,143,36,0,0,0,0,0,0,0,0,0,0,0,0,65,0,0,0,0
lay@lemmy.sdf.org,181,0,0,0,0,9,0,0,0,0,0,0,0,0,0,0,44,0,0,0,0,0,0,0,0,0,0,0,0,173,0,0,0,0
Plaz_ma@lemmy.world,45,10,33,57,62,18,2,0,4,0,0,0,25,12,0,0,0,0,0,0,0,0,62,7,0,0,48,21,0,0,0,0,0,0
Quills@sh.itjust.works,18,41,59,32,13,10,0,5,0,8,0,2,5,22,0,0,7,3,39,0,2,2,14,45,13,10,1,19,0,35,0,0,0,0
borke@sh.itjust.works,128,0,0,0,0,7,0,0,0,0,0,0,61,0,0,0,0,0,0,0,0,0,161,0,0,0,0,1,0,47,0,0,0,0
SNeedlewoods@monero.town,39,0,105,1,0,20,1,0,0,0,228,2,0,0,0,0,4,0,0,0,0,0,0,0,0,0,0,0,0,4,0,0,0,0
Jwhardcastle@beehaw.org,95,0,0,0,37,2,0,0,0,0,0,8,116,0,0,14,0,0,0,0,0,6,15,0,0,0,0,0,0,110,0,0,0,0
bringtogethernow@lemm.ee,2,3,1,0,0,102,0,0,0,0,0,44,2,33,0,21,0,0,0,0,0,82,16,0,0,12,5,57,0,22,0,0,0,0
anonymous1691294527@lemmy.world,137,2,0,0,0,0,0,0,0,0,0,0,65,48,1,35,36,9,0,0,0,26,0,0,0,0,0,0,43,0,0,0,0,0
KeepssMe@lemmy.world,49,17,0,3,67,5,0,0,0,0,0,0,0,0,0,12,0,0,0,0,36,20,11,21,16,26,4,40,56,0,17,0,0,0
Kuroame@ani.social,50,0,0,0,2,1,0,0,5,0,0,12,8,0,0,3,3,25,0,0,0,0,5,0,0,0,0,32,0,31,223,0,0,0
Jesster@lemmy.blahaj.zone,2,3,0,0,0,81,0,0,0,0,0,10,2,30,0,48,0,0,0,0,0,88,10,0,0,11,0,88,9,17,0,0,0,0
Ad5001@lemmy.world,0,0,11,9,24,5,0,0,53,15,1,11,0,0,34,29,109,1,0,0,0,0,0,0,0,0,0,0,0,39,33,25,0,0
thebluecorner@lemmy.world,0,0,0,0,0,3,0,0,0,0,0,0,0,0,0,0,0,0,0,0,0,3,386,4,0,0,0,0,0,0,3,0,0,0
SandyCheeks@lemmynsfw.com,1,4,1,0,0,97,0,0,0,0,0,11,23,17,0,40,0,0,0,0,0,81,15,0,0,13,0,71,8,17,0,0,0,0
Nittick@lemmy.world,218,15,0,0,0,16,0,0,0,0,0,14,0,0,0,82,14,14,0,0,0,2,0,0,0,0,0,0,1,19,3,0,0,0
alextheturtle@lemmy.blahaj.zone,0,0,0,0,0,19,0,0,0,0,225,143,0,0,0,0,0,0,0,0,0,2,9,0,0,0,0,0,0,0,0,0,0,0
anonymous1691295108@lemmy.world,147,0,0,0,0,0,0,0,0,0,0,0,62,53,2,36,31,7,0,0,0,28,0,0,0,0,0,0,30,0,0,0,0,0
CadburyCream@feddit.nl,1,4,1,0,0,104,0,0,0,0,0,17,3,3,0,12,0,0,0,0,0,123,23,0,0,12,1,59,0,33,0,0,0,0
PdizzleParker@lemmy.world,16,44,6,31,21,15,0,0,43,7,2,5,0,0,4,3,0,14,42,0,18,27,26,16,14,0,0,16,4,12,8,0,0,0
anonymous1691293996@lemmy.world,146,0,0,0,0,0,0,0,0,0,0,0,50,47,0,35,38,9,0,0,0,24,0,0,0,0,0,0,45,0,0,0,0,0
legomannetje@lemmy.henknet.org,80,0,0,0,0,0,0,0,0,0,109,0,0,0,0,0,0,0,0,0,0,0,64,0,0,0,0,0,0,18,122,0,0,0
VenyX@lemmy.world,81,28,65,2,0,25,0,0,14,0,1,0,10,63,0,0,4,5,0,0,0,25,47,2,0,0,0,0,0,21,0,0,0,0
Manger@lemmy.nz,1,3,1,0,0,79,0,0,0,0,1,22,21,30,0,44,0,0,0,0,0,91,6,0,0,15,3,56,10,9,0,0,0,0
beezlebug@feddit.de,272,40,15,5,16,11,0,0,0,0,1,0,0,0,0,0,0,0,0,0,3,6,2,0,0,0,0,0,0,6,13,2,0,0
fr75s@lemmy.world,169,8,12,5,26,7,0,0,0,0,0,5,21,0,0,0,2,2,0,0,13,0,0,32,0,0,0,0,1,0,85,3,0,0
beezlebug@lemmy.world,272,37,13,7,12,12,0,0,0,0,2,0,0,0,0,0,0,0,0,0,4,5,2,0,0,0,0,0,0,7,13,2,0,0
popol_monopol@jlai.lu,116,38,1,0,1,9,0,0,0,0,0,4,55,47,0,0,0,0,0,0,0,0,1,0,0,0,0,0,0,92,24,0,0,0
bamboozledgoblin@lemmy.ml,11,8,0,0,0,0,2,0,18,128,64,43,0,0,16,18,22,56,0,0,0,0,1,0,0,0,1,0,0,0,0,0,0,0
imonboard@lemmy.world,56,0,0,3,2,22,0,0,0,84,13,0,16,0,12,0,17,0,9,0,9,17,2,0,0,0,0,0,0,121,0,0,0,0
koorool@sopuli.xyz,10,0,0,0,0,13,0,0,0,0,0,0,132,9,7,1,0,7,5,6,0,1,191,0,0,0,0,0,0,0,0,0,0,0
Drukob@feddit.de,48,1,16,1,0,0,0,0,0,0,24,1,59,0,0,10,0,0,1,0,0,14,33,0,0,0,0,1,0,172,0,0,0,0
Setarkus@mander.xyz,152,0,0,46,4,4,0,0,0,0,0,0,0,0,38,34,52,3,48,0,0,0,0,0,0,0,0,0,0,0,0,0,0,0
bb010g@lemmy.blahaj.zone,24,0,10,2,9,1,2,17,0,2,0,77,21,14,0,27,0,4,4,2,4,56,33,0,1,36,0,1,0,34,0,0,0,0
magichorse@lemmy.world,9,8,31,56,36,6,0,0,21,24,8,12,23,0,28,13,27,36,0,0,6,0,0,0,0,0,0,0,0,17,4,15,0,0
56_@lemmy.ml,0,0,0,0,0,4,0,0,0,0,0,0,47,0,0,0,45,0,0,0,60,47,57,0,0,0,0,0,0,117,0,0,0,0
aaa@lemmy.blahaj.zone,54,0,0,32,0,46,0,0,0,0,0,0,0,0,0,0,0,0,0,0,0,23,0,0,71,0,0,5,0,0,137,8,0,0
anonymous1691296202@lemmy.world,145,1,0,0,0,0,0,0,0,0,0,0,56,40,0,38,35,9,0,0,0,24,0,0,0,0,0,0,27,0,0,0,0,0
Max@nano.garden,78,0,35,8,4,41,17,12,0,0,20,0,0,0,0,0,0,0,6,11,1,0,134,0,0,0,0,0,0,0,7,0,0,0
GFish@lemm.ee,255,0,0,0,0,3,0,0,0,0,0,0,0,0,33,0,17,0,0,0,0,0,38,0,0,0,0,4,0,24,0,0,0,0
L_Take@lemm.ee,225,0,0,0,0,16,0,0,0,0,0,0,0,0,26,0,22,0,0,0,0,0,38,0,0,0,0,4,0,41,0,0,0,0
mike@postit.quantentoast.de,3,0,0,0,0,8,0,0,0,0,0,0,3,1,0,0,0,0,0,173,16,0,96,62,9,0,0,0,0,0,0,0,0,0
porn@burggit.moe,90,3,2,0,0,23,0,0,0,0,0,0,113,11,7,3,0,0,0,0,0,4,0,0,16,2,0,0,0,95,1,0,0,0
KargarocP4@startrek.website,190,0,2,8,54,37,0,0,0,0,0,4,5,55,0,0,0,0,0,0,4,9,0,0,0,0,0,0,0,1,0,0,0,0
Romben@lemmy.ca,10,19,0,38,72,1,0,0,0,1,0,6,78,0,0,0,0,0,0,0,0,0,98,35,0,0,9,2,0,0,0,0,0,0
mokpo@lemm.ee,3,0,4,2,7,0,2,4,14,4,35,1,12,3,2,0,10,16,12,18,0,22,118,13,16,8,4,2,19,5,6,6,0,0
LightnyCrimson@lemmy.world,34,9,1,2,3,41,0,0,0,0,7,2,6,23,3,18,1,0,0,1,7,67,56,4,8,8,1,29,11,18,6,0,0,0
Grumer@feddit.de,37,59,0,0,0,17,0,44,0,19,17,28,0,0,0,0,0,0,46,8,0,4,8,23,26,0,0,0,0,20,10,0,0,0
Claymore@lemm.ee,94,0,0,12,19,0,43,40,24,4,0,0,2,0,0,0,0,0,0,0,0,0,9,0,0,0,0,0,0,118,0,0,0,0
beteigeuze@feddit.de,65,17,0,0,0,0,0,0,0,0,0,0,163,0,0,0,0,0,0,0,0,0,3,0,45,0,0,12,0,56,0,4,0,0
chris261090@feddit.de,132,61,11,21,6,2,0,0,0,0,0,0,83,1,0,0,15,0,0,0,0,0,0,0,0,0,0,5,9,18,0,0,0,0
Aloso@lemmyrs.org,29,0,0,10,10,0,0,0,0,0,18,0,6,0,5,0,0,0,0,0,8,105,2,0,11,9,1,148,0,0,0,0,0,0
President_Pyrus@feddit.dk,3,0,0,0,0,20,0,0,0,0,0,0,0,0,0,0,0,0,0,0,0,3,3,0,0,0,0,0,0,333,0,0,0,0
mitkah@feddit.de,8,6,2,2,3,3,1,0,35,4,0,0,10,11,6,192,0,65,0,0,0,0,10,0,0,0,0,2,1,0,0,0,0,0
rookiCookie@lemmy.world,41,4,88,0,0,9,0,0,0,0,1,0,8,0,0,38,15,0,0,0,0,29,0,76,8,0,0,0,0,0,41,0,0,0
glim@lemmy.world,20,0,0,0,0,6,0,0,2,0,0,0,1,3,0,0,0,0,0,0,31,0,6,5,126,87,0,69,0,0,0,0,0,0
AbsolutDestruction@lemmy.world,3,0,0,35,0,2,0,0,0,0,63,0,0,0,0,0,73,0,0,0,0,31,87,0,0,0,0,0,0,0,61,0,0,0
CatotheCat@lemmy.world,15,0,0,4,2,2,0,0,12,35,0,37,28,0,0,0,0,0,0,0,0,177,0,0,0,0,0,0,0,43,0,0,0,0
rexvizsla@lemmy.world,228,1,31,10,2,0,0,0,3,0,0,0,29,0,0,0,0,0,0,0,39,0,0,0,0,0,11,0,0,0,0,0,0,0
drbluefall@toast.ooo,121,0,0,0,0,11,0,7,0,0,0,0,0,0,0,0,0,0,0,0,14,164,29,0,0,0,0,0,0,6,0,0,0,0
pornalt@reddthat.com,92,4,0,0,1,11,0,0,0,0,0,0,109,11,7,9,0,0,0,0,0,1,0,0,18,0,0,0,0,87,2,0,0,0
Solaryo@lemmy.world,5,0,0,0,0,8,0,0,0,0,19,0,14,0,0,0,159,40,0,0,0,14,23,0,28,0,16,0,0,24,2,0,0,0
sami@lemmy.zip,3,0,1,0,0,41,0,3,0,0,0,120,0,0,0,0,63,0,0,5,0,1,31,0,0,0,0,0,0,48,16,20,0,0
ace@lemmy.ananace.dev,54,0,0,0,0,0,0,0,0,0,0,0,10,0,0,0,0,0,0,0,0,0,283,0,1,0,0,0,0,1,0,0,0,0
Snek@feddit.ch,39,0,0,0,0,28,0,0,0,0,0,0,0,0,0,0,8,0,0,0,0,0,1,0,0,0,0,0,0,257,0,15,0,0
pronalt@lemmynsfw.com,95,2,1,0,0,10,0,0,0,1,0,0,104,11,9,2,0,0,0,0,0,2,0,0,21,2,0,0,0,87,0,0,0,0
opperhenk@lemmy.henknet.org,76,0,0,0,0,1,0,0,0,0,108,0,0,0,0,0,0,0,0,0,0,0,69,0,0,0,0,0,0,18,74,1,0,0
diemehrheit@feddit.de,161,0,0,0,0,0,0,0,0,0,0,0,6,0,0,0,0,0,0,0,0,0,0,0,0,0,0,0,0,179,0,0,0,0
Gam3r_Lab3@lemmy.world,0,14,26,27,27,7,46,1,7,17,8,5,28,11,1,0,9,5,0,0,4,1,29,0,2,3,8,40,6,14,0,0,0,0
GaWran@lemmy.world,174,0,0,16,4,0,0,0,0,0,0,24,35,0,0,0,8,0,4,0,0,0,81,0,0,0,0,0,0,0,0,0,0,0
tinhoso_indolente@lemmy.eco.br,132,1,4,0,0,41,0,0,0,0,0,0,42,0,0,0,112,0,0,0,0,0,13,0,0,0,0,0,0,0,0,0,0,0
totally_notAcat@lemmy.blahaj.zone,213,0,0,0,0,0,0,0,0,0,0,1,0,0,0,1,0,0,0,0,0,121,0,1,0,0,0,7,0,1,0,0,0,0
TemeK@lemm.ee,172,0,0,0,0,16,0,0,0,0,0,0,0,0,0,0,0,0,0,0,0,0,155,0,0,0,0,0,0,0,0,0,0,0
lavafroth@programming.dev,76,1,26,5,1,2,0,0,0,0,0,0,12,188,1,0,0,0,3,23,5,0,0,0,0,0,0,0,0,0,0,0,0,0
Nate@postit.quantentoast.de,4,0,0,0,0,10,0,0,0,0,5,4,2,0,0,0,0,0,0,138,34,0,41,68,35,0,0,0,0,1,0,0,0,0
pronalt@pornlemmy.com,79,4,2,0,0,10,0,0,0,0,0,0,110,12,7,0,0,0,2,0,0,1,1,0,20,1,0,0,0,92,1,0,0,0
Zephyr@lemmy.blahaj.zone,45,9,0,0,81,0,0,0,138,0,1,0,24,0,0,0,0,0,0,0,0,0,23,0,0,0,13,6,0,0,0,0,0,0
windeule@feddit.de,11,0,0,0,0,0,0,0,0,0,45,0,59,0,0,0,49,0,0,0,68,0,34,0,9,30,0,0,0,34,0,0,0,0
squaresinger@feddit.de,129,0,0,0,3,21,0,0,0,0,0,0,0,0,0,0,0,0,0,0,0,0,0,0,0,10,0,0,1,173,1,1,0,0
mjdiliscia@lemm.ee,56,0,0,0,12,2,0,0,0,17,0,0,3,4,0,0,37,19,0,0,0,94,38,2,0,0,0,0,0,36,19,0,0,0
cwilliams@beehaw.org,32,14,0,0,0,12,0,0,0,0,108,2,0,0,0,10,113,0,0,0,0,1,0,0,0,17,0,2,0,22,3,2,0,0
Lhlmarques@lemmy.world,203,0,0,0,0,10,0,0,0,0,0,0,73,0,0,0,0,0,0,0,6,0,0,0,29,1,0,14,0,1,0,0,0,0
scew@lemmy.world,98,2,0,0,0,0,0,0,0,0,0,0,2,1,62,108,53,2,1,0,0,0,0,0,0,0,0,0,0,5,0,0,0,0
ThetaDev@lemmy.fmhy.net,6,63,8,2,4,3,0,0,24,142,69,0,0,0,0,0,0,0,0,0,0,6,2,4,0,0,0,0,0,0,0,0,0,0
A10@kerala.party,0,13,7,2,22,5,4,6,3,0,28,30,28,0,0,4,47,0,0,0,0,6,4,0,0,1,0,0,0,92,30,1,0,0
idkwhattoputasmyusername@lemmy.world,206,0,0,6,0,1,0,0,2,3,1,8,11,0,0,14,3,0,0,6,0,4,9,6,0,6,3,3,7,21,10,3,0,0
inlandempire@jlai.lu,13,0,0,1,3,25,0,0,0,0,0,0,0,0,0,0,31,9,0,0,1,11,89,21,0,0,0,1,10,98,18,0,0,0
lemmyrob23@geddit.social,54,0,0,0,0,18,24,0,0,0,1,0,0,0,0,0,7,0,0,0,0,0,10,0,0,0,0,0,0,215,0,0,0,0
Hondadude719@lemmy.world,72,3,17,1,44,0,0,0,0,0,0,0,1,10,0,0,0,23,1,0,23,32,7,0,12,77,0,5,0,0,0,0,0,0
slowpowke@nano.garden,63,1,33,0,7,39,16,13,0,0,16,3,0,0,0,0,0,0,6,10,0,1,118,0,0,0,0,0,0,0,1,0,0,0
sherman@kerala.party,0,2,5,14,26,3,2,12,1,3,21,17,41,0,0,2,5,0,0,0,0,34,2,0,0,3,1,0,0,86,40,7,0,0
admin@nano.garden,66,8,30,0,2,39,19,12,0,0,22,0,0,0,0,0,0,0,6,11,1,0,103,0,0,0,0,0,0,0,7,0,0,0
Henk4Life@lemmy.world,67,0,1,1,9,49,0,0,22,31,85,0,11,0,0,2,0,0,0,0,0,4,26,0,0,0,0,0,0,0,18,0,0,0
Ow0cast@sh.itjust.works,51,0,0,0,0,0,0,0,0,0,0,3,11,0,0,0,82,164,0,0,0,0,10,0,0,5,0,0,0,0,0,0,0,0
SuperApples@lemmy.world,207,0,0,0,0,3,0,0,0,0,0,0,0,0,0,0,24,0,0,0,0,0,0,0,0,0,0,0,0,91,0,0,0,0
NotSpez@lemmy.world,0,0,0,0,0,32,0,0,0,0,0,0,0,0,0,0,4,0,0,0,0,0,0,0,0,0,0,53,71,164,0,0,0,0
soullioness@lemmy.world,68,1,0,1,81,60,0,2,2,10,0,9,5,0,33,0,0,20,0,0,1,18,4,0,0,2,0,6,0,0,0,0,0,0
Tekomepossenomo@lemmy.world,0,0,0,0,0,0,0,0,0,0,0,0,0,0,0,0,187,8,0,0,0,0,37,0,0,0,0,0,0,79,12,0,0,0
Fish@midwest.social,75,0,1,0,0,11,82,21,20,0,40,1,5,1,0,0,0,0,0,0,8,18,0,1,0,0,26,2,10,1,0,0,0,0
Kagemaru@lemmy.world,3,31,93,45,0,7,0,0,21,9,0,0,0,6,0,4,0,6,0,0,0,1,6,2,33,2,13,17,0,18,0,5,0,0
CriticalSilence@feddit.de,123,5,2,6,10,1,0,0,0,0,0,0,0,0,0,36,15,0,0,0,0,0,0,0,0,0,0,0,57,66,0,0,0,0
1henno1@feddit.ch,0,0,0,0,0,44,0,0,0,0,3,0,6,0,0,0,4,0,0,0,17,223,15,0,1,0,0,0,0,4,0,0,0,0
Brickhead92@lemmy.world,250,0,0,0,0,0,0,0,0,0,0,2,1,32,0,11,0,0,0,0,0,0,0,0,0,0,0,0,0,20,0,0,0,0
SicParvisMagna@feddit.nu,0,0,0,0,0,0,0,0,0,0,0,0,55,0,0,0,0,0,0,0,0,1,254,0,0,0,0,0,0,6,0,0,0,0
heeeeeeee@lemmy.world,7,123,0,0,0,40,0,0,0,0,0,0,0,0,0,0,0,0,0,0,42,44,56,1,0,0,0,0,0,0,0,0,0,0
kencombos@lemmy.world,51,66,8,0,0,22,33,3,2,0,0,0,0,0,0,0,0,0,0,0,8,26,60,2,0,0,2,29,0,0,0,0,0,0
WhatThaFudge@lemmy.sdf.org,5,0,0,0,0,2,0,1,0,0,1,49,58,1,0,33,2,0,0,0,1,29,48,0,0,43,2,2,0,35,0,0,0,0
Olgratin_Magmatoe@lemmy.world,9,1,0,1,0,0,0,0,210,10,7,1,51,15,0,0,0,0,0,0,0,0,0,0,0,0,0,1,0,5,0,0,0,0
spread@programming.dev,115,0,0,1,0,1,1,0,0,0,0,0,0,0,0,0,0,0,0,0,2,5,58,0,0,0,0,0,0,128,0,0,0,0
President_Pyrus@lemmy.world,3,0,0,0,0,11,0,0,0,0,0,0,0,0,0,0,0,0,0,0,0,1,0,0,0,0,0,0,0,294,0,0,0,0
SMB@lemmy.world,141,30,3,0,0,3,0,0,0,0,0,0,16,0,0,0,0,0,1,6,13,2,0,3,11,17,3,14,35,5,2,3,0,0
mr_buscemi@lemmy.blahaj.zone,24,24,47,62,37,0,71,42,0,0,0,0,0,0,0,0,0,0,0,0,0,0,0,0,0,0,0,0,0,0,0,0,0,0
varikvalefor@yiffit.net,6,0,0,0,0,26,0,0,0,104,0,0,5,0,0,0,4,0,0,0,0,0,45,0,0,1,0,0,0,21,95,0,0,0
rookiDev@lemmy.world,24,4,87,0,0,2,0,0,0,0,3,0,6,0,1,37,14,2,0,0,0,28,0,83,0,0,0,0,0,0,16,0,0,0
Mystimorphix@lemmy.ml,111,2,24,9,23,2,2,0,0,0,5,28,35,18,0,0,0,0,0,0,0,6,4,0,0,0,1,3,20,8,1,1,0,0
usuario@lemmy.ml,41,0,0,0,0,2,2,0,6,3,103,20,0,0,59,2,21,7,0,0,0,18,4,0,6,0,0,0,1,1,7,0,0,0
Traditional_Stick_49@lemmy.world,45,15,1,11,5,0,1,0,0,0,0,0,0,0,0,0,0,0,0,0,21,2,2,14,0,0,56,73,0,0,50,7,0,0
DrDerrek@lemmy.world,10,0,2,10,0,6,0,8,9,1,0,0,0,0,0,0,0,1,0,0,0,250,0,0,0,0,0,0,0,6,0,0,0,0
lambdabeta@lemmy.ca,1,0,0,0,0,3,0,0,0,0,0,0,0,8,0,11,0,0,0,0,0,0,17,0,0,1,0,3,0,138,119,0,0,0
0xmrtt@lemmy.ml,0,4,0,20,9,2,0,0,12,4,0,0,21,43,0,35,14,0,0,0,0,25,32,1,41,0,0,0,24,14,0,0,0,0
LadyAutumn@lemmy.blahaj.zone,3,0,0,0,3,0,0,0,0,0,0,0,0,0,0,0,0,0,0,0,0,166,0,0,0,0,0,128,0,0,0,0,0,0
kersploosh@sh.itjust.works,176,1,0,0,0,38,0,0,0,0,0,0,12,3,0,14,0,0,0,0,0,29,0,24,0,0,0,0,3,0,0,0,0,0
swordthensnow@lemmy.world,0,0,0,0,0,0,0,0,0,0,0,18,4,0,0,6,0,0,0,0,0,8,65,0,0,3,0,0,0,195,0,0,0,0
cyyypher@lemmy.world,0,0,3,0,0,7,1,0,0,0,3,0,180,0,0,0,0,0,0,0,0,0,0,0,104,0,0,0,0,0,0,0,0,0
zurchpet@lemmy.ml,31,13,2,40,17,78,0,0,0,9,0,0,0,0,0,0,0,0,0,0,0,0,0,12,7,27,0,0,0,61,0,0,0,0
embit@feddit.de,289,0,0,0,0,6,0,0,0,0,0,0,0,0,0,0,0,0,0,0,0,0,0,0,0,0,0,0,0,0,0,0,0,0
Froot_lloop@lemmy.world,85,0,0,0,0,13,0,0,0,0,0,0,0,0,0,0,0,0,0,0,0,0,0,179,0,0,1,0,0,17,0,0,0,0
stebo02@lemmy.dbzer0.com,26,0,0,0,0,41,0,0,0,1,0,9,16,5,0,0,7,0,0,0,17,9,77,0,0,0,0,0,4,47,36,0,0,0
GAHZT@lemmy.world,109,120,0,0,2,17,0,0,5,3,0,0,0,0,0,0,2,0,0,0,0,0,3,0,0,0,0,0,0,30,3,0,0,0
Doremy@lemmy.world,83,1,0,0,0,4,33,27,1,0,0,4,72,2,0,0,0,0,0,0,2,5,0,19,0,0,7,12,0,22,0,0,0,0
18107@aussie.zone,0,0,0,0,0,3,0,0,0,0,0,0,2,0,0,0,0,0,0,0,0,6,44,0,0,0,0,7,0,231,0,0,0,0
alis@lemmy.world,35,0,0,0,0,1,0,0,0,0,7,22,16,0,0,14,0,0,0,0,0,46,25,0,0,26,0,10,36,54,0,0,0,0
miketocool@lemmy.world,13,54,3,8,6,2,11,0,15,25,0,0,1,0,0,0,33,0,0,0,45,21,23,7,13,2,0,0,5,5,0,0,0,0
kali_hero@lemmy.world,0,0,0,0,0,3,0,2,0,3,178,1,2,0,0,0,10,0,0,0,0,0,17,0,6,0,0,41,0,28,0,0,0,0
techie@lemmy.world,71,0,66,51,88,2,0,0,0,0,0,0,2,0,0,0,0,0,0,0,0,11,0,0,0,0,0,0,0,0,0,0,0,0
weew@lemm.ee,282,0,0,0,0,9,0,0,0,0,0,0,0,0,0,0,0,0,0,0,0,0,0,0,0,0,0,0,0,0,0,0,0,0
kamad@lemmy.world,87,0,2,0,0,2,0,0,0,0,0,0,0,0,0,0,0,0,0,35,52,30,83,0,0,0,0,0,0,0,0,0,0,0
bappity@lemmy.world,1,0,0,0,0,20,0,0,0,0,0,0,0,0,0,0,0,0,0,0,0,130,10,0,0,0,0,130,0,0,0,0,0,0
neonridex@lemmy.world,69,0,0,0,0,0,0,0,0,0,0,0,24,0,0,0,0,0,0,0,0,0,103,0,0,0,0,0,0,95,0,0,0,0
0xmrtt@toast.ooo,0,0,0,11,7,2,0,0,14,3,0,0,19,11,0,21,12,0,0,0,0,69,22,1,35,0,0,0,29,31,3,0,0,0
AGWallace@nano.garden,35,1,28,20,5,33,8,16,0,1,11,0,0,0,0,0,0,0,6,12,1,0,113,0,0,0,0,0,0,0,0,0,0,0
American_Jesus@lemm.ee,5,0,0,2,11,4,0,0,0,0,3,0,6,14,1,25,92,0,0,0,25,21,9,0,0,0,0,0,0,12,58,0,0,0
chunk@lemmy.world,93,0,1,1,0,81,0,0,0,0,92,0,0,0,0,0,0,0,0,0,0,0,0,0,0,0,20,0,0,0,0,0,0,0
Waluigi@feddit.de,286,0,0,0,0,1,0,0,0,0,0,0,0,0,0,0,0,0,0,0,0,0,0,0,0,0,0,0,0,0,0,0,0,0
tavarin@lemmy.ca,134,0,15,25,15,4,0,0,0,0,14,0,56,0,0,0,0,0,0,0,0,0,3,2,0,0,1,0,0,11,7,0,0,0
Fireplant@lemmy.world,11,0,0,0,0,8,0,0,0,0,0,61,61,0,0,0,0,0,0,0,0,70,75,0,0,0,0,0,0,0,0,0,0,0
mmagian@lemmy.ml,0,0,0,0,0,2,0,0,0,0,1,50,22,0,0,8,0,0,0,0,1,13,154,0,0,4,0,0,0,31,0,0,0,0
Ziggurat@sh.itjust.works,132,0,0,0,0,1,0,0,0,0,0,0,0,0,0,0,0,0,0,0,0,0,61,0,0,0,0,0,0,89,2,0,0,0
Gizmodeus@lemmy.blahaj.zone,0,0,0,0,0,86,0,0,0,0,161,0,0,0,0,0,0,0,0,0,0,37,0,0,0,0,0,0,0,0,0,0,0,0
ytrav@lemmy.world,83,0,6,8,9,0,0,0,0,0,0,0,60,0,0,0,0,36,0,0,0,0,57,0,0,0,0,0,0,25,0,0,0,0
StarMage27@lemm.ee,62,0,0,0,0,28,0,0,0,0,0,0,0,0,0,0,65,0,0,0,29,46,54,0,0,0,0,0,0,0,0,0,0,0
Lyrosel@lemmy.world,84,2,22,12,25,2,3,0,0,0,6,28,34,23,0,0,0,0,0,0,0,3,6,0,0,0,0,7,17,9,1,0,0,0
burrito82@feddit.de,0,0,0,0,0,1,0,0,0,0,0,0,166,0,0,7,0,0,0,0,0,0,20,0,1,0,0,0,0,88,0,0,0,0
MebHi@lemmy.world,14,0,0,0,0,43,0,0,0,0,0,0,0,0,0,0,0,0,0,0,0,0,73,0,0,0,0,0,0,152,0,0,0,0
Daudix@lemmy.world,24,0,0,2,5,36,0,2,1,0,0,0,8,19,3,25,21,0,0,0,0,25,3,0,49,18,18,0,19,4,0,0,0,0
bibliotectress@lemmy.world,71,0,0,33,0,13,12,24,0,0,0,0,10,0,0,0,0,0,0,0,96,6,5,0,0,2,0,0,0,8,0,1,0,0
ThetaDev@lemmy.world,2,52,9,1,2,4,0,0,26,121,64,0,0,0,0,0,0,0,0,0,0,0,0,0,0,0,0,0,0,0,0,0,0,0
Monologue@lemmy.world,60,0,0,0,0,24,0,41,0,27,0,0,0,0,0,0,0,0,0,0,0,0,0,0,0,0,0,0,16,108,0,0,0,0
klaymore@sh.itjust.works,10,2,0,0,0,21,0,0,0,0,0,5,13,0,0,0,0,0,0,6,0,154,62,0,0,0,0,2,0,0,0,0,0,0
tanker405th@lemmy.ml,0,0,0,0,0,0,0,0,0,0,0,0,0,0,0,0,0,0,0,0,0,275,0,0,0,0,0,0,0,0,0,0,0,0
mp3@lemmy.ca,103,0,0,0,0,36,0,0,0,0,0,0,0,0,1,0,0,0,0,0,0,0,38,0,0,0,0,0,0,97,0,0,0,0
SmirkSergal@pawb.social,90,25,7,12,12,5,0,0,0,0,0,5,30,0,0,0,0,0,0,0,0,0,2,0,0,0,0,1,1,58,21,3,0,0
lvl3_eroticism@lemmynsfw.com,60,0,0,105,13,10,0,0,0,0,0,0,0,0,0,0,0,0,0,0,0,0,0,0,0,0,0,0,0,0,0,84,0,0
ludw@beehaw.org,0,0,0,0,0,0,0,0,0,0,0,0,149,0,0,0,0,0,0,0,0,0,117,0,0,0,0,0,0,6,0,0,0,0
DutchPowerFuckAll@lemmy.world,87,0,0,1,3,32,0,0,3,0,89,0,2,0,0,3,0,0,0,0,0,3,27,0,0,0,0,0,0,2,20,0,0,0
freo3579@lemmy.world,2,0,0,0,0,8,0,0,0,0,0,3,0,0,2,42,32,0,0,0,1,4,1,0,0,0,0,0,0,176,0,0,0,0
sashimi@lemmy.world,101,0,0,16,0,0,0,0,2,0,4,23,27,2,0,0,0,0,3,0,48,30,6,0,0,0,0,0,0,8,0,1,0,0
dakerDraws@pawb.social,66,0,0,0,52,0,0,0,0,0,0,1,2,0,0,0,2,0,0,0,0,25,1,0,91,0,0,28,0,2,0,0,0,0
jo3rn@feddit.de,63,0,0,0,0,24,3,0,24,7,0,0,10,0,0,0,56,0,0,0,0,0,0,0,2,13,35,19,8,6,0,0,0,0
418@postit.quantentoast.de,2,0,0,0,0,6,0,0,0,0,0,0,1,1,0,0,0,0,0,169,11,0,7,61,8,0,0,0,0,4,0,0,0,0
enjoy_slurm@lemmy.world,40,0,0,13,195,1,0,0,0,0,0,1,0,17,0,0,0,0,0,0,0,0,0,0,0,0,0,0,0,2,0,0,0,0
Slayan@lemmy.ca,33,0,0,0,0,0,0,0,0,0,0,0,0,0,0,0,0,0,0,0,0,0,132,0,0,0,0,0,0,103,0,0,0,0
kala_telo@lemmy.blahaj.zone,5,0,34,0,0,1,0,0,0,0,0,0,0,0,0,5,0,0,0,0,3,0,0,0,47,23,39,111,0,0,0,0,0,0
lemmonadeguy@lemmy.world,174,8,0,0,3,25,0,1,4,1,0,0,0,0,1,0,0,0,0,0,0,0,3,0,0,0,0,0,0,44,2,0,0,0
GrantFive@lemmy.world,215,0,0,2,0,186,0,0,0,2,0,0,0,0,0,0,0,0,0,0,0,0,0,0,0,0,0,0,3,1,2,3,0,0
Oxnvat@lemmy.world,26,0,0,0,10,2,0,29,20,58,0,0,0,0,0,0,0,0,0,0,0,90,0,0,0,0,0,0,0,30,0,0,0,0
samc@lemmy.nz,218,0,0,0,0,4,0,0,9,0,0,0,0,0,1,1,12,0,0,0,0,0,2,17,0,0,0,0,0,0,0,0,0,0
AdrianTheFrog@lemmy.world,175,30,0,0,0,12,0,0,0,0,25,0,0,0,0,11,0,0,0,0,0,0,11,0,0,0,0,0,0,0,0,0,0,0
ithilwen@lemmy.world,106,0,0,0,0,5,0,0,0,0,0,0,0,17,0,3,0,0,0,0,0,2,4,0,24,60,41,0,0,0,0,0,0,0
p9j823f@lemmy.world,28,0,0,0,0,0,0,1,14,19,7,28,0,43,0,0,0,0,0,0,0,2,9,0,37,0,0,22,0,38,13,0,0,0
DeepCockGalactic@pornlemmy.com,84,0,0,0,0,2,0,0,0,0,6,16,54,0,0,0,0,0,0,0,0,0,69,0,0,0,0,0,0,29,0,0,0,0
JudeH@lemmy.world,96,0,0,7,0,0,0,0,17,0,11,9,12,1,0,0,0,0,3,0,53,32,6,0,0,0,0,0,0,2,5,6,0,0
Hikyuri@lemmynsfw.com,65,0,0,0,0,2,24,6,0,0,1,24,0,10,0,0,0,0,0,0,0,6,17,37,30,0,0,0,1,8,19,10,0,0
SeeStars@midwest.social,141,0,0,9,27,13,0,0,0,0,1,10,27,0,0,0,0,0,0,0,6,0,25,0,0,0,0,0,0,0,0,0,0,0
kvothelu@lemmy.world,183,0,5,1,0,0,2,6,2,31,0,0,0,0,0,0,3,0,0,0,0,8,8,0,0,0,0,0,0,0,8,1,0,0
beta_tester@lemmy.ml,15,0,0,0,0,0,0,0,0,0,10,0,0,0,0,0,0,0,0,0,0,0,38,0,30,0,0,0,0,165,0,0,0,0
kat@feddit.de,66,0,0,0,0,16,0,0,0,0,0,0,17,0,0,0,0,0,0,0,0,2,72,0,76,0,0,0,0,8,0,0,0,0
johnnei@lemmy.johnnei.org,97,2,0,0,0,47,0,0,0,0,13,0,5,0,0,0,2,0,0,79,0,3,5,0,0,0,0,3,0,0,1,0,0,0
Nath@aussie.zone,0,0,0,0,0,0,0,0,0,0,0,0,0,0,0,0,0,0,0,0,0,0,253,3,0,0,0,0,0,0,0,0,0,0
hitagi@ani.social,9,9,10,7,5,0,0,0,0,0,0,0,0,0,0,0,0,0,0,0,0,0,0,0,131,9,0,63,10,0,2,0,0,0
duckington@lemmy.world,0,0,0,0,0,9,0,0,0,0,0,0,0,0,0,0,0,0,0,0,0,144,102,0,0,0,0,0,0,0,0,0,0,0
user68k@wired.bluemarch.art,126,0,0,0,0,7,0,0,0,0,31,2,0,0,0,0,79,0,0,0,0,0,9,0,0,0,0,0,0,0,0,0,0,0
starflower@lemmy.blahaj.zone,68,4,10,21,9,47,1,1,0,0,0,3,3,0,0,0,0,0,0,2,0,1,16,4,19,0,18,12,5,4,3,3,0,0
raposia@lemmy.world,49,6,0,0,0,9,0,0,25,0,0,0,0,17,0,0,0,0,0,5,14,0,34,72,0,0,0,0,0,22,0,0,0,0
dddw@lemm.ee,0,0,0,0,0,0,0,0,0,0,0,0,73,0,0,0,179,0,0,0,0,0,0,0,0,0,0,0,0,0,0,0,0,0
pickles@lemmy.blahaj.zone,1,12,0,0,0,0,0,0,0,0,127,47,0,0,0,0,0,0,0,0,0,53,0,12,0,0,0,0,0,0,0,0,0,0
Shizukan@lemmy.world,181,0,5,4,0,1,0,0,0,0,0,0,0,0,0,8,0,0,0,0,0,1,0,44,2,0,0,0,0,0,2,1,0,0
Xotor@feddit.de,155,0,0,0,0,0,0,0,0,0,0,0,33,0,1,0,0,0,0,0,0,0,0,0,0,0,0,0,0,59,0,0,0,0
lemmyrob23@lemmy.world,53,0,0,0,0,25,12,0,0,0,2,0,0,0,0,0,10,0,0,0,0,0,14,0,0,0,0,0,0,130,0,0,0,0
LeftRedditOnJul1@lemmy.world,88,5,0,0,0,9,0,0,0,0,35,0,27,0,0,30,21,0,0,0,0,0,31,0,0,0,0,0,0,0,0,0,0,0
deras@sopuli.xyz,0,0,0,0,0,1,0,0,0,6,0,3,0,0,0,0,0,0,0,0,2,0,211,0,0,0,0,0,0,21,1,0,0,0
Sal@mander.xyz,96,0,0,0,6,1,0,2,0,0,0,72,0,0,0,1,8,7,0,0,10,2,0,0,0,0,0,15,0,25,0,0,0,0
Zeku@feddit.de,41,0,0,0,0,1,0,0,0,0,19,0,70,0,0,0,0,0,0,0,0,0,67,0,2,0,0,0,0,44,0,0,0,0
Seroel@lemmy.blahaj.zone,68,4,31,9,16,4,7,1,0,0,8,17,32,19,0,0,0,0,0,0,1,2,4,0,0,0,0,2,14,5,0,0,0,0
Rukmer@lemmy.world,65,0,0,0,48,0,0,0,0,27,0,6,0,0,31,3,1,48,5,0,0,2,5,0,0,2,0,0,0,0,0,0,0,0
Dreyns@lemmy.ml,107,42,39,16,2,2,0,0,7,0,0,0,0,0,0,4,0,0,0,0,0,4,5,0,0,0,0,0,0,5,3,6,0,0
ImTiagoSousa@lemmy.world,0,0,0,0,0,0,0,0,0,0,0,0,53,0,0,0,101,0,0,0,0,0,0,0,0,0,0,0,3,85,0,0,0,0
drunnells@lemmy.world,6,0,0,0,0,16,1,0,0,0,0,0,10,18,0,0,0,0,0,0,0,0,9,2,0,180,0,0,0,0,0,0,0,0
mauzg0d@lemmy.world,28,166,8,4,0,0,0,0,0,15,0,0,0,0,0,0,13,0,0,0,0,0,8,0,0,0,0,0,0,0,0,0,0,0
gtaEPIC@lemmy.world,27,11,0,0,0,12,0,0,0,0,0,0,0,0,0,0,0,0,0,0,0,39,17,11,0,0,12,111,0,1,0,0,0,0
Demigodrick@lemmy.zip,9,0,0,0,0,0,0,13,2,1,0,215,0,0,0,0,0,0,0,0,0,0,0,0,0,0,0,0,0,1,0,0,0,0
atake@lemm.ee,58,17,21,59,39,4,0,0,0,0,0,5,10,0,0,0,0,0,0,0,0,0,1,0,0,0,0,0,0,27,0,0,0,0
Jayvmou@lemm.ee,0,0,0,0,0,0,0,0,0,0,0,0,82,0,0,0,159,0,0,0,0,0,0,0,0,0,0,0,0,0,0,0,0,0
Vivhai@lemmy.blahaj.zone,56,8,0,1,8,2,57,5,0,0,0,7,5,1,0,9,4,0,0,0,0,6,33,11,0,0,0,0,15,12,0,0,0,0
dabster291@lemmy.zip,8,0,0,0,0,11,0,0,0,0,1,0,191,0,0,1,26,0,0,0,0,0,0,0,0,0,0,0,0,0,0,0,0,0
20wontons@lemmy.world,128,28,6,3,0,9,0,2,0,0,1,10,1,0,0,0,0,7,0,0,0,0,0,13,0,0,0,14,0,16,0,0,0,0
Aras@feddit.de,138,0,0,0,4,12,0,0,0,0,0,6,4,0,0,0,0,0,0,0,0,0,0,0,0,0,0,6,2,62,4,0,0,0
Kokaut@feddit.de,20,0,0,0,0,4,0,0,0,0,0,0,116,0,0,0,0,0,0,0,0,1,0,0,0,0,0,0,0,95,2,0,0,0
L5s@lemmy.world,13,0,0,4,0,7,0,0,0,0,3,0,0,0,0,21,0,0,0,0,0,101,27,0,0,0,0,9,0,8,17,27,0,0
Chloyster@lemm.ee,43,27,0,17,0,0,0,0,0,81,0,0,67,0,0,0,0,0,0,0,0,0,0,0,0,0,0,0,0,0,0,0,0,0
Ritsu4Life@lemmy.world,216,8,0,0,0,0,1,0,0,0,0,0,0,0,0,0,0,0,0,0,4,6,0,0,0,0,0,0,0,0,0,0,0,0
IPimpMickeyMouse@lemmy.world,2,0,0,9,3,0,20,17,0,9,2,88,3,23,0,0,0,0,0,0,29,11,0,0,2,0,1,1,5,6,0,4,0,0
ClamDrinker@lemmy.world,106,0,0,0,0,39,0,0,0,0,0,0,0,1,0,0,18,0,0,0,0,0,0,0,0,0,0,0,66,5,0,0,0,0
Coaster@lemmy.world,0,6,0,0,0,3,0,0,0,0,0,25,9,10,0,8,14,0,0,10,57,35,1,7,6,0,0,27,0,16,0,0,0,0
L4s@lemmy.world,9,0,0,6,0,4,0,0,0,0,3,0,0,0,0,18,0,6,0,0,0,100,36,0,0,0,0,7,0,7,13,25,0,0
Jax@programming.dev,45,46,55,0,0,6,0,0,0,1,0,1,6,0,0,0,6,1,0,0,0,46,8,1,7,1,0,0,0,0,0,4,0,0
Rainbow@lemmy.myserv.one,8,1,0,3,7,68,0,0,0,9,0,14,3,9,0,13,0,7,0,10,7,49,9,4,3,1,0,0,0,3,4,0,0,0
ChadThunderCock@lemmy.world,27,0,0,1,0,8,66,15,19,0,51,2,0,0,0,0,0,0,0,0,6,28,0,0,0,0,9,0,0,0,0,0,0,0
nevergonnagive@lemmy.ca,142,0,2,0,8,25,0,0,0,0,0,0,0,0,0,0,0,0,0,0,0,0,55,0,0,0,0,0,0,0,0,0,0,0
portside@monyet.cc,82,4,0,0,5,20,0,0,0,0,22,0,0,0,0,0,32,36,0,0,0,0,17,0,2,0,0,0,0,12,0,0,0,0
Kleysley@discuss.tchncs.de,28,0,0,0,0,1,0,2,0,0,0,0,0,0,0,0,0,0,0,0,0,138,32,0,0,0,1,0,0,30,0,0,0,0
Xelnoc@lemmy.blahaj.zone,14,0,33,0,0,39,0,0,0,0,30,0,0,0,0,0,2,1,0,0,0,47,37,0,7,2,0,12,0,0,7,0,0,0
warehouse@lemm.ee,0,0,0,0,0,1,0,0,0,1,0,0,2,0,0,0,0,0,0,0,0,140,0,0,0,0,0,87,0,0,0,0,0,0
massivepixler@lemmy.blahaj.zone,49,4,9,21,6,49,0,1,0,0,0,4,1,0,0,0,0,0,0,2,0,1,14,8,18,0,18,12,2,5,1,5,0,0
l6s@lemmy.world,9,0,0,7,0,4,0,0,0,0,4,0,0,0,0,21,0,5,0,0,0,97,30,0,0,0,0,8,0,6,13,26,0,0
purplepudding@sopuli.xyz,0,0,0,0,0,0,0,0,0,0,0,0,0,0,0,0,0,0,0,0,0,111,3,0,0,0,0,114,0,0,0,0,0,0
ThatOneBatTurd@lemmy.one,12,0,0,7,9,2,0,0,0,0,0,0,0,7,2,4,0,0,0,0,0,0,170,0,0,0,0,0,0,15,0,0,0,0
Blue_Spark@lemmy.world,1,42,87,75,5,0,0,0,2,9,0,0,0,1,0,0,0,0,0,0,0,5,0,0,0,0,0,0,0,0,0,0,0,0
Pixelsuppe@lemmy.world,150,0,6,28,4,6,0,0,0,0,0,0,17,0,0,0,0,0,0,0,0,11,0,0,0,0,0,0,0,5,0,0,0,0
ijeff@lemdro.id,120,19,4,2,17,15,0,0,0,1,2,0,3,0,12,25,0,0,0,0,0,0,1,0,0,0,0,0,0,5,0,0,0,0
Fisk400@lemmy.world,0,0,0,0,0,0,0,0,0,0,0,0,0,0,0,0,0,0,0,0,0,3,0,0,0,0,0,0,0,223,0,0,0,0
amplified@lemmy.world,12,0,0,7,0,0,0,0,13,4,11,0,7,0,0,0,0,0,0,0,0,36,93,43,0,0,0,0,0,0,0,0,0,0
cheesorist@lemmy.world,1,0,0,0,0,18,0,0,0,0,0,30,106,42,0,0,0,0,0,0,6,0,0,0,0,0,0,0,0,22,0,0,0,0
beezlebug@lemmynsfw.com,110,35,14,5,15,10,0,0,0,0,2,0,0,0,0,0,0,0,0,0,3,6,2,0,0,0,0,0,0,6,15,2,0,0
Nicu@lemmy.world,63,0,0,0,0,31,0,0,0,0,0,0,33,0,1,97,0,0,0,0,0,0,0,0,0,0,0,0,0,0,0,0,0,0
oihd@lemmy.world,88,0,0,0,0,10,0,0,0,0,0,1,6,0,0,0,0,0,0,0,1,66,6,0,0,0,0,0,0,46,0,0,0,0
Darxium@lemmy.world,0,0,0,0,0,0,0,0,0,0,0,0,84,0,30,0,0,6,0,0,10,0,0,0,0,0,0,0,0,94,0,0,0,0
admin@kerala.party,0,0,0,2,20,4,2,6,2,0,16,17,37,0,0,4,3,0,0,3,0,17,6,0,0,0,1,0,0,61,23,0,0,0
bolleeer@lemmy.world,0,0,0,0,0,0,0,0,0,0,0,64,0,0,0,0,0,0,0,0,0,0,0,0,0,0,0,0,0,0,159,0,0,0
vint@l.antiope.link,0,0,0,0,0,17,0,0,0,33,7,0,0,0,3,20,0,0,0,0,0,0,0,0,0,0,0,0,0,12,127,2,0,0
bolleeer@discuss.tchncs.de,0,0,0,0,0,0,0,0,0,0,0,77,0,0,0,0,0,0,0,0,0,0,0,0,0,0,0,0,0,0,144,0,0,0
Ery@lemmy.blahaj.zone,34,0,0,0,0,1,0,0,0,3,19,14,0,0,0,0,6,0,0,0,0,17,57,35,1,0,0,0,0,34,0,0,0,0
Parad1se@lemmy.world,0,1,1,3,2,0,0,0,30,14,33,0,0,3,0,15,0,0,13,0,57,14,7,0,9,0,0,0,7,0,11,0,0,0
ecbG6@sh.itjust.works,29,0,0,0,0,1,0,0,0,0,0,0,0,0,53,0,137,0,0,0,0,0,0,0,0,0,0,0,0,0,0,0,0,0
Nuage@lemmy.blahaj.zone,50,0,0,0,0,1,0,0,0,0,0,0,0,18,0,75,3,0,0,0,0,68,0,0,0,0,0,3,0,2,0,0,0,0
akariii@lemmy.blahaj.zone,0,0,0,0,9,2,0,0,29,0,0,0,0,0,0,0,77,6,0,0,0,0,0,0,0,0,0,0,0,77,17,0,0,0
Cinderbutt@sh.itjust.works,43,0,0,0,37,0,0,0,5,22,0,0,0,0,0,0,7,0,43,31,0,0,0,0,29,0,0,0,0,0,0,0,0,0
GothicLlama@lemmy.world,163,5,0,0,0,3,0,0,0,0,0,0,0,0,0,0,0,0,0,0,0,0,0,1,35,0,0,10,0,0,0,0,0,0
Pancito@lemmy.world,25,0,0,0,8,5,0,0,7,1,0,0,21,7,0,0,2,0,0,4,0,102,0,0,0,0,0,0,0,35,0,0,0,0
Dindonmasker@sh.itjust.works,19,0,0,0,0,6,0,0,0,1,0,0,21,0,18,0,0,6,0,0,0,0,0,52,62,30,1,0,0,0,0,0,0,0
Tasio@lemmy.world,158,0,0,0,0,0,0,0,0,0,25,0,0,0,0,0,0,18,0,0,0,4,0,0,0,0,0,0,0,0,11,0,0,0
jawdetective@lemmy.zip,42,0,0,0,0,0,0,0,0,0,0,0,17,0,0,0,0,0,0,0,0,0,1,0,0,0,0,0,1,151,0,3,0,0
0xmrtt@lemmy.ca,0,0,0,6,5,2,0,0,11,0,0,0,20,59,0,29,6,0,0,0,0,15,21,1,0,0,0,0,22,17,0,0,0,0
painterr34@lemmy.federated.club,0,2,9,128,23,1,0,0,0,0,11,1,8,3,0,5,0,0,0,0,0,5,4,0,0,0,0,0,0,14,0,0,0,0
Xmaximus10@lemmy.world,17,3,1,10,3,4,0,0,2,10,0,7,0,0,22,56,42,1,0,2,0,1,15,0,0,5,0,0,0,12,0,0,0,0
MurphysPaw@sh.itjust.works,0,0,0,0,0,2,0,0,0,0,0,0,1,0,0,0,0,0,0,0,0,0,72,0,0,0,0,0,0,138,0,0,0,0
UhBell@lemmy.world,88,5,0,0,0,5,0,0,0,0,0,32,11,0,0,34,0,0,0,0,0,0,0,0,0,0,0,0,0,29,8,0,0,0
ANameOnTheInternet@lemmy.world,0,51,5,95,0,0,0,1,40,6,0,0,0,0,0,0,0,0,0,0,0,0,0,0,12,0,0,0,0,0,0,0,0,0
Derpy@lemmy.world,69,0,25,47,13,19,0,0,0,0,0,14,8,0,0,0,0,0,0,5,0,0,5,0,0,5,0,0,0,0,0,0,0,0
Kaliber50Kuchen@lemmy.world,147,0,0,24,0,3,0,0,0,0,0,0,16,0,0,0,0,0,0,0,0,13,0,1,0,0,0,0,0,6,0,0,0,0
terminator@nano.garden,40,0,34,0,8,34,11,14,0,0,11,0,0,0,0,0,0,0,0,9,6,0,42,0,0,0,0,0,0,1,0,0,0,0
PonE@discuss.online,4,8,1,0,1,0,0,0,0,0,6,0,0,7,0,13,1,1,1,4,33,54,5,10,15,0,7,21,4,7,6,0,0,0
StrawberrySocial@infosec.pub,0,4,1,0,0,46,0,0,0,0,0,0,0,0,1,2,0,0,0,0,0,73,5,0,0,3,25,48,0,1,0,0,0,0
anton@lemmy.blahaj.zone,0,0,104,0,0,41,0,0,1,58,1,0,0,0,0,0,0,0,0,0,0,4,0,0,0,0,0,0,0,0,0,0,0,0
muix@infosec.pub,46,0,0,0,0,4,0,0,0,0,9,0,16,0,0,1,0,0,0,0,0,57,54,0,0,0,0,0,0,22,0,0,0,0
thomas@lemmy.douwes.co.uk,204,0,0,0,0,3,0,0,0,0,0,0,0,0,0,0,0,0,0,0,0,0,0,0,0,0,0,0,0,0,0,0,0,0
kaput@jlai.lu,1,2,4,0,6,6,17,47,1,0,0,0,0,0,21,75,11,0,0,0,0,0,2,0,3,11,0,0,0,0,0,0,0,0
Smorty@lemmy.blahaj.zone,36,11,0,0,0,0,0,2,0,0,5,16,0,0,0,4,4,0,0,0,0,82,33,0,4,7,0,2,0,0,0,0,0,0
Snuffleungus@discuss.online,0,3,0,0,0,27,0,0,0,0,0,0,5,20,0,35,0,0,0,0,0,36,0,0,0,0,16,53,9,0,0,0,0,0
Rez@sh.itjust.works,45,0,0,0,1,39,0,0,0,0,0,1,0,0,106,0,0,0,0,0,0,0,0,0,0,0,0,2,0,0,10,0,0,0
oleorun@lemmy.fan,1,0,0,0,0,16,0,0,0,0,6,0,0,0,0,0,0,11,0,6,8,4,31,90,5,1,8,1,0,2,4,10,0,0
Gingernate@lemmy.ml,201,0,0,0,0,3,0,0,0,0,0,0,0,0,0,0,0,0,0,0,0,0,0,0,0,0,0,0,0,0,0,0,0,0
ddd_w@lemm.ee,0,0,0,0,0,0,0,0,0,0,0,0,2,0,0,0,202,0,0,0,0,0,0,0,0,0,0,0,0,0,0,0,0,0
TheGuyTM3@lemmy.ml,59,0,0,0,10,1,0,0,8,4,0,0,0,0,0,0,58,0,0,0,4,0,3,0,0,0,0,0,0,56,0,1,0,0
axmo@lemmy.ca,31,0,0,0,0,3,0,0,0,0,0,0,0,0,0,0,0,0,0,0,0,0,0,0,0,0,0,0,0,169,0,0,0,0
flatrute@lemmy.world,67,0,0,0,0,21,0,0,0,0,10,5,24,0,0,0,0,0,0,0,0,0,48,0,0,0,0,0,0,28,0,0,0,0
Grosshirn@feddit.de,7,0,0,0,0,0,0,0,3,0,1,0,140,0,0,0,0,0,0,0,0,0,0,0,6,0,0,0,0,45,0,0,0,0
willowsdsrising@lemmy.world,3,5,5,7,5,2,0,0,0,0,0,9,1,2,0,0,0,0,4,10,3,3,1,5,37,31,9,28,8,1,1,21,0,0
pedrito@lemmy.world,32,2,0,0,1,15,0,0,0,24,0,22,5,0,0,12,0,6,23,0,0,5,2,2,10,2,0,8,0,30,0,0,0,0
bunbun@lemmy.world,165,0,0,0,18,5,0,0,0,0,0,0,0,0,0,0,0,0,0,0,0,0,0,0,0,0,0,0,13,0,0,0,0,0
Albert180@feddit.de,0,0,0,0,0,6,0,0,0,0,0,0,6,1,0,0,0,0,0,0,0,0,33,1,153,0,0,0,0,0,0,0,0,0
hanke@feddit.nu,0,0,0,0,0,1,0,0,0,0,1,0,7,0,0,0,0,0,0,0,0,0,191,0,0,0,0,0,0,0,0,0,0,0
Katzenfleischlasagne@lemmy.world,114,0,0,24,0,2,0,0,0,0,0,0,39,0,0,0,0,0,0,0,0,0,13,0,0,0,0,0,0,6,0,0,0,0
t0mmel@feddit.de,79,0,34,42,28,4,0,0,0,10,0,0,1,0,0,0,0,0,0,0,0,0,0,0,0,0,0,0,0,0,0,0,0,0
jeff@lemdro.id,100,16,3,3,16,15,0,0,0,1,1,0,1,0,11,28,0,0,0,0,0,0,1,0,0,0,0,0,0,0,0,0,0,0
rich8n@lemmy.world,0,0,0,0,25,10,0,0,0,0,0,0,5,1,0,0,0,0,0,0,0,0,108,0,0,0,0,0,0,47,0,0,0,0
nIi7WJVZwktT4Ze@fost.hu,0,0,0,0,0,0,0,0,0,0,0,1,0,0,189,2,1,0,0,0,0,0,0,0,0,0,0,0,0,1,0,0,0,0
FallingHorizontally@lemmy.world,1,0,0,0,3,0,0,0,0,0,0,0,5,0,0,0,0,0,0,0,3,0,97,0,2,6,0,0,0,76,0,0,0,0
Siegfried@lemmy.world,0,0,3,15,0,3,0,0,0,0,0,0,9,0,0,0,11,0,0,0,1,111,0,1,0,22,0,0,0,16,0,1,0,0
pulverizedcoccyx@lemmy.ca,0,0,80,8,0,3,0,0,0,0,5,13,18,0,0,11,0,0,0,0,0,20,11,0,0,0,5,0,0,19,0,0,0,0
tourist@lemmy.world,4,0,0,0,0,0,0,0,0,0,0,0,21,0,0,0,0,0,0,0,0,0,144,0,0,0,0,0,0,24,0,0,0,0
YodaDaCoda@sh.itjust.works,0,0,0,0,0,0,0,0,0,0,0,0,0,34,0,47,0,0,0,0,0,81,16,0,0,0,0,0,14,0,0,0,0,0
eggrror404@lemmy.world,66,0,15,12,5,6,0,0,0,5,14,3,3,0,0,2,25,0,0,0,1,9,15,0,11,0,0,0,0,0,0,0,0,0
Manfredolin@feddit.de,67,0,0,0,0,1,0,0,0,0,1,0,66,0,0,0,0,0,0,0,0,0,0,2,0,0,0,0,0,53,2,0,0,0
Bquintb@midwest.social,86,5,0,5,2,6,1,14,0,1,1,54,0,0,0,0,0,0,0,0,0,1,0,0,0,0,0,9,0,7,0,0,0,0
fakeCheese@lemmy.blahaj.zone,0,0,0,0,0,5,0,0,0,0,0,0,0,0,0,0,0,0,1,20,151,3,0,0,0,0,0,0,0,11,0,0,0,0
jballs@sh.itjust.works,4,0,0,1,3,0,20,19,25,0,0,0,0,0,16,30,30,15,0,0,1,7,2,0,0,3,7,0,0,6,2,0,0,0
BonfireOvDreams@lemmy.world,27,0,0,0,0,24,0,0,0,31,0,0,12,0,0,0,7,75,0,0,0,0,0,0,0,0,0,0,0,14,0,0,0,0
ssebastianoo@programming.dev,0,0,0,0,0,0,0,0,0,0,1,26,107,0,0,0,0,0,0,0,0,0,0,0,13,42,0,0,0,0,0,0,0,0
Micromot@feddit.de,74,0,0,0,0,0,0,0,0,0,0,0,15,0,0,0,1,0,0,0,0,1,23,0,0,0,0,0,0,71,4,0,0,0
daskibby@lemmynsfw.com,108,0,0,26,0,22,3,0,4,10,1,3,0,0,0,3,0,0,0,0,0,0,0,1,0,0,0,0,0,7,0,0,0,0
hungryphrog@lemmy.blahaj.zone,9,8,1,0,0,2,0,0,0,0,66,0,1,0,0,22,5,0,0,0,0,61,8,0,0,0,0,0,0,3,0,0,0,0
noobdoomguy8658@feddit.de,67,0,0,0,0,1,0,0,0,0,0,0,65,0,0,0,6,2,0,0,0,12,10,0,0,0,0,0,0,23,0,0,0,0
astronaut_sloth@mander.xyz,99,0,0,2,2,4,0,0,0,0,0,0,0,0,0,0,0,0,0,0,0,27,49,0,0,0,0,1,0,1,0,0,0,0
Putykat@lemmy.world,40,47,0,0,0,21,0,0,0,0,24,0,5,0,0,0,0,0,0,0,22,0,7,11,0,0,0,0,0,8,0,0,0,0
Curated_Android@lemdro.id,87,17,2,3,18,11,0,0,0,1,0,0,2,1,11,30,0,0,0,0,0,1,1,0,0,0,0,0,0,0,0,0,0,0
batmancer@lemmy.world,29,0,2,0,52,1,0,21,1,3,0,0,4,2,0,0,1,0,0,0,0,0,0,0,0,0,0,0,0,23,0,46,0,0
Haneul@lemmy.world,136,0,0,0,1,3,0,0,0,2,0,0,0,0,0,0,0,2,0,0,0,0,3,16,1,1,1,0,1,0,18,0,0,0
dephyre@lemmy.world,68,0,1,0,1,0,39,16,0,0,0,0,9,0,0,0,0,0,0,0,0,0,20,0,0,0,0,10,0,20,0,0,0,0
Vanshaj@lemmy.world,31,0,1,1,1,6,0,0,0,4,14,0,4,0,0,2,53,0,0,0,7,8,5,0,3,3,7,4,1,29,0,0,0,0
exec@pawb.social,63,0,0,7,0,37,0,0,0,0,0,0,19,1,0,0,0,0,0,0,10,19,9,0,0,0,17,0,0,1,0,0,0,0
Rez@beehaw.org,71,0,0,0,0,80,0,0,0,0,0,0,2,0,21,0,0,0,0,0,0,0,0,0,0,0,0,3,0,0,6,0,0,0
mookulator@mander.xyz,26,0,0,0,6,5,0,0,0,0,0,36,0,0,0,0,47,0,0,0,0,0,63,0,0,0,0,0,0,0,0,0,0,0
Deme@lemmy.world,0,0,0,0,0,0,0,0,0,0,0,0,0,0,0,0,0,0,0,0,0,0,182,0,0,0,0,0,0,0,0,0,0,0
enil5@sh.itjust.works,0,0,0,0,0,4,0,0,0,0,0,22,0,0,0,0,0,0,0,0,0,1,0,0,0,0,0,3,0,150,0,0,0,0
DustyNipples@lemmy.world,15,0,0,0,0,11,0,0,0,0,27,8,15,0,1,20,0,0,0,0,2,22,13,0,0,34,0,2,0,10,0,0,0,0
SpeedrunnerG55@lemmy.world,1,2,0,0,0,4,0,0,0,0,0,1,4,0,0,3,0,0,0,1,1,34,17,0,0,0,7,54,31,0,19,0,0,0
ptz@dubvee.org,0,0,0,0,0,7,0,0,0,0,0,0,92,0,0,0,0,0,0,0,0,0,0,80,0,0,0,0,0,0,0,0,0,0
roze_sha@programming.dev,83,0,0,0,0,22,0,0,0,0,0,0,7,0,0,0,0,1,56,0,0,2,8,0,0,0,0,0,0,0,0,0,0,0
lvxferre@lemmy.ml,131,2,3,0,4,10,0,0,0,0,0,3,3,0,0,4,0,0,0,0,0,4,5,0,5,0,0,0,0,4,0,0,0,0
Alenalda@lemmy.world,0,0,0,1,0,18,0,0,0,0,0,0,0,0,3,32,51,39,32,0,0,0,0,0,0,0,0,0,0,0,0,0,0,0
Protogen32@lemmy.blahaj.zone,23,3,0,0,0,11,0,0,0,0,1,0,16,0,0,1,6,0,0,0,0,16,1,0,49,1,1,6,12,28,0,0,0,0
match@pawb.social,61,0,0,0,0,0,0,1,0,11,71,15,2,0,0,0,9,3,0,1,1,0,0,0,0,0,0,0,0,0,0,0,0,0
adalesio@slrpnk.net,1,2,0,0,0,3,0,0,12,25,11,30,2,0,0,6,12,40,0,0,0,0,0,1,0,0,0,0,0,0,4,25,0,0
kenotron@lemm.ee,0,0,0,0,0,7,0,0,0,0,1,0,0,0,0,0,0,0,0,0,0,0,0,0,0,0,0,0,0,84,82,0,0,0
gintokisama@lemmy.world,127,0,3,1,0,0,0,0,0,26,0,0,0,0,0,0,0,0,0,0,0,3,6,0,0,0,0,0,0,0,7,0,0,0
wander@lemmy.blahaj.zone,3,0,0,0,0,12,0,0,0,0,96,9,4,0,0,4,0,0,0,0,0,7,2,0,0,4,0,27,0,5,0,0,0,0
Neshura@bookwormstory.social,3,3,1,0,0,2,1,3,4,10,0,0,2,1,0,0,0,0,0,0,20,6,21,1,0,0,0,94,0,0,0,0,0,0
CYCLR@lemmy.world,8,0,0,0,0,5,0,0,0,6,4,2,2,43,0,0,31,40,0,0,0,0,0,25,0,0,0,3,0,2,0,0,0,0
Generator@lemmy.pt,9,0,0,7,5,1,0,0,0,0,0,0,3,17,1,16,21,0,0,1,30,4,5,0,0,0,0,0,0,5,46,0,0,0
Teabow49@jlai.lu,24,0,0,0,0,0,0,0,8,0,0,0,0,0,0,0,0,0,0,0,0,0,6,0,0,0,0,0,0,133,0,0,0,0
Hash@toast.ooo,18,9,31,45,9,1,0,0,15,6,0,0,0,0,0,0,0,0,0,0,0,1,0,3,0,0,14,12,0,7,0,0,0,0
green_pyroxene@lemmy.world,0,0,0,0,0,0,0,0,0,0,0,0,0,0,0,0,0,0,0,0,0,61,97,0,0,0,0,12,0,0,0,0,0,0
yads@lemmy.ca,0,0,0,0,0,1,0,0,0,0,0,0,0,0,0,0,0,0,0,0,0,0,0,0,0,0,0,0,0,169,0,0,0,0
Buzztiger@feddit.nl,152,0,0,0,0,0,0,0,0,0,0,0,13,0,0,0,0,0,0,0,0,0,0,0,0,0,0,0,0,5,0,0,0,0
al4s@lemmy.world,52,0,0,0,0,11,0,1,0,3,0,0,49,0,0,0,0,0,0,0,0,2,0,0,30,0,0,4,0,15,3,0,0,0
PaleVulpo@feddit.de,64,0,2,1,0,1,0,0,0,0,0,0,7,0,0,0,0,0,0,0,0,3,0,0,32,0,0,0,0,60,0,0,0,0
Aceton05@feddit.de,5,0,0,0,0,1,0,0,0,0,0,0,10,0,0,0,0,0,0,0,0,0,16,0,0,89,0,48,0,0,0,0,0,0
Verwirrte_Verwirrung@toast.ooo,70,0,0,0,0,4,0,0,0,7,24,1,30,0,0,4,2,0,0,0,0,0,0,0,0,0,0,0,0,26,0,0,0,0
raubarno@lemmy.ml,168,0,0,0,0,0,0,0,0,0,0,0,0,0,0,0,0,0,0,0,0,0,0,0,0,0,0,0,0,0,0,0,0,0
NicoCharrua@lemmy.ca,43,0,0,0,0,3,4,0,0,0,0,0,0,0,1,0,16,3,0,0,0,0,10,0,6,0,0,0,1,64,16,0,0,0
Gotteme@jlai.lu,110,0,0,7,0,1,0,0,47,0,0,0,0,0,0,0,0,0,0,0,0,0,0,0,0,0,0,0,0,2,0,0,0,0
mars@lemmy.ca,30,4,0,0,5,9,0,0,0,0,0,0,0,0,0,0,0,0,0,0,0,2,39,0,0,0,0,2,0,76,0,0,0,0
Tntgamer12341@discuss.tchncs.de,32,0,11,0,2,0,0,0,0,0,0,0,55,0,0,0,0,0,1,0,0,0,17,0,0,0,0,0,0,48,0,0,0,0
TvanBuuren@lemmy.world,0,0,0,0,0,3,0,0,0,0,140,1,0,0,0,0,0,0,0,0,0,0,0,0,0,0,0,0,0,22,0,0,0,0
Nephets@lemmy.world,5,0,10,0,4,0,0,37,0,25,0,0,0,0,1,7,23,3,0,0,0,6,13,0,0,0,0,19,0,7,5,0,0,0
luthis@lemmy.nz,24,0,0,0,0,0,0,0,0,0,1,1,0,0,0,0,9,0,6,0,0,0,29,69,0,0,0,0,0,25,0,0,0,0
lemonadebunny@lemmy.ca,0,0,0,0,0,0,0,0,0,1,21,6,4,0,6,24,6,0,0,0,2,22,5,0,21,7,0,17,0,19,3,0,0,0
woelkchen@lemmy.world,79,6,0,0,0,2,6,0,0,0,0,0,32,0,0,0,0,0,0,0,0,0,0,0,0,0,0,0,0,34,0,5,0,0
hellottie@jlai.lu,0,0,0,0,0,6,0,0,0,0,0,103,0,0,0,0,0,0,0,0,0,7,0,0,0,0,0,0,0,47,0,0,0,0
olicvb@lemmy.world,97,3,0,1,0,0,0,0,0,0,8,0,0,0,0,14,0,0,0,0,0,1,0,6,0,1,0,0,0,30,0,0,0,0
greta@sh.itjust.works,32,0,4,0,0,0,0,0,0,0,3,0,121,0,0,0,0,0,0,0,0,0,0,0,0,0,0,0,0,0,0,0,0,0
reichtangle@lemmy.world,49,0,0,0,0,44,0,0,0,0,1,0,0,0,4,0,0,0,0,0,7,0,0,0,0,0,0,0,0,52,0,0,0,0
demystify@lemmy.ml,0,0,0,0,0,1,0,0,0,0,2,12,16,0,0,7,1,0,0,0,0,0,7,0,20,2,0,51,0,38,0,0,0,0
Dufurson@lemmy.world,40,0,0,0,0,28,0,0,0,0,0,0,42,0,0,0,0,0,0,0,0,0,0,0,0,0,0,0,0,33,14,0,0,0
pebble@lemmy.jigoku.us.to,32,0,0,0,0,0,0,0,0,0,1,0,38,0,0,0,0,0,0,0,0,1,3,0,0,1,0,0,11,70,0,0,0,0
test@nano.garden,16,0,34,0,4,34,16,12,0,1,12,0,0,0,0,0,0,0,1,12,5,0,8,0,0,0,0,0,0,1,1,0,0,0
ChaoticNeutralCzech@feddit.de,54,0,1,11,14,0,0,2,0,15,1,10,0,0,0,4,0,0,0,0,1,2,11,0,0,0,1,0,3,26,1,0,0,0
intothemoose@lemmy.world,101,0,0,0,0,0,0,0,0,0,0,0,22,1,0,0,0,0,0,0,0,0,0,0,0,0,0,0,0,32,1,0,0,0
Mack@lemmy.ca,2,0,0,0,0,17,0,0,31,38,13,55,0,0,0,0,0,0,0,0,0,0,0,0,0,0,0,0,0,0,0,0,0,0
nave@lemmy.zip,11,0,0,0,0,23,0,6,0,0,0,87,0,0,0,0,7,0,0,0,0,10,0,0,0,0,0,9,0,3,0,0,0,0
nope@yiffit.net,73,10,0,0,0,8,0,0,0,0,0,0,0,0,0,0,1,0,0,0,0,1,44,0,0,0,0,0,0,0,0,19,0,0
neuralnerd@lemmy.world,27,0,0,0,0,1,1,1,0,0,8,6,21,0,0,0,6,0,0,0,0,0,84,0,0,0,0,0,0,0,0,0,0,0
henkie@lemmy.world,0,0,0,0,0,1,0,0,0,0,45,0,0,0,0,0,2,0,0,0,0,0,41,0,0,0,0,0,0,0,66,0,0,0
Phlogiston99@lemmy.world,60,0,0,0,0,4,0,0,0,0,16,0,13,0,0,21,21,0,0,0,0,0,20,0,0,0,0,0,0,0,0,0,0,0
esty@lemmy.ca,88,12,0,0,0,15,0,0,0,0,0,16,0,0,0,0,23,0,0,0,0,0,0,0,0,0,0,0,0,0,0,0,0,0
Simple_Bodybuilder82@lemmynsfw.com,0,1,2,6,1,3,0,0,0,0,0,6,0,0,14,44,45,0,0,1,0,1,11,0,0,8,0,0,5,6,0,0,0,0
lemmonade_man15@lemmy.world,73,7,0,0,9,6,0,0,0,0,0,0,0,0,0,0,12,0,0,0,0,0,0,0,0,0,0,0,0,40,6,0,0,0
cat_in_socks@lemmy.blahaj.zone,111,0,7,0,0,23,0,0,0,0,0,0,0,0,0,0,0,0,0,0,0,3,0,0,0,0,0,0,0,9,0,0,0,0
Iama_fish_ama@beehaw.org,45,0,0,0,0,3,0,0,0,0,0,2,0,0,0,0,0,0,0,0,0,84,0,0,0,0,1,0,0,15,3,0,0,0
anisphia@ani.social,0,3,4,3,0,0,21,42,45,32,0,0,0,0,0,0,0,0,0,0,0,0,0,0,0,0,0,0,0,0,1,1,0,0
beepnoise@beehaw.org,0,0,0,0,0,8,0,0,0,0,0,0,0,0,0,0,0,0,0,0,0,0,0,0,0,0,0,0,0,143,0,0,0,0
MilderRichter@feddit.de,43,0,4,4,0,1,0,0,0,0,0,0,55,0,0,0,0,0,0,0,0,0,5,0,0,0,0,0,0,39,0,0,0,0
raytch@lemmy.world,0,0,0,0,0,8,0,0,0,0,0,0,0,0,0,0,0,0,0,0,0,0,0,0,0,0,0,0,0,143,0,0,0,0
workisslow@lemmy.world,52,0,0,0,0,7,0,0,0,5,55,0,0,0,0,0,0,6,0,0,0,1,3,0,0,0,0,0,0,21,0,0,0,0
Triadager@feddit.de,35,0,0,0,0,0,0,0,0,0,0,0,0,0,0,0,0,0,0,0,0,0,93,0,0,0,0,0,0,22,0,0,0,0
miv403@programming.dev,0,0,0,0,0,0,0,0,0,0,0,0,0,0,0,0,0,0,0,0,0,0,0,0,0,0,0,0,0,149,0,0,0,0
gamma@programming.dev,29,0,0,9,0,0,0,0,2,0,0,4,0,0,7,18,25,16,1,0,1,10,3,6,2,6,9,0,0,0,0,0,0,0
dogboy@reddthat.com,1,0,0,0,0,1,0,0,0,0,0,0,24,0,0,0,0,0,0,0,0,0,121,0,0,0,0,1,0,0,0,0,0,0
mupAus@aussie.zone,0,0,0,0,0,0,0,0,0,0,0,0,0,0,0,0,0,0,0,0,0,0,112,0,0,0,0,0,0,35,1,0,0,0
Mikarific@lemmy.blahaj.zone,0,46,0,1,74,0,0,0,0,0,0,0,0,0,0,0,0,0,0,0,0,0,0,0,0,0,0,27,0,0,0,0,0,0
randomaccount43543@lemmy.world,11,0,0,0,0,0,0,0,0,0,13,1,10,2,0,0,11,0,0,0,13,0,27,0,0,48,0,0,2,10,0,0,0,0
demondude@lemmy.world,14,9,1,6,51,1,4,3,2,1,0,0,0,0,0,0,0,0,0,0,0,0,0,0,1,0,38,15,0,0,0,1,0,0
dbt@lemmy.world,6,0,0,0,0,4,0,0,0,0,72,0,0,0,0,0,0,0,0,0,0,0,61,4,0,0,0,0,0,0,0,0,0,0
Rin@lemm.ee,24,30,40,1,0,2,0,0,0,0,0,0,0,0,0,21,21,0,0,0,0,0,7,0,0,0,0,0,0,0,0,0,0,0
hmmmmlmao@lemmy.world,2,0,26,15,6,0,0,1,3,4,0,0,0,0,0,5,0,32,0,0,0,0,0,0,0,1,46,5,0,0,0,0,0,0
aevumdecessus@lm.bittervets.org,0,0,16,10,109,0,0,0,0,0,0,0,0,5,0,0,0,0,0,0,0,5,0,0,0,1,0,0,0,0,0,0,0,0
Wilshire@lemm.ee,19,0,0,0,0,0,0,0,0,0,0,21,24,0,0,16,0,0,0,0,0,17,9,0,0,15,0,0,0,24,0,0,0,0
Dazza@lemmy.world,0,0,5,0,0,0,0,0,0,0,0,0,0,0,0,0,0,0,0,0,0,19,0,0,0,0,0,0,0,83,38,0,0,0
OttoMaddox@lemmy.world,30,0,0,0,0,6,0,0,0,22,0,0,5,3,0,6,0,0,0,0,0,12,2,0,1,4,1,0,6,44,0,3,0,0
kaotic@lemmy.world,17,3,0,0,0,15,0,0,0,0,4,4,16,0,0,0,7,0,0,0,12,6,18,2,1,1,0,10,0,29,0,0,0,0
outofemailaliases@lemmy.blahaj.zone,49,0,0,0,0,6,16,1,0,20,1,1,5,0,0,0,0,0,0,0,0,34,2,0,0,0,0,0,0,9,1,0,0,0
Catsrules@lemmy.ml,37,1,6,4,0,1,0,0,12,24,0,0,4,0,0,0,8,10,0,0,0,0,0,0,0,0,0,0,0,16,18,3,0,0
Blackrox1411@lemmy.world,0,0,0,0,0,0,0,0,0,0,0,0,0,0,0,0,0,0,0,0,0,7,121,0,0,0,0,8,0,8,0,0,0,0
Paul_279@feddit.de,31,0,0,5,0,0,0,0,7,0,0,0,26,0,0,0,0,0,0,0,0,0,38,1,0,0,0,0,4,26,5,0,0,0
ImInLoveWithLife@lemmy.world,19,0,0,0,0,1,0,0,0,0,0,5,1,0,0,44,0,0,0,0,0,11,13,0,0,5,0,0,0,44,0,0,0,0
tinker@beehaw.org,90,0,0,0,0,32,0,0,0,3,0,0,8,0,0,0,0,0,0,1,0,0,0,9,0,0,0,0,0,0,0,0,0,0
Ciryamo@feddit.de,1,0,12,43,75,1,0,0,0,0,0,0,0,0,0,0,0,0,0,0,0,4,2,4,0,0,0,0,0,0,0,0,0,0
osoLian@lemmy.world,11,23,11,10,0,0,0,0,0,0,7,12,12,6,0,5,1,5,0,9,0,13,17,0,0,0,0,0,0,0,0,0,0,0
Bandu@lemmy.world,14,0,0,0,0,1,0,5,3,6,2,1,4,11,0,8,0,0,0,0,0,0,44,1,0,0,0,2,1,9,16,14,0,0
Shimozu@lemmy.blahaj.zone,0,0,0,0,0,0,0,0,0,0,0,0,0,0,0,0,0,0,0,0,0,50,0,0,0,0,0,92,0,0,0,0,0,0
alizard@lemmy.world,27,2,0,0,0,4,0,0,1,0,6,0,0,0,1,4,0,0,0,0,1,16,0,27,0,0,0,53,0,0,0,0,0,0
amSour@sh.itjust.works,11,48,0,0,0,3,0,0,0,0,0,78,0,0,0,0,0,0,0,0,0,0,0,0,0,0,0,0,0,0,0,0,0,0
eatham@lemmy.world,0,0,0,0,0,1,0,0,0,0,0,0,0,0,0,0,0,0,0,0,0,0,134,5,0,0,0,0,0,0,0,0,0,0
abcd@feddit.de,52,0,0,0,0,1,0,0,0,0,0,0,7,2,0,0,0,0,0,0,10,0,0,0,2,0,0,0,0,65,0,0,0,0
lostmypasswordanew@feddit.de,0,0,0,0,0,7,0,0,0,0,0,0,0,0,0,0,0,0,0,0,0,15,117,0,0,0,0,0,0,0,0,0,0,0
independantiste@sh.itjust.works,0,0,1,2,0,0,0,0,0,0,5,13,0,0,0,0,0,0,0,0,0,3,115,0,0,0,0,0,0,0,0,0,0,0
mushanga@feddit.nl,0,0,0,0,0,0,0,0,0,0,43,0,0,0,0,0,0,0,0,0,0,0,52,0,0,0,0,0,0,0,44,0,0,0
Sigurd@lemmy.world,24,0,0,0,0,11,0,0,0,0,0,0,0,0,40,2,8,0,0,0,0,0,32,11,0,0,0,0,0,0,5,6,0,0
Tyy@lemmy.blahaj.zone,40,0,0,0,0,0,0,0,0,0,25,0,24,0,0,0,0,0,0,0,0,22,6,22,0,0,0,0,0,0,0,0,0,0
JustBrian7872@feddit.de,13,0,1,11,0,4,0,3,0,1,0,4,0,11,0,2,0,0,0,0,0,12,0,0,9,0,0,17,1,50,0,0,0,0
massiveasseffect@lemm.ee,40,1,2,13,2,42,1,0,0,0,0,2,0,0,0,0,0,0,0,0,0,1,12,6,1,0,0,2,5,7,0,2,0,0
SimpleSyrup@lemmy.ml,11,0,0,0,0,39,8,0,0,0,0,0,0,0,0,0,0,0,0,0,0,30,12,0,0,0,0,0,2,34,1,0,0,0
ForeverAGnome@lemmy.world,0,0,0,8,0,9,12,0,0,0,0,1,2,1,0,8,4,2,0,0,0,0,27,0,5,0,4,14,0,40,0,0,0,0
CanadianCorhen@lemmy.ca,0,0,0,0,0,6,0,0,0,0,0,0,0,0,0,0,0,0,0,0,0,0,0,0,0,0,0,0,0,130,0,0,0,0
dragfyre@lemmy.ml,7,3,68,0,0,1,0,0,0,0,0,0,1,0,0,0,0,0,0,0,0,0,0,0,0,9,46,1,0,0,0,0,0,0
miryem@lemmy.blahaj.zone,95,0,0,0,0,2,0,0,0,0,0,0,0,0,0,0,0,0,0,0,0,7,0,0,0,2,0,30,0,0,0,0,0,0
alphapuggle@programming.dev,66,0,0,0,0,0,0,0,0,0,59,10,0,0,0,0,0,0,0,0,0,0,0,0,0,0,0,0,0,0,0,0,0,0
doublythumbs@lemmy.world,52,0,0,0,0,1,29,0,19,0,0,0,0,0,0,5,0,0,6,0,0,0,16,0,0,0,0,0,0,7,0,0,0,0
bigkix@lemm.ee,0,0,0,0,0,12,0,0,1,0,1,1,1,0,90,1,0,0,0,1,2,8,0,2,0,0,0,8,0,7,0,0,0,0
aranym@lemmy.name,33,0,0,0,0,29,0,0,0,0,0,0,0,0,0,0,0,0,0,0,0,0,14,0,1,57,0,0,0,0,0,0,0,0
h4wk3y3@feddit.de,41,0,0,0,0,0,0,0,0,0,0,0,20,0,0,0,0,0,0,0,0,0,0,0,0,0,0,0,0,72,0,0,0,0
deebster@lemmyrs.org,125,0,0,0,1,0,0,0,0,0,0,0,0,0,2,0,4,0,0,0,0,0,1,0,0,0,0,0,0,0,0,0,0,0
VectorGraphics@lemmy.ca,46,0,0,0,0,1,0,0,0,0,15,7,0,0,0,0,0,0,0,0,0,0,14,0,4,17,4,0,6,17,2,0,0,0
30p87@feddit.de,0,0,0,0,0,5,0,0,0,0,0,0,0,0,0,0,0,0,0,0,0,57,0,0,0,0,0,63,0,8,0,0,0,0
OrdinaryFantasy@discuss.tchncs.de,7,0,0,0,0,1,0,0,0,0,0,0,35,0,0,0,0,0,0,0,0,0,0,0,0,0,0,0,0,90,0,0,0,0
Nido@feddit.ch,8,0,0,0,41,8,0,0,0,0,0,0,0,0,0,0,0,0,0,0,0,0,75,0,0,0,0,0,0,0,0,0,0,0
Tierry@lemmy.world,30,19,33,19,30,0,0,0,0,0,0,0,0,0,0,0,0,0,0,0,0,0,0,0,0,0,1,0,0,0,0,0,0,0
Moonwalk@lemm.ee,0,0,0,0,0,0,0,1,0,0,0,0,51,0,0,0,4,0,0,0,0,0,33,0,0,0,0,0,0,42,0,0,0,0
cowcow@lemmy.world,0,0,0,0,2,0,0,0,0,0,0,7,18,0,0,16,30,0,11,2,0,20,8,0,0,3,0,0,0,14,0,0,0,0
binomialchicken@lemmy.blahaj.zone,77,0,0,0,0,1,0,0,0,0,33,10,0,0,0,0,0,0,0,0,0,10,0,0,0,0,0,0,0,0,0,0,0,0
razinc@lemmy.world,20,0,0,0,0,1,6,0,0,0,0,0,0,0,0,0,0,12,0,0,0,0,0,3,0,0,45,30,0,0,14,0,0,0
ace@lib.lgbt,46,0,0,0,0,4,0,0,0,0,6,0,16,0,0,0,0,0,0,0,0,56,0,0,0,0,0,0,0,2,0,0,0,0
Terr@lemmy.ml,0,0,0,0,0,90,0,0,0,0,0,40,0,0,0,0,0,0,0,0,0,0,0,0,0,0,0,0,0,0,0,0,0,0
Lyo@feddit.de,5,0,0,0,0,0,0,0,0,0,0,0,80,0,0,0,0,0,0,0,0,0,6,0,0,0,0,0,0,39,0,0,0,0
SharkEatingBreakfast@lemmy.blahaj.zone,88,0,0,0,0,3,0,0,0,0,0,3,0,0,0,0,0,0,0,0,0,17,0,0,0,1,0,1,0,11,5,0,0,0
TheThing@pawb.social,117,0,0,0,0,12,0,0,0,0,0,0,0,0,0,0,0,0,0,0,0,0,0,0,0,0,0,0,0,0,0,0,0,0
stanford@discuss.as200950.com,0,0,0,0,0,1,0,0,0,0,1,0,0,0,0,0,0,0,0,0,0,0,33,0,0,0,0,0,0,93,0,0,0,0
shino@lemmy.shinomoroll.net,0,1,0,0,0,7,0,0,0,0,1,16,24,0,0,22,0,0,0,0,0,13,22,0,0,0,0,0,0,22,0,0,0,0
YodaDaCoda@lemmynsfw.com,0,0,0,0,0,0,0,0,0,0,0,0,0,29,0,45,0,0,0,0,0,22,16,0,0,0,0,0,15,0,0,0,0,0
krosta@sh.itjust.works,0,0,3,0,0,0,0,0,0,0,3,0,121,0,0,0,0,0,0,0,0,0,0,0,0,0,0,0,0,0,0,0,0,0
Ski77en@lemmy.world,0,34,56,20,0,0,0,0,4,2,0,0,0,0,0,0,0,0,0,0,0,0,0,3,5,0,0,0,0,0,0,2,0,0
NeoZet@lemmy.zip,8,0,0,0,0,1,0,0,0,0,1,0,3,0,32,55,21,0,0,0,0,0,0,0,0,0,0,0,0,5,0,0,0,0
Picodon@jlai.lu,62,0,0,0,0,10,6,0,0,0,21,1,0,0,0,5,0,0,0,0,0,0,10,0,0,0,0,0,0,11,0,0,0,0
Azal@lemmy.world,57,0,0,0,0,0,0,0,0,0,1,0,6,0,0,0,0,0,6,2,1,0,2,0,22,4,0,25,0,0,0,0,0,0
ventusx@lemmy.world,14,0,0,0,0,0,0,0,0,0,1,12,0,0,0,1,0,1,0,0,2,53,10,0,0,11,0,0,0,20,0,0,0,0
jayv43@lemm.ee,0,0,0,0,0,0,0,0,0,0,0,0,0,0,0,0,125,0,0,0,0,0,0,0,0,0,0,0,0,0,0,0,0,0
Nath@lemmy.ml,0,0,0,0,0,16,0,0,0,0,0,0,0,0,0,0,0,0,0,0,0,0,109,0,0,0,0,0,0,0,0,0,0,0
decadentrebel@lemmy.world,41,4,0,0,0,0,37,43,0,0,0,0,0,0,0,0,0,0,0,0,0,0,0,0,0,0,0,0,0,0,0,0,0,0
IngeniousCrab@lemmy.world,48,5,0,0,0,72,0,0,0,0,0,0,0,0,0,0,0,0,0,0,0,0,0,0,0,0,0,0,0,0,0,0,0,0
Pinky135@lemmy.world,0,0,0,0,0,0,0,0,0,0,31,0,0,0,0,0,0,0,0,0,0,0,27,0,0,0,0,0,0,0,66,0,0,0
spez@lemdro.id,42,17,1,3,20,7,0,0,0,0,1,0,3,0,11,17,0,0,0,0,0,0,1,0,0,0,0,0,0,1,0,0,0,0
hubobes@lemmy.world,122,0,0,0,0,1,0,0,0,0,0,0,0,0,0,0,0,0,0,0,0,0,0,0,0,0,0,0,0,0,0,0,0,0
nx2@feddit.de,57,0,0,0,0,0,0,0,0,0,0,0,33,0,0,0,0,0,0,0,0,0,0,0,0,0,0,0,0,33,0,0,0,0
Sunkiller@lemmy.world,15,28,0,0,11,3,0,0,0,0,9,0,4,0,0,0,0,0,0,0,6,6,34,2,0,0,0,5,0,0,0,0,0,0
Autocrat@lemmy.ml,0,0,0,0,0,0,0,0,0,0,0,0,0,0,0,0,0,0,0,0,0,0,0,0,0,0,0,0,0,123,0,0,0,0
Brisolo32@lemmy.eco.br,45,0,1,0,0,1,0,0,0,0,0,3,27,0,0,0,33,0,0,0,0,0,1,0,0,0,0,0,0,11,0,0,0,0
bolt@lemmy.world,8,0,0,0,0,12,0,0,0,0,6,0,0,0,0,0,76,0,0,0,0,0,0,0,0,0,0,0,0,20,0,0,0,0
beezlebug@lemmy.ml,13,41,14,5,12,2,0,0,0,0,2,0,0,0,0,0,0,0,0,0,6,3,2,0,0,0,0,0,0,6,14,2,0,0
ijeff@feddit.de,42,16,3,1,20,3,0,0,0,0,1,0,2,0,11,20,0,0,0,0,0,0,2,0,0,0,0,0,0,1,0,0,0,0
gamma@sh.itjust.works,71,0,0,9,0,0,0,0,4,3,0,0,0,0,0,4,10,2,0,0,1,3,2,2,6,3,1,0,0,0,0,0,0,0
orangered@feddit.de,38,0,0,0,0,0,0,0,0,0,0,0,11,0,0,2,0,0,0,0,0,9,3,0,12,0,4,0,0,42,0,0,0,0
Temriel@lemmy.world,9,47,0,0,0,0,0,0,0,0,0,0,0,0,0,0,0,0,0,0,0,16,7,0,0,10,0,32,0,0,0,0,0,0
Wolfiexo@lemmy.world,116,0,0,0,0,4,0,0,0,0,0,0,0,0,0,0,0,0,0,0,0,0,0,0,0,0,0,0,0,0,0,0,0,0
mrlavallee@lemmy.world,118,0,0,0,0,1,0,0,0,0,0,0,0,0,0,0,0,0,0,0,0,0,1,0,0,0,0,0,0,0,0,0,0,0
FigMcLargehuge@sh.itjust.works,15,29,5,2,15,0,0,0,0,0,0,0,11,7,0,8,6,4,0,0,0,0,1,0,0,0,0,0,0,12,4,1,0,0
Android@lemdro.id,41,17,1,3,21,7,0,0,0,0,1,0,2,0,9,16,0,0,0,0,0,0,2,0,0,0,0,0,0,0,0,0,0,0
Death2lois@lemmy.one,108,0,0,0,0,11,0,0,0,0,0,0,0,0,0,0,0,0,0,0,0,0,0,0,0,0,0,0,0,0,0,0,0,0
ijeff@lemmy.ca,40,15,1,1,22,7,0,0,0,0,1,0,3,0,11,15,0,0,0,0,0,1,2,0,0,0,0,0,0,0,0,0,0,0
Cloudkettle@feddit.de,93,0,0,0,0,9,0,5,0,0,0,0,1,0,0,0,0,0,0,0,0,0,0,0,0,0,0,0,0,3,0,8,0,0
fruity@lemmy.world,0,0,0,0,0,1,0,0,0,0,0,0,1,0,0,0,0,0,0,0,0,0,9,0,0,0,0,0,0,108,0,0,0,0
dragfyre@beehaw.org,8,69,8,0,0,2,0,0,0,0,0,0,0,0,0,0,0,0,0,0,0,0,0,0,0,4,28,0,0,0,0,0,0,0
ijeff@sh.itjust.works,44,16,1,2,21,4,0,0,0,0,1,0,2,0,10,16,0,0,0,0,0,0,2,0,0,0,0,0,0,0,0,0,0,0
TeckFire@lemmy.world,24,0,0,0,0,4,8,9,1,17,13,1,9,10,5,1,3,8,5,0,0,0,0,0,0,0,0,0,0,0,0,0,0,0
ijeff@lemm.ee,42,13,3,4,17,4,0,0,0,0,2,0,3,0,11,17,0,0,0,0,0,0,1,0,0,0,0,0,0,1,0,0,0,0
nebulr@nebu.land,0,0,0,0,0,0,0,0,0,0,0,0,61,0,0,0,42,0,0,0,0,0,0,0,0,0,0,0,0,15,0,0,0,0
watersword@lemmy.world,60,0,0,0,0,0,0,0,0,0,51,0,0,0,0,1,0,0,0,0,0,6,0,0,0,0,0,0,0,0,0,0,0,0
SomeDudeOnLemmy@lemmy.world,23,0,0,0,0,0,0,0,0,1,50,0,7,0,0,0,28,0,0,0,0,0,4,0,0,0,0,0,0,5,0,0,0,0
SiKCLeR@lemmy.world,37,0,0,0,0,6,0,0,0,0,0,0,0,0,0,0,0,0,0,0,0,2,10,0,0,0,0,21,0,41,0,0,0,0
statue_smudge@lemmy.world,32,5,0,0,0,0,4,64,2,0,0,0,0,0,0,0,0,0,0,0,0,0,0,0,0,0,3,2,0,4,0,0,0,0
tippl@lemmy.world,44,0,0,0,0,0,0,0,0,0,0,0,0,0,0,0,0,0,0,0,0,0,1,49,18,0,0,4,0,0,0,0,0,0
haraldtoepfer@lemmy.world,8,1,1,10,0,12,0,3,0,0,0,0,0,0,0,0,0,0,0,0,0,75,0,0,0,0,0,0,0,6,0,0,0,0
Wistful@discuss.tchncs.de,52,0,0,0,0,0,0,0,0,0,0,0,0,0,7,43,14,0,0,0,0,0,0,0,0,0,0,0,0,0,0,0,0,0
Little8Lost@feddit.de,39,4,0,0,0,0,0,1,16,0,0,0,0,0,0,0,0,0,2,0,4,1,30,0,0,1,0,0,0,18,0,0,0,0
DevCuber@lemmy.world,0,0,0,0,0,1,0,0,0,0,0,0,0,0,0,6,0,0,0,0,0,0,54,0,0,0,0,4,0,50,0,0,0,0
Shadow@lemmy.ca,0,0,0,0,6,15,0,0,0,0,0,0,0,0,0,0,1,0,0,0,0,0,1,0,0,0,0,0,0,91,0,0,0,0
mFcGlNBcfr@lemmy.ml,0,0,0,0,0,8,0,0,0,0,0,0,0,0,0,0,0,0,0,0,0,0,0,0,0,0,0,0,0,106,0,0,0,0
cows_are_underrated@feddit.de,21,0,1,0,0,2,0,0,0,0,0,0,53,0,0,0,6,0,0,0,0,0,0,0,0,0,0,0,0,30,0,0,0,0
loppwn@sh.itjust.works,18,0,2,3,0,0,0,1,0,4,18,0,12,0,0,24,8,0,0,3,3,0,1,1,1,1,0,0,0,13,0,0,0,0
mzbean@lemm.ee,0,0,0,0,0,2,0,0,48,1,0,0,12,50,0,0,0,0,0,0,0,0,0,0,0,0,0,0,0,0,0,0,0,0
ijeff@beehaw.org,34,16,0,6,16,5,0,0,0,0,2,0,2,0,10,19,0,0,0,0,0,0,1,0,1,0,0,0,0,0,0,0,0,0
allywilson@sopuli.xyz,0,0,0,0,0,0,0,0,0,0,0,0,0,0,0,0,0,0,0,0,0,0,0,0,0,0,0,0,0,112,0,0,0,0
Rustybot@lemmy.world,14,0,0,0,0,0,7,10,0,0,2,0,0,0,0,0,0,0,0,0,0,20,1,0,57,0,1,0,0,0,0,0,0,0
jfcode@lemmy.world,3,1,0,0,0,11,0,0,0,0,0,0,4,2,0,0,11,0,0,0,0,4,70,0,0,0,0,0,0,5,0,0,0,0
littleshyfim@lemmy.world,0,1,4,1,8,3,0,6,0,0,0,0,0,25,0,1,1,1,0,0,17,7,4,0,5,1,0,26,0,0,0,0,0,0
nebula42@lemmy.world,42,0,0,0,0,1,0,0,0,0,0,1,0,0,0,0,11,0,0,0,0,12,12,0,1,2,0,19,0,7,0,3,0,0
JakobDev@feddit.de,1,0,0,0,0,0,0,0,2,0,0,0,62,0,0,0,0,0,0,0,0,3,13,0,0,0,0,0,6,24,0,0,0,0
dscratch@sh.itjust.works,53,0,0,0,0,0,0,0,0,0,0,0,0,0,0,0,0,0,0,0,0,0,0,0,0,0,0,0,0,58,0,0,0,0
felykiosa@sh.itjust.works,5,0,0,0,0,0,0,0,6,0,0,0,0,0,0,0,0,0,0,0,0,0,34,0,0,0,0,0,0,66,0,0,0,0
Dusktor@lemmy.world,3,18,0,0,11,0,0,0,0,0,0,20,10,0,0,0,0,0,0,6,3,0,8,0,0,0,2,6,2,22,0,0,0,0
Choparts@lemmy.world,0,0,0,0,0,2,0,0,0,0,0,0,0,0,0,0,0,0,1,0,0,0,75,0,0,0,0,0,0,32,1,0,0,0
LeTak@lemm.ee,2,0,0,0,2,0,0,0,0,0,0,24,17,0,1,9,0,0,0,0,0,22,18,0,0,1,0,0,0,14,0,0,0,0
retake@lemmy.world,24,0,0,0,0,3,0,0,0,0,4,6,6,6,0,0,3,0,0,7,0,0,0,0,0,1,6,7,12,15,4,5,0,0
haohao@lemm.ee,0,0,0,0,0,0,0,0,0,0,0,0,56,0,0,0,0,0,0,0,0,0,53,0,0,0,0,0,0,0,0,0,0,0
Johanno@lemmy.fmhy.net,58,0,0,0,13,3,1,0,0,0,0,0,0,0,1,9,0,3,0,0,0,2,0,0,0,0,1,0,0,18,0,0,0,0
adam@discuss.tchncs.de,30,0,0,0,0,0,0,0,0,0,0,0,0,0,0,0,13,0,0,0,0,0,0,0,0,0,0,0,0,65,0,0,0,0
EmArts101@lemmy.world,0,0,0,0,0,3,0,0,0,0,0,0,0,0,0,0,0,0,0,0,0,0,57,9,0,0,0,0,0,39,0,0,0,0
balance_sheet@lemmy.world,69,0,0,0,0,2,0,0,0,0,0,0,0,0,0,0,0,0,0,0,0,0,15,0,0,0,0,0,0,22,0,0,0,0
paradoxvoid@aussie.zone,0,0,0,0,0,10,0,0,0,0,0,0,0,0,0,0,0,0,0,0,0,0,12,0,0,0,0,0,0,84,1,0,0,0
pruwybn@discuss.tchncs.de,17,0,0,0,0,0,0,0,0,0,0,0,0,0,0,18,8,1,0,0,0,12,51,0,0,0,0,0,0,0,0,0,0,0
perennial@lemmy.sdf.org,22,0,0,7,3,5,0,0,1,0,0,0,0,0,0,3,3,0,0,0,0,0,0,0,0,0,0,0,0,63,0,0,0,0
SniperFred@feddit.de,76,0,8,0,0,0,0,0,0,0,0,0,12,0,0,0,0,0,0,0,0,0,3,0,0,0,0,0,0,8,0,0,0,0
Drifkialeon@feddit.it,7,0,0,5,0,0,0,0,30,8,0,0,0,0,0,0,0,0,0,0,0,0,0,0,8,0,4,17,0,28,0,0,0,0
Gimly@lemmy.world,0,0,0,0,0,0,0,0,0,0,0,0,0,0,0,0,0,0,0,0,0,0,19,0,0,0,0,0,0,87,0,0,0,0
galactix@thegarden.land,70,0,0,0,0,0,4,0,0,0,0,0,17,0,0,0,0,12,1,0,0,0,0,0,0,0,0,0,2,0,0,0,0,0
GreenGreatDragon@feddit.dk,0,0,0,1,0,0,0,0,0,0,0,0,0,0,0,0,0,0,0,0,0,0,1,0,0,0,0,0,0,103,0,0,0,0
arudesalad@lemmy.world,4,0,0,0,0,0,0,0,0,0,0,0,0,0,0,0,0,0,0,0,0,0,0,0,0,0,0,0,0,96,5,0,0,0
SporraticConversion@discuss.tchncs.de,0,3,1,0,0,20,0,0,0,0,0,0,0,0,0,0,0,0,0,0,0,28,0,0,0,0,0,53,0,0,0,0,0,0
noresih713@lemmy.world,8,0,0,0,0,32,0,0,0,0,4,0,0,0,0,0,0,0,0,0,0,0,31,0,0,0,0,0,0,7,23,0,0,0
shrugal@lemm.ee,6,0,0,0,0,0,0,0,0,0,0,0,6,0,0,0,0,0,0,0,0,0,0,0,83,0,0,1,0,9,0,0,0,0
rustyricotta@lemmy.ml,63,0,0,0,0,10,0,0,0,0,0,19,0,0,0,0,0,0,0,0,1,7,0,0,0,0,0,0,0,5,0,0,0,0
yogurtwrong@lemmy.world,1,0,0,0,0,67,0,0,0,0,15,0,0,0,0,0,2,0,0,0,0,20,0,0,0,0,0,0,0,0,0,0,0,0
FlyingOtter@feddit.de,10,24,17,7,0,0,0,0,9,0,0,0,0,0,0,0,0,0,0,0,0,18,19,0,0,0,0,0,0,0,0,0,0,0
thundercunt@lemm.ee,80,0,0,0,0,1,0,0,0,0,0,7,0,0,0,0,16,0,0,0,0,0,0,0,0,0,0,0,0,0,0,0,0,0
xiyere298@lemmy.world,12,0,0,0,0,31,0,0,0,0,5,0,0,0,0,0,0,0,0,0,0,0,29,0,0,0,0,0,0,5,21,0,0,0
PrivateNoob@sopuli.xyz,0,0,0,0,0,0,4,1,0,0,1,0,53,0,0,0,0,0,0,0,25,6,6,0,6,1,0,0,0,0,0,0,0,0
Obi@sopuli.xyz,0,0,0,0,0,1,0,0,0,0,0,0,0,0,0,0,0,0,0,0,0,0,44,0,0,0,0,0,0,29,29,0,0,0
spaduf@lemmy.blahaj.zone,7,0,0,0,0,0,0,0,0,0,0,0,10,9,0,0,0,0,0,0,0,25,0,0,15,21,0,16,0,0,0,0,0,0
Hallainzil@lemmy.world,1,0,0,0,0,11,0,0,0,0,0,51,0,0,0,0,40,0,0,0,0,0,0,0,0,0,0,0,0,0,0,0,0,0
Kaiki_Devil@lemmy.ml,73,0,0,0,0,0,0,0,0,0,2,0,2,0,0,0,0,2,0,0,0,0,3,0,3,0,0,0,0,18,0,0,0,0
evanuggetpi@lemmy.nz,0,0,0,0,0,0,0,0,0,0,0,0,0,0,0,0,0,0,0,0,0,0,0,103,0,0,0,0,0,0,0,0,0,0
gokaya6667@lemmy.world,9,0,0,0,0,35,0,0,0,0,3,0,0,0,0,0,0,0,0,0,0,0,26,0,0,0,0,0,0,7,22,0,0,0
lazycouchpotato@lemmy.world,70,0,0,4,0,4,0,0,0,0,2,0,0,0,0,0,0,0,0,0,2,0,6,0,0,0,0,0,0,14,0,0,0,0
bevan@lemmy.nz,1,0,0,0,0,0,0,0,0,0,0,0,0,0,0,0,0,0,0,0,0,0,14,87,0,0,0,0,0,0,0,0,0,0
Grungeehamster@lemmy.world,23,0,6,2,0,10,3,0,0,0,8,0,1,0,0,0,8,3,0,0,0,0,0,0,0,0,0,4,9,17,3,4,0,0
kerplink@lemmy.sedimentarymountains.com,17,0,0,0,0,0,0,0,0,0,0,0,10,3,0,18,0,0,0,0,0,25,0,25,0,0,0,0,3,0,0,0,0,0
skabunkel@lemmy.world,53,0,0,0,0,4,0,0,0,0,0,0,0,0,0,0,0,0,0,0,0,0,1,0,0,0,0,0,0,43,0,0,0,0
wiftoff93@lemmy.today,0,3,0,0,0,17,0,0,0,0,0,0,0,0,0,0,0,0,0,0,0,45,0,0,0,0,0,36,0,0,0,0,0,0
jajeje3923@lemmy.world,7,0,0,0,0,33,0,0,0,0,4,0,0,0,0,0,0,0,0,0,0,0,29,0,0,0,0,0,0,7,20,0,0,0
hyper@lemmy.world,10,0,0,0,0,0,0,0,0,0,16,0,15,0,0,0,14,0,0,0,0,0,14,0,10,0,0,0,0,21,0,0,0,0
SorryforSmelling@lemmy.blahaj.zone,55,1,14,0,0,6,0,0,0,0,0,0,4,0,0,0,0,0,0,0,0,0,0,0,2,0,0,0,0,0,18,0,0,0
Dromnom@lemmy.ml,97,0,0,0,0,2,0,0,0,0,0,0,0,0,0,0,0,0,0,0,0,0,0,0,0,0,0,0,0,0,0,0,0,0
brokengood@endlesstalk.org,0,3,1,0,1,13,0,0,0,0,0,0,0,0,0,1,0,0,0,0,0,47,0,0,0,0,0,33,0,0,0,0,0,0
pacogens@lemmy.ml,0,0,0,0,0,0,0,0,0,0,0,0,48,0,0,0,0,0,0,0,0,0,1,0,0,0,0,0,0,50,0,0,0,0
medgremlin@lemmy.sdf.org,0,0,0,0,0,2,0,0,0,0,9,0,0,0,0,0,0,0,0,0,0,87,0,0,0,0,0,0,0,0,0,0,0,0
similideano@sopuli.xyz,59,0,0,0,0,18,0,0,0,0,0,0,0,0,0,0,0,0,0,0,0,0,21,0,0,0,0,0,0,0,0,0,0,0
cilantro_is_good@waveform.social,0,4,1,0,0,14,0,0,0,0,0,0,0,0,0,0,0,0,0,0,0,47,0,0,0,0,0,32,0,0,0,0,0,0
daudi@lemmy.world,61,0,0,4,0,0,6,0,22,0,0,0,0,0,0,0,0,0,0,0,0,0,0,4,0,0,0,1,0,0,0,0,0,0
ady@lemmy.blahaj.zone,0,0,0,0,0,3,0,0,0,0,7,10,38,1,0,0,0,0,0,0,0,0,0,0,3,35,0,0,0,0,0,0,0,0
fauli1221@feddit.de,16,0,0,0,22,0,0,0,1,0,0,0,19,0,0,0,0,0,0,0,0,0,0,0,0,0,0,2,0,36,1,0,0,0
NeoTheFolf@lemmy.world,0,0,0,0,0,0,0,0,0,0,0,0,0,0,0,0,0,0,0,0,0,44,41,2,0,0,0,10,0,0,0,0,0,0
sgtsilverlining@lemmy.blahaj.zone,33,20,1,0,0,0,0,0,0,0,12,15,0,0,0,0,0,0,0,0,0,16,0,0,0,0,0,0,0,0,0,0,0,0
i_cant_sports@lemmy.ml,53,0,0,0,0,3,0,0,0,0,0,0,0,1,0,0,0,6,0,0,0,0,12,0,0,0,0,0,0,11,11,0,0,0
airradda_@lemmy.ml,0,0,0,0,0,0,0,0,0,0,0,42,0,0,0,1,9,0,0,0,0,23,22,0,0,0,0,0,0,0,0,0,0,0
mdwhite999@lemmy.sdf.org,77,0,0,0,0,0,0,0,0,0,0,0,0,0,0,0,0,0,0,0,0,0,0,0,0,19,0,0,0,0,0,0,0,0
Xortarnation@pricefield.org,0,4,1,0,0,15,0,0,0,0,0,0,0,0,0,0,0,0,0,0,0,30,0,0,0,0,0,46,0,0,0,0,0,0
whatsgoodwisconsin@lemmy.tf,0,4,1,0,0,14,0,0,0,0,0,0,0,0,0,1,0,0,0,0,0,42,0,0,0,0,0,34,0,0,0,0,0,0
Rubix@lemmy.blahaj.zone,1,3,0,0,0,0,0,0,0,0,1,1,11,0,0,0,23,0,0,0,38,2,12,0,0,1,0,0,0,3,0,0,0,0
artlin@lemmy.ml,19,0,0,0,0,7,0,0,0,0,0,0,0,0,0,14,26,0,0,0,1,5,4,0,0,0,0,0,18,2,0,0,0,0
Mortymcfry@aussie.zone,0,0,0,0,0,1,0,0,0,0,0,0,0,0,0,0,0,0,0,0,0,0,94,1,0,0,0,0,0,0,0,0,0,0
SkrillyD@lemmy.world,4,70,0,0,0,0,0,0,1,0,0,0,0,0,0,0,0,0,0,0,0,0,0,0,0,0,0,0,0,1,19,0,0,0
nano@nano.garden,9,0,0,0,0,0,0,0,0,0,0,0,0,0,0,0,0,0,0,0,0,0,86,0,0,0,0,0,0,0,0,0,0,0
ChaoticNeutralCzech@czech-lemmy.eu,35,0,2,6,8,3,0,0,0,0,0,0,0,0,0,0,0,0,0,0,0,2,11,0,0,0,0,1,10,10,7,0,0,0
derFensterputzer@feddit.de,30,0,0,0,0,0,0,0,0,0,12,0,12,0,0,0,0,0,0,0,0,0,3,0,0,3,0,1,0,33,0,0,0,0
SocialPhilosopher@lemm.ee,24,1,0,0,0,13,0,0,0,0,10,8,16,9,0,0,0,0,0,0,0,0,0,0,0,0,0,0,0,13,0,0,0,0
Quik@infosec.pub,44,0,0,0,0,0,0,0,0,0,1,0,2,0,0,0,47,0,0,0,0,0,0,0,0,0,0,0,0,0,0,0,0,0
MisterUrsus@pricefield.org,25,0,1,18,0,1,0,0,0,0,0,0,0,0,0,0,0,0,0,0,8,19,21,0,0,0,0,0,0,0,0,0,0,0
TheRtRevKaiser@beehaw.org,54,0,3,13,0,1,0,0,0,16,0,0,6,0,0,0,0,0,0,0,0,0,0,0,0,0,0,0,0,0,0,0,0,0
xradeon@lemmy.one,0,0,0,0,0,0,0,0,0,0,0,0,0,0,0,0,0,0,0,0,0,1,0,0,2,0,0,90,0,0,0,0,0,0
kommerzbert@feddit.de,2,0,0,0,0,0,0,0,0,0,0,0,2,0,0,0,0,0,0,0,0,38,0,0,30,0,0,9,0,11,0,0,0,0
Johannes@feddit.nu,0,0,0,0,0,0,0,0,0,0,0,0,2,0,0,0,0,0,0,0,0,15,75,0,0,0,0,0,0,0,0,0,0,0
only0218@sh.itjust.works,10,0,0,0,0,8,0,0,0,0,0,0,16,0,0,0,19,1,4,0,0,0,0,0,0,1,1,29,0,0,3,0,0,0
Redjard@reddthat.com,42,1,1,0,1,75,0,0,0,0,0,1,0,0,0,0,0,0,0,0,0,0,0,0,3,1,0,0,0,47,0,0,0,0
Redjard@lemmy.fmhy.net,41,1,0,0,1,73,0,0,0,0,0,0,0,0,0,0,0,0,0,0,0,0,0,0,2,0,0,2,0,48,0,0,0,0
rmean@feddit.de,42,0,0,0,0,0,0,0,0,0,0,0,27,0,0,0,0,0,0,0,0,0,0,0,0,0,0,0,0,21,0,0,0,0
speculater@lemmy.world,0,0,0,0,0,1,0,0,0,0,0,0,0,0,14,0,0,0,0,0,0,0,0,40,0,0,0,0,0,35,0,0,0,0
Darbot@feddit.de,28,0,0,0,0,0,0,0,0,0,0,0,24,0,0,0,0,0,0,0,0,0,0,0,2,0,0,0,0,34,0,1,0,0
donnachaidh@lemmy.dcmrobertson.com,2,0,0,0,0,1,0,0,0,0,8,0,20,0,0,0,0,4,0,0,0,0,19,0,7,0,0,0,0,28,0,0,0,0
blau1476@lemmy.world,26,0,0,2,0,4,0,0,1,0,0,5,7,0,0,5,0,0,0,1,0,17,11,1,0,7,0,0,0,2,0,0,0,0
gamarus@lemmy.cat,84,0,0,0,0,5,0,0,0,0,0,0,0,0,0,0,0,0,0,0,0,0,0,0,0,0,0,0,0,0,0,0,0,0
Redjard@sh.itjust.works,42,1,0,0,0,69,0,0,0,0,0,0,0,0,0,0,0,0,0,0,0,0,2,0,2,1,0,0,0,45,0,0,0,0
zghva@lemmy.sdf.org,39,2,0,0,0,2,0,0,0,0,0,0,0,0,0,0,0,0,0,0,0,0,0,0,0,0,0,0,0,46,0,0,0,0
HeckGazer@lemmy.world,0,0,0,0,0,5,0,0,0,0,0,0,0,0,0,0,0,0,0,0,0,0,62,0,0,0,0,0,0,21,0,0,0,0
XioXis@sh.itjust.works,0,0,0,11,3,1,7,0,0,0,0,0,0,0,0,0,0,0,0,0,0,0,1,0,0,0,0,2,3,60,0,0,0,0
Arthur@infosec.pub,29,0,0,0,0,2,0,0,0,0,0,0,0,0,0,8,26,0,0,0,0,4,8,0,0,0,0,0,8,3,0,0,0,0
Redjard@discuss.online,41,1,0,0,1,73,0,0,0,0,0,3,0,0,0,0,0,0,0,0,0,0,0,0,1,0,0,0,0,45,0,0,0,0
ty3r0x@social.dn42.us,78,0,0,0,0,7,0,0,0,0,0,0,2,0,0,0,0,0,0,0,0,0,0,0,0,0,0,0,0,0,0,0,0,0
Jim_Greece@lemmy.world,0,0,0,0,0,2,0,0,0,0,0,0,0,0,0,0,0,0,0,0,0,0,85,0,0,0,0,0,0,0,0,0,0,0
Redjard@lemm.ee,42,0,1,0,0,71,0,0,0,0,0,1,0,0,0,0,0,0,0,0,1,0,0,0,2,1,0,1,0,43,0,0,0,0
Astrealix@lemmy.world,5,0,6,12,39,1,0,0,0,0,0,0,0,0,0,0,0,0,0,0,0,0,0,0,0,0,0,0,0,23,0,0,0,0
invader_from_saturn@lemmy.eco.br,24,0,0,0,0,0,0,0,0,0,0,0,12,0,0,0,49,1,0,0,0,0,0,0,0,0,0,0,0,0,0,0,0,0
abbadon420@lemm.ee,0,0,0,0,0,0,0,0,0,0,0,0,0,0,0,24,24,32,0,0,0,0,6,0,0,0,0,0,0,0,0,0,0,0
hvc_fogey34@lemmy.world,6,0,0,0,0,0,0,0,0,0,0,80,0,0,0,0,0,0,0,0,0,0,0,0,0,0,0,0,0,0,0,0,0,0
willycode@programming.dev,0,0,0,0,0,0,0,0,0,0,0,0,0,0,0,0,0,0,0,0,0,0,86,0,0,0,0,0,0,0,0,0,0,0
AomoriRingo@lemmy.world,0,0,0,0,0,0,0,0,0,0,0,0,0,0,0,0,0,0,0,0,0,76,10,0,0,0,0,0,0,0,0,0,0,0
Redjard@lemdro.id,41,1,1,0,0,68,0,0,0,0,0,0,1,0,0,0,0,0,0,0,0,1,0,0,2,0,0,1,0,43,0,0,0,0
mr_alkaline_vegans@lemmy.world,0,0,0,0,0,0,85,0,0,0,0,0,0,0,0,0,0,0,0,0,0,0,0,0,0,0,0,0,0,0,0,0,0,0
00_Evan@lemmy.world,0,0,0,0,0,0,3,2,28,0,0,6,6,39,0,1,0,0,0,0,0,0,0,0,0,0,0,0,0,0,0,0,0,0
mhzawadi@lemmy.horwood.cloud,0,0,0,0,0,11,0,0,0,0,0,0,0,0,0,0,74,0,0,0,0,0,0,0,0,0,0,0,0,0,0,0,0,0
Pixelsuppe@sh.itjust.works,35,10,0,0,0,0,0,0,0,0,0,0,8,0,0,0,0,0,0,0,0,0,0,0,0,0,0,0,0,32,0,0,0,0
jarim60367@lemmy.world,5,0,0,0,0,33,0,0,0,0,0,0,0,0,0,0,0,0,0,0,0,0,28,0,0,0,0,0,0,7,11,0,0,0
captainskipper@feddit.de,14,0,0,0,2,1,0,0,0,0,0,0,13,9,0,25,0,0,0,0,0,0,14,0,0,4,0,2,0,0,0,0,0,0
Trippin@lemmy.world,0,0,0,0,0,0,0,0,0,0,33,0,0,0,0,0,0,0,0,0,0,0,22,0,0,0,0,0,0,1,28,0,0,0
efwis@lemmy.zip,0,0,0,4,0,5,0,0,0,0,0,74,0,0,0,0,0,0,0,0,0,0,0,0,0,0,0,0,0,0,0,0,0,0
JTStrikesBack@lemm.ee,0,0,0,8,0,1,0,0,0,6,0,0,5,0,14,0,34,0,0,0,0,3,4,0,0,0,0,1,0,7,0,0,0,0
plactagonic@sopuli.xyz,36,0,0,0,0,0,0,0,0,0,0,0,0,0,0,0,17,0,0,0,0,0,12,0,0,0,0,0,0,18,0,0,0,0
SlowDancer@lemm.ee,0,0,0,0,0,0,0,0,0,0,0,0,0,0,0,0,0,0,0,0,0,0,0,0,0,0,0,4,51,28,0,0,0,0
LittleSpark@feddit.nu,34,0,0,0,7,0,0,0,0,0,0,0,0,0,0,9,0,0,0,0,10,0,0,0,0,0,1,22,0,0,0,0,0,0
Prismey@sh.itjust.works,0,0,0,0,0,0,0,0,0,0,0,0,0,0,0,0,0,0,0,0,0,23,0,0,0,0,0,0,0,59,0,0,0,0
flower3@feddit.de,0,0,0,0,0,1,0,0,0,0,0,0,4,0,0,0,63,10,0,0,0,0,4,0,0,0,0,0,0,0,0,0,0,0
Nath@lemmy.world,0,0,0,0,0,0,0,0,0,0,0,0,0,0,0,0,0,0,0,0,0,0,82,0,0,0,0,0,0,0,0,0,0,0
Tyaida@lemmy.world,67,0,0,0,0,0,1,0,0,0,0,0,0,1,0,0,0,1,0,0,0,0,3,0,1,0,1,0,1,6,0,0,0,0
nak@lemmy.blahaj.zone,0,0,0,0,0,0,0,0,0,0,0,0,0,0,0,0,0,0,0,0,0,8,73,0,0,0,0,0,0,0,0,0,0,0
sam@lemmy.ca,81,0,0,0,0,0,0,0,0,0,0,0,0,0,0,0,0,0,0,0,0,0,0,0,0,0,0,0,0,0,0,0,0,0
megane_kun@lemm.ee,2,0,0,0,0,0,0,0,0,0,0,0,0,0,0,0,0,0,0,0,0,0,79,0,0,0,0,0,0,0,0,0,0,0
HeyMacaroni@lemmy.world,0,0,4,7,0,2,0,2,0,0,0,0,0,0,0,0,0,0,0,0,0,66,0,0,0,0,0,0,0,0,0,0,0,0
Faresh@lemmy.ml,2,0,0,0,0,1,0,0,0,0,0,0,0,0,0,11,4,2,0,0,0,12,23,0,0,0,0,0,0,17,8,0,0,0
photonic_sorcerer@lemmy.dbzer0.com,21,0,0,0,0,11,0,0,0,0,0,0,2,0,0,0,46,0,0,0,0,0,0,0,0,0,0,0,0,0,0,0,0,0
Johnathan_Snake@feddit.de,1,0,0,0,0,0,0,0,0,0,0,0,16,0,0,0,0,0,0,0,0,53,6,0,0,0,0,4,0,0,0,0,0,0
cralder@lemmy.world,0,0,0,0,0,0,0,0,0,0,0,0,0,0,0,0,0,0,0,0,0,0,0,0,0,0,0,0,0,80,0,0,0,0
Kaerell_@sh.itjust.works,0,0,0,0,0,2,0,0,0,0,0,0,0,0,0,0,14,0,0,0,0,0,0,0,0,0,0,0,0,64,0,0,0,0
EdherJr@sh.itjust.works,0,0,0,0,0,1,0,0,0,0,0,0,3,0,0,0,76,0,0,0,0,0,0,0,0,0,0,0,0,0,0,0,0,0
blujan@sopuli.xyz,35,0,1,9,2,0,0,0,0,0,0,8,12,0,0,8,0,0,0,0,0,0,5,0,0,0,0,0,0,0,0,0,0,0
Daudix@geddit.social,0,0,0,3,1,20,0,6,0,0,0,0,0,1,0,0,0,0,0,0,0,3,0,0,3,13,16,0,13,0,0,0,0,0
PM_CTD2@lemmy.world,0,0,1,5,0,5,0,2,5,7,0,0,0,0,1,1,0,0,0,0,1,0,1,0,0,2,0,40,4,4,0,0,0,0
jocarnail@lemmy.world,0,0,0,19,0,0,2,7,1,0,0,7,0,0,0,0,10,9,0,0,0,1,0,0,0,0,0,0,0,16,7,0,0,0
Sargteapot@lemmy.world,0,0,0,0,0,0,0,0,0,0,0,0,6,0,0,0,0,0,0,0,0,0,66,0,0,0,0,0,0,0,6,0,0,0
Anonym271@feddit.de,25,0,0,0,0,0,0,0,0,0,0,0,4,0,0,0,0,0,0,0,0,0,15,0,0,0,0,0,0,34,0,0,0,0
turboturtle@sh.itjust.works,66,0,0,0,0,8,0,0,0,0,0,0,0,0,0,0,0,1,0,0,0,0,0,0,3,0,0,0,0,0,0,0,0,0
Oxandeath@lemm.ee,0,0,0,0,0,0,0,0,0,0,0,0,9,0,0,43,0,0,0,0,3,0,0,10,0,0,0,3,0,10,0,0,0,0
BitSound@lemmy.world,5,0,0,0,0,2,0,0,0,0,0,0,0,0,0,0,0,0,0,0,0,0,0,0,0,10,56,0,0,5,0,0,0,0
Freakazoid@feddit.nl,3,0,0,1,16,0,0,0,0,0,14,0,0,0,0,0,12,0,0,0,0,4,5,0,0,1,0,0,0,0,21,0,0,0
Sibbo@sopuli.xyz,35,0,1,0,0,0,0,0,0,0,0,0,19,0,0,0,0,0,0,0,0,0,0,0,0,0,0,0,0,22,0,0,0,0
Doctorspike@lemmy.world,24,0,0,0,0,0,0,0,0,0,0,0,0,0,0,0,1,0,0,0,0,0,0,0,0,0,0,0,0,1,27,24,0,0
sag@lemmy.world,67,1,0,0,0,6,0,0,0,0,0,0,0,0,0,0,1,0,0,0,0,0,0,0,0,0,0,0,0,0,0,1,0,0
habimij971@lemmy.world,4,0,0,0,0,32,0,0,0,0,0,0,0,0,0,0,0,0,0,0,0,0,27,0,0,0,0,0,0,7,6,0,0,0
Dan@casavaga.com,0,0,0,0,0,76,0,0,0,0,0,0,0,0,0,0,0,0,0,0,0,0,0,0,0,0,0,0,0,0,0,0,0,0
kodoku@beehaw.org,1,0,0,0,7,0,0,0,0,0,3,5,20,0,0,0,0,0,0,0,4,9,0,0,4,0,0,0,0,6,0,17,0,0
0xmrtt@lemmyrs.org,0,0,0,0,0,0,0,0,0,0,0,0,0,39,0,12,0,0,0,0,0,14,0,0,0,0,0,0,10,0,0,0,0,0
tschuuuls@feddit.de,63,0,0,0,0,12,0,0,0,0,0,0,0,0,0,0,0,0,0,0,0,0,0,0,0,0,0,0,0,0,0,0,0,0
kurondie@lemmy.world,0,0,0,0,0,1,0,0,0,0,5,1,0,0,0,0,0,0,0,0,0,24,0,0,0,5,0,32,0,7,0,0,0,0
eye@lemmy.ml,52,0,0,0,0,21,0,0,0,0,0,0,0,0,0,0,0,0,0,0,0,0,0,0,0,0,0,0,0,1,1,0,0,0
mic@lemmy.ml,54,0,0,0,0,0,0,0,0,0,0,0,21,0,0,0,0,0,0,0,0,0,0,0,0,0,0,0,0,0,0,0,0,0
Ritschiratschi@feddit.de,0,0,0,0,0,6,0,0,0,0,38,31,0,0,0,0,0,0,0,0,0,0,0,0,0,0,0,0,0,0,0,0,0,0
inductor@feddit.de,16,0,0,0,0,0,0,0,0,0,0,0,1,0,0,0,0,0,0,0,0,0,6,49,0,0,0,0,0,3,0,0,0,0
r00bot@lemmy.blahaj.zone,0,0,0,0,0,0,0,0,0,0,0,0,0,0,0,0,0,0,0,0,0,0,0,0,0,0,0,60,0,15,0,0,0,0
hreflex@yiffit.net,0,0,0,0,0,0,0,0,0,0,0,0,0,0,0,0,0,0,0,0,0,0,75,0,0,0,0,0,0,0,0,0,0,0
dadam@lemmy.world,6,0,0,0,0,4,0,0,0,0,0,0,0,0,0,0,0,0,0,0,0,0,27,0,0,0,0,0,0,37,0,0,0,0
flatworm0084@feddit.de,0,0,0,0,0,0,0,0,0,0,2,0,2,0,0,0,0,0,0,0,0,0,69,0,0,0,0,0,0,1,0,0,0,0
Thoxy@lemmy.zip,0,0,0,0,14,0,0,0,0,0,14,40,5,0,0,0,0,0,0,0,0,0,0,0,0,0,0,0,0,1,0,0,0,0
johandea@feddit.nu,0,0,0,0,0,0,0,0,0,0,0,1,27,0,0,0,0,0,0,0,0,0,45,0,0,0,0,0,0,0,0,0,0,0
KenDoStudios@lemmy.world,0,0,0,0,37,1,0,0,21,10,0,4,0,0,0,0,0,0,0,0,0,0,0,0,0,0,0,0,0,0,0,0,0,0
JillyB@beehaw.org,9,0,0,0,0,0,0,0,0,57,0,0,7,0,0,0,0,0,0,0,0,0,0,0,0,0,0,0,0,0,0,0,0,0
Compn12@sh.itjust.works,0,0,0,0,0,0,0,0,0,0,0,0,0,0,0,0,0,0,0,0,0,0,73,0,0,0,0,0,0,0,0,0,0,0
SigneowTheCat@lemmy.world,6,0,0,1,6,0,0,0,0,0,6,0,0,0,0,0,0,0,0,13,19,0,0,1,0,0,0,14,7,0,0,0,0,0
threelonmusketeers@sh.itjust.works,29,0,0,42,0,1,0,0,0,0,0,0,0,0,0,0,0,0,0,0,0,0,0,0,0,0,0,0,0,1,0,0,0,0
mregorkaul@sh.itjust.works,2,0,0,0,0,1,0,0,0,0,27,1,1,0,0,0,10,2,0,0,0,0,6,0,8,10,0,3,0,1,0,0,0,0
calhoon2005@aussie.zone,0,0,0,0,0,0,0,0,0,0,0,0,0,0,47,0,13,0,0,0,0,0,12,0,0,0,0,0,0,0,0,0,0,0
SteveTech@programming.dev,0,0,0,0,0,0,0,0,0,0,0,0,0,0,0,0,0,0,0,0,0,0,71,0,0,0,0,0,0,0,0,0,0,0
Danterious@lemmy.world,69,0,0,0,0,2,0,0,0,0,0,0,0,0,0,0,0,0,0,0,0,0,0,0,0,0,0,0,0,0,0,0,0,0
flamingmongoose@lemmy.blahaj.zone,0,0,0,0,0,0,0,0,0,0,6,1,0,0,0,0,0,0,0,0,0,59,4,0,0,0,0,0,0,0,0,0,0,0
Dashi52@lemmy.world,0,0,0,0,1,0,0,0,0,0,0,1,34,22,0,0,0,0,0,0,0,0,0,0,1,11,0,0,0,0,0,0,0,0
VeryEpicPotato@lemmy.comfysnug.space,69,1,0,0,0,0,0,0,0,0,0,0,0,0,0,0,0,0,0,0,0,0,0,0,0,0,0,0,0,0,0,0,0,0
confluence@lemmy.world,23,0,0,0,0,1,0,0,0,0,0,0,0,0,0,0,0,1,0,0,0,0,0,0,0,0,0,3,0,16,18,8,0,0
CatLikeLemming@lemmy.blahaj.zone,0,0,0,0,0,0,0,0,0,0,0,0,0,0,0,0,0,0,0,0,0,69,0,0,0,0,0,0,0,0,0,0,0,0
DowntownQuality@lemmynsfw.com,21,0,0,0,0,0,0,0,3,0,0,0,0,0,0,0,0,0,0,0,0,0,0,0,0,0,0,0,0,45,0,0,0,0
darukhnarn@feddit.de,22,0,0,0,0,0,0,0,0,7,10,0,16,0,0,0,0,0,0,0,0,0,5,0,0,0,0,0,0,9,0,0,0,0
RayNheartZ@lemmy.world,0,0,0,0,2,0,0,0,0,0,0,18,0,9,0,0,0,0,0,0,17,4,0,0,0,0,7,8,0,4,0,0,0,0
dormedas@lemmy.dormedas.com,63,0,0,0,0,6,0,0,0,0,0,0,0,0,0,0,0,0,0,0,0,0,0,0,0,0,0,0,0,0,0,0,0,0
sotis@lemmy.world,0,0,2,10,0,0,0,0,6,0,0,20,1,4,5,4,0,0,0,3,6,0,0,0,7,0,0,0,0,0,0,0,0,0
codebam@lemmy.ca,0,0,0,0,0,0,0,0,0,0,11,0,0,0,0,0,38,0,0,0,0,13,0,0,0,0,0,0,0,5,1,0,0,0
osrsneedsf2p@lemmygrad.ml,68,0,0,0,0,0,0,0,0,0,0,0,0,0,0,0,0,0,0,0,0,0,0,0,0,0,0,0,0,0,0,0,0,0
AnimalsR4Eating@lemmy.world,0,0,0,0,0,63,0,0,0,0,0,0,0,0,0,0,0,0,0,0,0,0,0,0,0,0,0,0,1,1,2,1,0,0
Jomosoto@discuss.tchncs.de,13,0,0,0,0,3,0,0,0,0,0,0,6,0,0,0,0,0,0,0,0,0,42,0,3,0,0,0,0,0,0,0,0,0
Lileath@lemmy.blahaj.zone,10,0,0,1,0,0,0,0,0,0,6,0,3,0,0,0,0,0,0,0,0,19,0,0,9,6,0,1,0,12,0,0,0,0
SnootypantsEh@lemmy.ca,8,0,0,0,5,0,0,0,0,0,0,0,0,0,0,6,14,0,0,0,0,8,7,0,0,0,0,0,0,19,0,0,0,0
dadam@lemmy.blahaj.zone,11,0,0,0,0,2,0,0,0,0,1,0,0,1,0,0,0,0,0,0,0,1,18,0,0,4,0,0,0,29,0,0,0,0
deras@lemmy.world,0,0,0,0,0,0,0,0,0,0,0,0,0,0,0,0,0,0,0,0,0,0,58,0,0,0,0,0,0,9,0,0,0,0
quarlow@lemmy.world,28,0,0,0,27,0,0,0,0,0,0,0,0,0,11,0,0,0,0,0,0,0,0,0,0,0,0,0,0,0,0,0,0,0
emenac@lemmy.world,0,0,0,0,0,0,0,0,0,0,0,0,0,0,0,0,0,0,0,0,0,0,0,0,0,0,0,0,0,66,0,0,0,0
Ananas77@feddit.de,39,0,0,0,0,0,0,0,0,0,0,0,7,0,0,0,0,0,0,0,0,0,0,0,0,0,0,0,0,20,0,0,0,0
skelper@lemmy.world,1,1,23,7,9,2,20,0,2,0,0,0,0,0,0,0,0,0,0,0,0,0,0,0,0,0,0,0,0,0,1,0,0,0
freeman@feddit.de,3,0,0,0,0,27,0,0,0,0,0,0,0,0,0,0,0,0,0,0,0,22,0,0,0,0,0,0,0,13,0,0,0,0
Trustacean@toast.ooo,3,3,0,16,4,0,0,0,1,0,0,0,0,0,0,0,0,0,0,0,0,0,0,0,0,0,13,24,1,0,0,0,0,0
PhiliPdB@feddit.nl,0,0,0,0,0,0,0,0,0,0,49,0,0,0,0,0,0,0,0,0,0,0,9,0,0,0,0,0,0,0,7,0,0,0
StarShocked@lemmy.blahaj.zone,13,0,0,0,0,0,0,0,0,0,0,6,0,0,0,0,0,0,0,0,0,16,3,0,3,0,0,24,0,0,0,0,0,0
fouc@lemm.ee,0,0,0,0,0,0,0,0,0,0,0,0,0,0,0,0,0,0,0,0,0,0,63,0,0,0,0,0,0,2,0,0,0,0
Username02@lemmy.world,10,1,0,0,0,3,0,2,1,2,2,1,1,0,4,2,5,2,0,0,0,11,12,1,0,2,0,0,0,2,0,0,0,0
aetrix@lemmy.world,0,0,0,0,0,4,0,0,0,0,0,0,0,0,0,0,0,0,0,0,0,16,15,0,0,0,0,0,16,12,0,0,0,0
NeilZar@feddit.nl,0,0,0,0,0,0,0,0,0,0,39,0,0,0,0,0,0,0,0,0,0,0,14,0,0,0,0,0,1,0,9,0,0,0
thewitchofcalamari@bookwormstory.social,0,0,0,0,1,0,0,0,0,0,0,0,0,0,0,0,0,0,0,0,62,0,0,0,0,0,0,0,0,0,0,0,0,0
Jmr@lemmy.world,0,0,0,0,0,1,0,0,6,0,0,0,0,0,0,0,0,0,0,0,0,0,34,0,0,0,0,0,0,21,0,0,0,0
ademos@lemmy.world,12,1,0,0,0,0,0,0,0,0,0,0,27,0,0,0,0,0,0,0,0,0,6,0,0,0,0,0,0,0,1,15,0,0
hackitfast@lemmy.world,1,0,0,0,0,1,0,0,0,0,0,0,0,0,0,0,0,0,0,0,0,44,0,0,0,0,0,16,0,0,0,0,0,0
amansman@lemmy.world,0,0,2,1,14,1,0,0,0,0,0,0,0,0,0,0,0,0,0,0,0,0,0,0,0,0,0,0,9,35,0,0,0,0
RandomRobot@reddthat.com,0,0,0,0,0,0,0,0,0,0,0,0,2,0,0,21,0,0,0,0,2,1,36,0,0,0,0,0,0,0,0,0,0,0
f5xs_bhw0a@beehaw.org,30,0,1,0,0,11,0,0,0,0,0,0,0,0,0,0,0,0,0,0,5,0,1,0,0,0,0,0,0,14,0,0,0,0
bsdguy0@programming.dev,0,0,0,0,0,2,0,0,0,0,0,0,0,0,0,0,0,0,0,0,0,0,0,0,0,0,0,0,0,0,52,8,0,0
anothercat434@lemmy.world,41,1,0,0,0,1,0,0,0,0,15,0,0,0,0,0,0,0,0,0,0,4,0,0,0,0,0,0,0,0,0,0,0,0
Nugget359@lemmy.world,8,0,0,0,0,0,0,0,0,0,0,0,0,0,0,0,0,0,0,0,0,0,0,0,0,0,0,0,0,53,0,0,0,0
FairyZombie@lemmy.world,27,0,0,0,0,19,0,0,0,0,0,4,0,0,0,0,0,0,0,0,0,0,0,0,0,0,0,3,0,8,0,0,0,0
ehsan301@lemmy.world,55,0,0,0,0,3,0,0,0,0,0,0,3,0,0,0,0,0,0,0,0,0,0,0,0,0,0,0,0,0,0,0,0,0
jjagaimo@lemmy.ca,42,0,0,13,0,0,0,0,0,0,0,0,0,0,0,0,0,0,0,0,0,0,0,0,0,0,0,0,0,6,0,0,0,0
the_yaya@lemmy.world,20,19,0,0,0,1,13,3,4,0,0,0,0,0,0,0,0,0,0,0,0,0,0,0,0,0,0,0,0,0,0,0,0,0
0x4576616e@lemmy.blahaj.zone,3,0,0,0,0,0,0,0,0,0,9,9,0,0,0,0,0,0,0,0,0,39,0,0,0,0,0,0,0,0,0,0,0,0
ArcticAmphibian@lemmus.org,58,0,0,0,0,2,0,0,0,0,0,0,0,0,0,0,0,0,0,0,0,0,0,0,0,0,0,0,0,0,0,0,0,0
Chill_ninja@lemmy.world,3,0,0,0,5,0,0,0,0,0,0,0,5,0,0,0,0,0,0,0,0,0,39,0,0,0,0,0,0,8,0,0,0,0
der_die_und_in_den@feddit.de,0,0,0,0,0,0,0,0,30,0,0,0,0,0,0,0,0,29,0,0,0,0,0,0,0,0,1,0,0,0,0,0,0,0
theoretiker@feddit.de,59,0,0,0,0,1,0,0,0,0,0,0,0,0,0,0,0,0,0,0,0,0,0,0,0,0,0,0,0,0,0,0,0,0
reisen@lemmy.world,32,0,0,0,0,2,0,0,0,0,0,0,0,0,0,0,0,0,0,0,12,0,12,0,0,0,0,0,0,1,0,0,0,0
0xmrtt@lemmus.org,0,0,0,0,0,0,0,0,0,0,0,0,0,11,0,25,0,0,0,0,0,13,0,0,0,0,0,0,10,0,0,0,0,0
awyzza@lemmy.world,1,0,0,0,0,44,0,0,0,0,0,0,0,0,0,0,0,0,0,0,0,0,0,0,0,0,7,1,6,0,0,0,0,0
Trex202@lemmy.one,4,0,0,0,2,3,0,0,0,0,1,0,0,0,1,0,1,0,0,0,0,0,47,0,0,0,0,0,0,0,0,0,0,0
alekks09@lemm.ee,0,0,4,0,1,0,10,8,0,4,0,0,2,0,0,0,0,0,0,0,0,0,0,0,0,0,0,0,0,16,0,14,0,0
Taku@lemmy.world,0,8,2,4,9,5,0,0,0,0,0,2,0,0,0,0,0,0,11,6,0,0,0,0,10,0,0,1,1,0,0,0,0,0
not_a_king@beehaw.org,10,0,20,2,14,3,0,0,0,0,3,1,0,0,0,0,0,0,0,0,0,0,0,0,0,0,0,0,0,6,0,0,0,0
botorfj@lemmy.world,0,0,0,0,0,0,0,0,0,0,0,0,0,0,0,0,0,0,0,0,0,0,0,0,0,0,0,0,0,59,0,0,0,0
Y2K38@lemmy.one,35,0,0,0,0,0,0,0,0,0,0,0,0,0,0,0,0,0,0,0,0,0,0,0,0,0,0,0,0,23,0,0,0,0
Anonymoose@feddit.de,19,0,0,0,0,1,0,0,0,0,0,0,0,0,0,0,0,0,0,0,0,0,0,0,0,0,0,0,0,21,14,3,0,0
theamazing0@discuss.tchncs.de,57,0,0,0,0,1,0,0,0,0,0,0,0,0,0,0,0,0,0,0,0,0,0,0,0,0,0,0,0,0,0,0,0,0
shrugal@lemmy.world,0,0,0,0,0,0,0,0,0,0,0,0,0,0,0,0,0,0,0,0,0,0,0,0,7,0,0,50,0,0,0,0,0,0
IYeetKids@reddthat.com,0,0,0,0,0,0,0,0,0,0,0,0,6,0,0,0,0,3,0,0,0,0,0,0,0,0,0,0,0,46,2,0,0,0
pelotron@midwest.social,17,0,0,0,0,9,0,0,0,0,0,0,0,0,0,0,31,0,0,0,0,0,0,0,0,0,0,0,0,0,0,0,0,0
vinceman@lemmy.blahaj.zone,0,0,0,0,0,0,0,0,0,0,0,0,0,0,0,0,0,0,0,0,0,38,11,1,0,0,0,7,0,0,0,0,0,0
HappyFrog@lemmy.blahaj.zone,0,0,0,0,0,0,0,0,0,0,0,0,0,0,0,0,0,0,0,0,0,14,27,0,0,0,0,16,0,0,0,0,0,0
quantenzitrone@feddit.de,0,0,0,0,0,0,0,0,0,0,0,0,0,0,0,0,0,0,0,0,13,0,44,0,0,0,0,0,0,0,0,0,0,0
lauthals@feddit.de,11,0,0,0,0,0,0,0,0,0,0,0,33,0,0,0,0,0,0,0,0,0,0,0,0,0,0,0,0,12,0,0,0,0
qwarta_l@lemmy.world,0,0,0,0,0,0,0,0,0,0,0,0,0,0,0,0,0,0,0,0,0,0,0,0,0,0,49,7,0,0,0,0,0,0
ssalovaa@lemmy.world,4,2,1,0,15,5,0,0,0,0,0,4,5,0,0,0,0,0,0,0,15,2,2,0,0,1,0,0,0,0,0,0,0,0
SpecGeo@lemmy.world,0,0,0,0,7,2,0,0,5,0,11,3,6,0,0,1,0,0,0,0,0,8,0,0,0,0,0,0,0,11,2,0,0,0
tubiq@lemmy.today,7,0,0,0,0,0,0,0,0,0,0,0,21,0,0,0,0,0,0,0,0,0,18,0,0,0,0,0,0,10,0,0,0,0
snax420@lemmy.world,0,0,18,26,6,0,0,0,1,0,0,0,0,0,0,0,0,0,0,0,0,0,0,0,0,0,0,0,0,0,5,0,0,0
dekatron@lemmy.fmhy.net,18,0,0,0,0,0,0,6,0,0,0,6,0,0,0,0,0,0,0,0,0,0,0,0,0,0,0,7,1,17,0,0,0,0
aranea@lemmy.blahaj.zone,12,0,0,0,0,0,0,0,0,0,2,0,0,0,0,0,0,0,0,0,0,5,0,0,0,0,0,36,0,0,0,0,0,0
AtHeartEngineer@lemmy.world,36,0,9,1,9,0,0,0,0,0,0,0,0,0,0,0,0,0,0,0,0,0,0,0,0,0,0,0,0,0,0,0,0,0
moonleay@etaorion.org,23,0,5,0,2,0,0,0,0,0,0,0,0,0,0,0,0,0,0,0,0,1,0,0,12,0,0,0,0,0,0,12,0,0
Dyggvi@compuverse.uk,0,0,0,0,0,0,0,0,0,0,0,0,26,0,0,0,0,0,0,0,0,0,29,0,0,0,0,0,0,0,0,0,0,0
erranto@lemmy.world,0,0,0,0,0,4,0,0,0,0,0,7,0,0,10,0,0,0,0,0,0,2,2,0,0,0,0,0,0,29,0,0,0,0
bz2486@lemmy.world,0,0,0,0,0,2,0,0,0,0,0,0,38,0,0,0,8,0,0,0,0,0,0,0,0,0,0,0,0,6,0,0,0,0
monsterpiece42@reddthat.com,0,0,12,10,7,8,0,0,0,0,0,0,17,0,0,0,0,0,0,0,0,0,0,0,0,0,0,0,0,0,0,0,0,0
TheSpookiestUser@lemmy.world,4,0,0,0,0,0,0,0,0,0,0,0,0,0,0,0,0,0,0,0,0,0,0,0,0,0,48,0,0,2,0,0,0,0
pupa@lemmy.today,3,1,0,0,0,0,0,0,0,0,0,0,19,0,0,0,0,0,0,0,0,0,21,0,0,0,0,0,0,10,0,0,0,0
MelodicBeam@lemmy.world,0,0,0,0,0,1,0,0,7,5,0,0,0,0,0,0,0,0,10,0,6,0,3,0,14,0,0,3,0,5,0,0,0,0
tippamytongue@lemmy.world,3,0,0,0,0,0,0,15,16,16,0,0,0,0,0,0,0,0,0,0,0,0,0,0,0,0,0,0,0,4,0,0,0,0
Bludd3@lemmy.world,0,0,0,0,0,0,0,0,0,0,0,0,0,0,0,0,0,0,0,0,0,0,20,0,0,0,0,0,0,33,0,0,0,0
dire_rhea@lemmy.blahaj.zone,27,0,0,0,0,0,0,0,0,0,0,0,0,0,0,0,0,0,0,0,0,6,20,0,0,0,0,0,0,0,0,0,0,0
Rhabuko@feddit.de,0,0,0,0,0,0,0,0,0,0,0,9,0,0,0,0,0,0,0,0,0,38,1,0,0,0,0,0,0,5,0,0,0,0
Lost@lemmy.zip,28,0,0,0,0,0,0,0,0,0,0,0,2,6,0,0,0,0,0,0,0,0,6,0,0,0,0,0,0,10,0,0,0,0
Rezback@lemmy.world,47,0,0,0,0,5,0,0,0,0,0,0,0,0,0,0,0,0,0,0,0,0,0,0,0,0,0,0,0,0,0,0,0,0
ruffsl@programming.dev,11,1,2,0,0,0,2,3,6,6,4,7,0,1,0,0,0,0,0,0,3,5,0,0,0,0,0,0,1,0,0,0,0,0
slyme@lemmy.world,0,0,0,0,0,0,0,0,0,0,0,0,0,0,23,16,12,0,0,0,0,0,0,0,1,0,0,0,0,0,0,0,0,0
sqw@lemmy.sdf.org,11,12,15,3,11,0,0,0,0,0,0,0,0,0,0,0,0,0,0,0,0,0,0,0,0,0,0,0,0,0,0,0,0,0
HomerAtTheBat@lemmy.world,1,0,0,0,0,0,0,0,0,0,0,0,24,0,1,0,0,0,0,0,0,0,12,0,0,0,0,0,0,13,0,0,0,0
refugee_pirate@lemm.ee,44,0,0,0,0,5,0,0,0,0,0,0,0,0,0,0,0,0,0,0,0,0,0,0,0,0,1,0,0,1,0,0,0,0
toastedenough@lemmy.ml,0,0,0,0,0,3,0,0,0,1,0,0,0,0,0,0,16,0,5,4,0,0,7,0,7,0,0,0,0,7,1,0,0,0
endomorph@feddit.de,50,0,0,0,0,1,0,0,0,0,0,0,0,0,0,0,0,0,0,0,0,0,0,0,0,0,0,0,0,0,0,0,0,0
AnxiousDuck@lemmy.blahaj.zone,0,0,0,0,0,7,0,0,0,0,10,5,1,0,0,0,2,0,0,0,0,13,5,0,5,0,0,0,0,2,0,0,0,0
IAmAPeach@lemmy.world,0,0,0,0,0,3,0,0,0,0,0,0,0,0,0,0,0,0,0,0,0,0,0,3,0,0,21,22,0,0,0,0,0,0
Ericskiff@beehaw.org,2,11,0,0,0,4,0,0,32,0,0,0,0,0,0,0,0,0,0,0,0,0,0,0,0,0,0,0,0,0,0,0,0,0
Kastelt@lemmy.blahaj.zone,12,0,0,0,5,0,0,0,0,0,0,0,0,0,0,0,0,32,0,0,0,0,0,0,0,0,0,0,0,0,0,0,0,0
quat@lemmy.sdfeu.org,10,0,0,0,0,1,1,0,0,0,1,0,3,0,0,0,0,1,0,0,0,0,11,1,7,0,0,0,0,13,0,0,0,0
Latuga17@lemmy.world,0,0,0,0,0,0,0,0,0,0,0,0,0,0,2,0,0,0,0,0,0,24,19,2,0,0,0,0,0,1,0,0,0,0
lokiposter@toast.ooo,39,0,0,0,0,0,0,0,0,0,0,0,1,0,0,0,0,0,0,0,0,0,0,0,0,0,0,0,0,8,0,0,0,0
GRRRRR@lemmy.world,9,6,1,0,11,0,0,0,0,0,0,0,0,0,0,0,0,0,0,0,0,0,0,0,0,15,0,6,0,0,0,0,0,0
puchaczyk@lemmy.blahaj.zone,0,0,0,0,0,0,0,0,0,0,21,18,0,0,0,0,0,0,0,0,0,9,0,0,0,0,0,0,0,0,0,0,0,0
prumbles@lemmy.world,0,0,0,0,0,0,0,0,0,0,0,0,0,0,0,0,0,0,0,0,0,0,48,0,0,0,0,0,0,0,0,0,0,0
RandomVideos@programming.dev,0,33,1,0,0,0,0,0,0,0,0,0,2,0,0,0,0,0,0,0,0,0,2,4,2,0,0,0,0,3,0,0,0,0
rasensprenger@feddit.de,27,0,0,0,0,0,0,0,0,0,0,0,0,0,0,0,0,0,0,0,0,0,0,0,0,0,0,0,0,20,0,0,0,0
MetaDoggo@lemmy.world,38,0,0,0,0,0,0,1,0,0,0,1,0,2,0,0,0,0,0,0,0,0,0,4,0,0,0,0,1,0,0,0,0,0
theffabot@reddthat.com,6,0,0,0,0,0,0,0,0,0,0,0,0,0,0,0,0,0,0,0,0,15,13,0,0,0,0,0,0,13,0,0,0,0
SlyFox@toast.ooo,7,0,0,0,0,0,0,0,0,0,0,0,0,0,0,0,0,0,0,0,0,0,26,0,0,0,0,0,0,13,0,0,0,0
girsaysdoom@sh.itjust.works,0,0,0,0,0,0,0,0,0,0,0,0,0,0,0,0,0,0,0,0,0,0,0,3,34,7,0,2,0,0,0,0,0,0
Benot@monyet.cc,42,0,0,0,0,0,4,0,0,0,0,0,0,0,0,0,0,0,0,0,0,0,0,0,0,0,0,0,0,0,0,0,0,0
CandyMeow@lemmy.world,0,0,0,0,7,0,0,0,0,0,0,39,0,0,0,0,0,0,0,0,0,0,0,0,0,0,0,0,0,0,0,0,0,0
YetiHafen@feddit.de,34,6,0,0,0,1,0,0,0,0,0,0,4,0,0,0,0,0,0,0,0,0,0,0,0,0,0,0,0,0,0,0,0,0
Narc082@aussie.zone,0,0,0,0,0,0,0,0,0,0,0,0,0,0,0,0,0,0,0,0,0,0,13,0,0,0,0,0,0,32,0,0,0,0
ClassyAmoeba@ttrpg.network,0,14,0,0,0,0,0,0,0,0,7,0,0,0,0,0,0,0,0,0,0,0,0,0,3,3,0,0,0,0,18,0,0,0
Zard@discuss.tchncs.de,0,0,0,0,0,0,0,0,0,0,0,0,0,0,0,0,0,0,0,0,0,0,45,0,0,0,0,0,0,0,0,0,0,0
syrelash@lemmy.world,0,0,0,0,0,0,0,0,0,0,7,29,0,0,0,0,0,0,0,0,0,0,7,0,0,0,0,0,0,1,0,0,0,0
CameronDev@programming.dev,0,0,0,0,0,0,0,0,0,0,0,0,0,0,0,0,0,0,0,0,0,0,20,0,0,0,0,0,0,24,0,0,0,0
henrywong327@lemmy.ml,22,0,0,0,0,3,0,0,0,0,0,0,0,0,0,0,0,0,4,8,0,0,0,0,7,0,0,0,0,0,0,0,0,0
Stumblinbear@pawb.social,2,0,5,3,1,13,0,0,0,0,0,0,0,0,0,0,0,0,0,0,2,15,0,0,0,0,0,0,0,3,0,0,0,0
lanadelgay@lemmynsfw.com,39,0,0,0,0,0,0,0,0,0,0,5,0,0,0,0,0,0,0,0,0,0,0,0,0,0,0,0,0,0,0,0,0,0
laser@lemmy.world,0,0,0,0,0,0,0,0,0,0,0,0,0,0,0,0,0,0,0,0,0,0,7,0,0,0,0,0,0,37,0,0,0,0
jeena@jemmy.jeena.net,8,0,0,0,0,5,16,0,0,0,0,0,0,0,0,0,0,0,0,0,0,0,0,0,0,0,0,3,0,0,12,0,0,0
Theognephie@lemmy.world,12,10,2,0,0,2,0,0,0,0,0,0,7,9,0,0,0,0,0,0,0,0,0,0,0,0,0,0,0,0,2,0,0,0
Yondan@feddit.de,8,0,0,0,0,1,0,0,0,0,0,0,7,0,0,0,0,0,0,0,0,0,0,0,0,0,0,0,0,28,0,0,0,0
DaveDavesen@feddit.de,16,0,0,0,0,0,0,0,0,0,0,0,15,0,0,0,0,0,0,0,0,0,0,0,0,0,0,0,0,12,0,0,0,0
w2qw@aussie.zone,2,1,0,0,0,0,0,0,0,0,0,0,0,0,0,0,0,0,0,0,0,0,23,0,0,0,0,0,0,17,0,0,0,0
Staz@lemmy.world,41,0,0,2,0,0,0,0,0,0,0,0,0,0,0,0,0,0,0,0,0,0,0,0,0,0,0,0,0,0,0,0,0,0
h3wastooshort@lemmy.blahaj.zone,13,1,1,0,0,0,0,0,0,0,0,0,0,0,0,9,19,0,0,0,0,0,0,0,0,0,0,0,0,0,0,0,0,0
BurningCat@feddit.de,0,0,0,0,0,41,0,0,0,0,0,0,0,0,0,0,0,0,0,0,0,0,0,0,0,0,0,0,0,1,0,0,0,0
hstde@feddit.de,6,0,0,0,6,0,0,0,0,0,0,0,0,0,0,0,6,0,0,0,0,0,6,0,0,0,0,0,0,18,0,0,0,0
corvus@lemmy.zip,0,0,0,0,0,4,4,0,1,0,0,10,18,0,0,0,0,0,0,0,0,0,0,0,0,0,0,0,0,5,0,0,0,0
zaine00@lemmy.world,16,4,0,0,0,0,0,0,0,0,0,0,0,0,0,0,0,0,0,0,0,0,21,0,0,0,0,0,0,0,0,0,0,0
BeAware@lemmy.world,41,0,0,0,0,0,0,0,0,0,0,0,0,0,0,0,0,0,0,0,0,0,0,0,0,0,0,0,0,0,0,0,0,0
pizzaiolo@slrpnk.net,0,0,0,0,0,2,0,0,0,0,0,0,13,0,0,0,7,12,0,0,0,0,0,0,0,0,0,0,0,7,0,0,0,0
urzu_se7en@lemmy.world,14,0,0,0,15,0,0,0,0,0,0,0,0,0,0,0,6,0,0,0,0,0,0,0,0,0,0,0,0,6,0,0,0,0
greg@lemmy.ca,0,0,0,0,0,1,0,0,0,0,0,0,2,0,0,0,0,0,0,0,0,0,35,0,0,0,0,0,0,3,0,0,0,0
GasMaskedLunatic@lemmy.fmhy.net,7,0,0,0,0,20,0,0,0,0,0,0,0,0,0,0,0,0,0,0,0,0,0,0,0,0,0,0,14,0,0,0,0,0
qwrox@lemmy.blahaj.zone,0,0,0,0,0,0,0,0,0,0,0,0,7,0,0,0,0,0,0,0,0,34,0,0,0,0,0,0,0,0,0,0,0,0
DMNC1998@lemmy.world,25,0,0,1,0,1,0,0,0,0,0,0,1,0,0,0,0,0,0,0,0,0,7,0,0,0,0,0,0,5,0,0,0,0
danpcz@lemmy.world,0,0,0,0,0,0,0,0,0,0,0,0,0,0,0,0,37,0,0,0,0,0,2,0,0,0,0,0,1,0,0,0,0,0
AlbigensianGhoul@lemmygrad.ml,1,0,0,0,0,0,0,0,0,0,0,0,0,0,0,0,0,0,0,0,0,0,1,0,0,0,0,0,0,0,38,0,0,0
reelay@lemmy.world,6,0,1,0,0,0,0,0,0,0,6,0,10,0,0,0,0,0,0,0,6,0,3,0,0,1,0,0,0,7,0,0,0,0
Mixel@feddit.de,14,0,0,0,0,0,0,0,0,0,0,0,0,0,0,0,0,0,0,0,0,0,0,0,0,0,0,0,0,22,0,4,0,0
Boeschmann@feddit.de,0,0,0,0,0,0,0,0,0,0,6,0,0,0,0,0,0,0,0,0,0,0,33,0,0,0,0,0,0,0,0,0,0,0
hikarulsi@lemmy.world,0,0,0,0,0,0,0,0,0,0,0,0,14,0,0,0,0,0,0,0,0,0,25,0,0,0,0,0,0,0,0,0,0,0
russjr08@outpost.zeuslink.net,12,0,0,0,0,0,0,0,0,0,0,0,0,0,0,0,0,0,0,0,0,20,7,0,0,0,0,0,0,0,0,0,0,0
phillipo6@feddit.de,0,0,0,0,0,0,0,0,0,0,0,0,19,0,0,0,0,0,0,0,0,0,0,0,0,0,12,0,0,8,0,0,0,0
suodrazah@lemmy.world,1,0,0,0,0,0,0,0,1,5,0,0,0,0,0,2,0,0,6,0,0,0,1,0,0,0,0,0,1,22,0,0,0,0
LesMotsBalaises@lemmy.ca,0,33,0,4,0,2,0,0,0,0,0,0,0,0,0,0,0,0,0,0,0,0,0,0,0,0,0,0,0,0,0,0,0,0
flute@lemmynsfw.com,0,0,0,0,0,3,0,0,0,0,0,0,0,0,0,0,0,0,0,0,0,0,8,0,0,0,0,0,0,28,0,0,0,0
cyde@lemmy.world,38,0,0,0,0,0,0,0,0,0,0,0,0,0,0,0,0,0,0,0,0,0,0,0,0,0,0,0,0,0,0,0,0,0
Periwinkledot@lemmy.world,0,0,0,0,0,0,38,0,0,0,0,0,0,0,0,0,0,0,0,0,0,0,0,0,0,0,0,0,0,0,0,0,0,0
SeeStars@lemmy.world,31,0,0,0,0,0,0,0,0,0,0,5,2,0,0,0,0,0,0,0,0,0,0,0,0,0,0,0,0,0,0,0,0,0
auro@lemmy.world,15,0,0,0,0,0,0,0,0,0,0,17,0,0,0,0,0,0,0,0,0,0,6,0,0,0,0,0,0,0,0,0,0,0
Pnda@lemmy.world,7,0,0,0,0,0,0,0,6,0,0,0,0,0,0,0,4,0,0,0,0,0,21,0,0,0,0,0,0,0,0,0,0,0
dadam@beehaw.org,4,0,0,0,0,1,0,0,0,0,0,0,0,0,0,0,0,0,0,0,0,0,18,0,0,0,0,0,0,15,0,0,0,0
_Frog@feddit.ch,36,0,0,0,0,2,0,0,0,0,0,0,0,0,0,0,0,0,0,0,0,0,0,0,0,0,0,0,0,0,0,0,0,0
GigaWerts@lemmy.eco.br,0,0,0,0,0,0,0,0,0,0,0,0,14,0,0,0,0,0,0,0,0,0,24,0,0,0,0,0,0,0,0,0,0,0
magmaus3@szmer.info,20,0,0,0,0,3,0,0,0,0,0,0,0,0,0,0,0,0,0,0,0,3,4,0,0,0,0,8,0,0,0,0,0,0
patryk3211@sh.itjust.works,23,1,0,0,0,0,0,0,0,0,0,0,0,0,0,0,0,0,0,0,0,0,0,0,1,0,0,0,0,13,0,0,0,0
mesamunefire@lemmy.world,1,0,0,0,0,0,0,0,0,0,0,0,0,0,0,0,7,0,0,0,0,0,0,0,0,0,7,0,11,11,0,0,0,0
Sarmale@lemmy.zip,0,0,0,0,0,0,0,0,0,0,0,0,13,0,0,0,0,0,0,0,0,0,12,0,0,0,0,0,0,12,0,0,0,0
mvirts@lemmy.world,0,0,0,0,1,0,0,0,0,0,0,0,14,0,0,9,11,0,0,0,0,0,2,0,0,0,0,0,0,0,0,0,0,0
J_C___@lemmy.place,3,0,0,0,0,0,0,0,0,0,1,0,0,0,0,1,0,2,0,0,0,29,0,0,0,0,0,1,0,0,0,0,0,0
JackLotus@toast.ooo,0,0,0,0,0,0,0,0,0,0,0,0,0,0,0,0,0,0,0,0,0,0,0,0,0,0,2,34,0,1,0,0,0,0
biosfood@programming.dev,13,3,1,0,0,0,0,0,0,0,0,0,0,0,0,0,0,20,0,0,0,0,0,0,0,0,0,0,0,0,0,0,0,0
necrxfagivs@lemmy.world,9,0,0,0,0,0,0,0,0,0,0,0,0,0,0,0,0,28,0,0,0,0,0,0,0,0,0,0,0,0,0,0,0,0
omma@discuss.tchncs.de,6,0,0,0,0,0,0,0,0,0,0,0,15,0,0,0,0,0,0,0,0,0,2,0,0,1,0,2,0,10,0,0,0,0
5redie8@sh.itjust.works,16,0,0,0,0,2,0,0,0,0,0,6,0,0,0,0,0,0,0,0,0,0,5,0,0,0,0,0,0,0,7,0,0,0
peanut_boy@lemmy.world,0,0,0,0,0,36,0,0,0,0,0,0,0,0,0,0,0,0,0,0,0,0,0,0,0,0,0,0,0,0,0,0,0,0
Pietrasagh@lemmy.world,6,0,0,0,6,0,0,4,3,2,0,0,0,0,0,0,0,0,0,0,0,2,0,0,0,0,0,0,0,11,2,0,0,0
wienerschnitzel@feddit.de,6,0,0,0,0,0,0,0,0,0,4,0,7,0,0,0,0,0,0,0,0,0,0,0,0,0,0,4,0,15,0,0,0,0
RoseTwiddler@lemmy.blahaj.zone,0,0,0,0,0,0,0,0,0,0,0,0,0,0,0,0,0,0,0,0,0,13,0,0,0,0,0,23,0,0,0,0,0,0
House5@lemmy.ca,0,0,0,0,0,0,0,0,34,0,1,0,0,0,0,0,0,0,0,0,0,0,0,0,0,0,0,0,0,0,0,0,0,0
_danny@lemmy.ml,28,0,0,0,0,1,0,0,0,0,0,0,0,0,0,0,0,0,0,0,0,0,6,0,0,0,0,0,0,0,0,0,0,0
Leftings@lemmy.world,0,0,0,0,0,0,0,0,0,0,0,0,0,0,0,0,0,0,0,0,0,0,0,0,0,0,7,28,0,0,0,0,0,0
prince_equis_49@feddit.nl,0,0,3,32,0,0,0,0,0,0,0,0,0,0,0,0,0,0,0,0,0,0,0,0,0,0,0,0,0,0,0,0,0,0
Yendor@reddthat.com,0,0,0,0,0,0,0,0,0,0,0,0,0,0,0,0,0,0,0,0,0,0,17,0,0,0,0,0,0,17,0,0,0,0
257m@lemmy.world,3,0,0,0,0,0,1,1,0,0,0,0,0,0,0,0,0,0,0,0,0,0,21,0,0,0,0,0,6,2,0,0,0,0
Feathercrown@lemmy.world,0,0,0,0,0,11,0,0,0,0,0,0,0,0,2,0,7,1,0,0,0,6,2,0,0,0,0,5,0,0,0,0,0,0
Yonrak@lemmy.world,0,0,0,0,0,0,0,0,0,0,0,0,0,0,0,0,1,0,0,0,0,0,0,0,0,0,0,0,0,33,0,0,0,0
floppy@rabbitea.rs,1,0,0,0,0,1,12,0,0,0,0,0,0,0,0,5,0,0,0,0,0,0,14,0,0,0,0,1,0,0,0,0,0,0
randint@lemm.ee,10,0,0,0,0,0,0,0,0,0,0,0,0,0,2,0,1,0,0,0,0,7,7,0,7,0,0,0,0,0,0,0,0,0
Iliketoast@sh.itjust.works,32,0,0,0,0,0,0,0,0,0,0,0,0,0,1,0,0,0,0,0,0,0,0,0,0,0,0,0,0,1,0,0,0,0
maxy@lemmy.blahaj.zone,3,0,0,0,0,0,0,0,0,0,1,0,0,0,0,0,0,0,0,0,0,0,15,0,0,0,0,0,0,14,0,0,0,0
jellyworm@toast.ooo,0,0,0,0,9,0,0,0,0,0,0,0,0,0,0,0,0,0,0,0,0,0,0,0,0,0,0,24,0,0,0,0,0,0
depreciated_cost@lemmy.ml,31,0,0,0,0,2,0,0,0,0,0,0,0,0,0,0,0,0,0,0,0,0,0,0,0,0,0,0,0,0,0,0,0,0
indomara@lemmy.world,0,0,0,0,0,0,0,0,0,0,0,0,33,0,0,0,0,0,0,0,0,0,0,0,0,0,0,0,0,0,0,0,0,0
SkidFace@lemmy.world,31,0,0,0,0,1,0,0,0,0,0,0,0,0,0,0,0,0,0,0,0,0,0,0,0,0,0,0,0,0,0,0,0,0
danifold@sh.itjust.works,25,7,0,0,0,0,0,0,0,0,0,0,0,0,0,0,0,0,0,0,0,0,0,0,0,0,0,0,0,0,0,0,0,0
ijeff@lemmy.world,15,0,0,1,5,1,0,0,0,0,1,0,2,0,0,6,0,0,0,0,0,0,1,0,0,0,0,0,0,0,0,0,0,0
Dinosara@lemmy.world,0,0,0,0,0,0,0,0,0,0,0,0,0,0,0,0,32,0,0,0,0,0,0,0,0,0,0,0,0,0,0,0,0,0
herbinator@feddit.de,0,0,0,0,0,0,0,0,0,0,0,0,20,0,0,0,0,0,0,0,0,0,12,0,0,0,0,0,0,0,0,0,0,0
2014mu69@programming.dev,0,0,0,1,1,1,0,0,0,0,0,1,0,2,0,0,19,0,0,0,0,4,3,0,0,0,0,0,0,0,0,0,0,0
Thedogspaw@midwest.social,6,0,0,0,0,0,0,0,0,0,0,2,0,0,0,0,1,0,0,0,0,0,8,0,1,0,0,0,0,13,1,0,0,0
ShovelLiz@lemmy.zip,0,0,0,0,0,0,0,0,0,0,0,28,0,1,1,1,0,0,0,0,0,1,0,0,0,0,0,0,0,0,0,0,0,0
fer0n@lemm.ee,2,0,0,0,0,0,0,0,0,0,0,1,0,0,0,0,0,0,0,0,0,0,0,0,11,0,0,0,0,18,0,0,0,0
Gaudi@lemmy.ca,23,8,0,0,0,0,0,0,0,0,0,0,0,0,0,0,0,0,0,0,0,0,0,0,0,0,0,0,0,0,0,0,0,0
StormDasher@toast.ooo,0,0,0,0,13,3,0,0,0,0,0,0,4,0,0,0,0,0,0,0,0,0,0,0,0,0,0,0,0,6,5,0,0,0
sepiroth154@feddit.nl,17,0,0,0,0,0,0,0,0,0,0,0,0,0,0,1,0,0,0,0,0,7,0,0,0,0,0,0,0,6,0,0,0,0
there1snospoon@ttrpg.network,1,0,0,0,0,0,0,0,0,0,0,0,0,0,0,0,0,0,0,0,0,0,28,0,0,1,0,1,0,0,0,0,0,0
catsunrisesaltcarrot@lemmy.world,6,0,0,0,0,0,0,0,0,0,0,1,0,0,0,0,0,0,0,0,0,0,0,0,0,0,0,0,0,24,0,0,0,0
atewithouttable@sh.itjust.works,6,0,0,0,0,0,0,0,0,0,0,0,2,0,0,0,6,0,0,0,0,0,0,0,0,0,0,0,0,17,0,0,0,0
astrarenae@lemmy.world,0,0,0,0,0,0,0,0,0,0,0,0,0,0,0,0,0,0,0,0,0,22,0,0,0,0,0,8,0,0,0,0,0,0
marsokod@lemmy.world,0,0,0,0,0,0,0,0,0,0,0,0,0,0,0,0,0,0,0,0,0,0,13,0,5,0,0,0,0,12,0,0,0,0
TroubledVegan@lemmy.world,0,0,0,0,0,28,0,0,0,0,0,0,0,0,0,0,0,0,0,0,0,0,2,0,0,0,0,0,0,0,0,0,0,0
SirXer6xes@lemmy.world,19,0,0,0,0,5,0,0,0,0,0,0,0,0,0,0,0,0,0,0,0,0,6,0,0,0,0,0,0,0,0,0,0,0
Majora@lemmy.ml,16,0,0,0,0,0,0,0,0,0,0,0,0,0,0,0,0,0,1,4,9,0,0,0,0,0,0,0,0,0,0,0,0,0
Dlofoshow@lemmy.world,0,0,0,0,0,2,0,0,1,0,0,0,22,5,0,0,0,0,0,0,0,0,0,0,0,0,0,0,0,0,0,0,0,0
BurritoBooster@feddit.de,13,0,0,0,0,0,0,0,0,0,1,0,12,0,0,0,0,0,0,0,0,0,0,0,0,0,0,0,0,4,0,0,0,0
Vector@lemmy.world,0,0,0,0,0,0,0,0,0,0,7,0,8,0,0,0,4,0,0,0,0,0,0,0,0,0,0,0,0,10,0,0,0,0
Hydro@lemmy.world,15,0,0,0,0,8,0,0,0,0,0,0,0,0,0,0,0,0,0,0,0,0,5,0,0,0,0,0,0,1,0,0,0,0
macacoprego@lemmy.eco.br,0,0,0,0,0,0,0,0,0,0,0,0,0,0,0,0,28,0,0,0,0,0,0,0,0,0,0,0,0,1,0,0,0,0
monsdar@feddit.de,3,0,0,0,0,13,0,0,0,0,0,2,0,0,0,0,11,0,0,0,0,0,0,0,0,0,0,0,0,0,0,0,0,0
Sterile_Technique@lemmy.world,4,0,0,0,0,0,0,0,0,0,0,0,13,0,0,1,0,0,0,0,0,0,10,0,0,0,0,1,0,0,0,0,0,0
CoffeeDev@lemmy.studio,0,0,0,0,0,24,0,0,0,0,0,0,5,0,0,0,0,0,0,0,0,0,0,0,0,0,0,0,0,0,0,0,0,0
wiltur@jlai.lu,0,0,0,0,0,0,0,0,0,0,0,0,0,0,0,0,0,0,0,0,0,0,6,0,0,0,0,0,0,22,0,0,0,0
Anahkiasen@lemmy.blahaj.zone,0,0,0,0,0,0,0,0,0,0,0,0,0,0,0,0,0,0,0,0,0,15,0,0,0,0,0,13,0,0,0,0,0,0
Cacktus@feddit.de,4,3,1,0,0,0,0,0,0,0,0,0,16,4,0,0,0,0,0,0,0,0,0,0,0,0,0,0,0,0,0,0,0,0
pixl_xip@lemmy.world,0,0,0,0,0,0,0,0,0,0,0,0,0,0,0,0,0,0,0,0,0,0,0,0,0,28,0,0,0,0,0,0,0,0
ymalki@lemmy.ml,13,0,0,0,0,1,0,0,0,0,0,1,0,0,0,0,0,1,0,0,0,0,1,0,0,0,0,0,0,11,0,0,0,0
Cr0ssley@toast.ooo,0,0,0,0,0,0,0,0,0,0,0,0,0,0,0,0,0,0,0,3,3,0,9,0,2,9,0,2,0,0,0,0,0,0
hydrox@lemmy.world,0,0,0,0,0,0,0,0,0,0,0,0,0,0,0,0,0,0,0,0,0,0,0,0,0,0,0,0,0,27,0,0,0,0
rufusloacker@feddit.it,0,0,0,0,0,1,0,0,0,0,0,0,0,0,0,0,13,0,0,7,0,0,0,0,0,0,0,0,0,6,0,0,0,0
hotdoge42@feddit.de,0,0,0,0,0,0,0,0,0,0,0,0,0,0,0,0,0,0,0,0,0,0,0,0,0,0,0,0,0,27,0,0,0,0
SorteKanin@feddit.dk,0,0,0,0,0,0,0,0,0,0,0,0,0,0,0,0,0,0,0,0,0,0,0,0,0,0,0,0,0,27,0,0,0,0
u202307011927@feddit.de,0,0,0,0,0,0,6,21,0,0,0,0,0,0,0,0,0,0,0,0,0,0,0,0,0,0,0,0,0,0,0,0,0,0
bestonecrazy@lemmy.zip,15,0,0,0,0,0,0,0,0,0,0,0,0,0,0,0,0,0,0,0,0,0,0,0,0,0,0,0,0,12,0,0,0,0
Subnuggurat@lemmy.world,18,0,0,0,0,0,0,0,0,0,0,0,0,0,0,0,0,0,0,0,0,0,0,0,0,0,0,0,0,9,0,0,0,0
SplopoDop@ani.social,0,0,0,0,0,0,27,0,0,0,0,0,0,0,0,0,0,0,0,0,0,0,0,0,0,0,0,0,0,0,0,0,0,0
iguanajuice@lemmy.world,0,0,0,0,0,0,0,0,0,0,1,0,20,0,2,0,0,0,0,0,0,0,4,0,0,0,0,0,0,0,0,0,0,0
conditional_soup@lemm.ee,19,0,0,0,0,0,0,0,0,0,0,0,0,0,0,0,0,0,0,0,0,0,0,0,0,0,0,0,0,8,0,0,0,0
Fishy@sh.itjust.works,0,0,0,0,0,0,0,0,0,0,0,0,0,0,0,0,0,0,0,0,0,11,5,0,2,4,0,0,5,0,0,0,0,0
Bleach7297@lemmy.ca,17,0,0,0,0,0,0,0,0,0,10,0,0,0,0,0,0,0,0,0,0,0,0,0,0,0,0,0,0,0,0,0,0,0
Vatorrr@reddthat.com,0,0,0,0,0,1,0,0,0,0,16,0,0,0,0,0,0,0,0,0,0,5,5,0,0,0,0,0,0,0,0,0,0,0
Zulasas@feddit.de,27,0,0,0,0,0,0,0,0,0,0,0,0,0,0,0,0,0,0,0,0,0,0,0,0,0,0,0,0,0,0,0,0,0
XPost3000@lemmy.ml,1,0,0,0,0,0,0,0,0,0,1,0,1,0,0,1,3,0,6,0,1,9,2,0,0,1,0,0,0,1,0,0,0,0
fredofox@lemmy.world,0,0,0,0,0,0,0,0,0,0,0,0,0,0,0,0,0,0,0,0,0,0,13,0,0,0,0,0,0,13,0,0,0,0
Kiyya@lemmy.world,0,0,1,0,0,0,0,0,0,0,0,0,0,0,0,0,0,0,25,0,0,0,0,0,0,0,0,0,0,0,0,0,0,0
MoonlitKnight@lemm.ee,0,0,0,0,0,0,0,0,0,0,0,0,0,0,0,0,0,0,0,0,0,0,0,0,26,0,0,0,0,0,0,0,0,0
BanthaFood@feddit.de,0,0,0,0,0,0,0,0,0,0,0,16,0,0,0,0,0,0,0,0,0,0,0,0,0,0,0,0,0,6,0,4,0,0
BigBorner@feddit.de,3,1,0,0,0,0,0,0,0,0,0,0,0,0,0,0,0,0,0,0,0,0,15,0,0,0,0,0,0,7,0,0,0,0
goosehorse@waveform.social,0,0,0,0,0,0,0,0,0,0,0,0,0,0,9,11,5,1,0,0,0,0,0,0,0,0,0,0,0,0,0,0,0,0
alisu@lemmy.blahaj.zone,0,0,0,0,0,0,0,0,0,0,12,0,0,0,0,0,2,0,0,0,0,10,0,0,0,0,0,2,0,0,0,0,0,0
weeoooweeooo@lemmy.world,0,0,0,0,0,0,0,0,0,0,0,0,0,0,0,7,0,0,9,0,0,0,0,0,0,0,0,2,0,7,0,0,0,0
Seth95@lemmy.world,0,0,0,0,0,0,0,0,0,0,0,0,0,0,0,0,0,0,0,0,0,0,25,0,0,0,0,0,0,0,0,0,0,0
Akasazh@feddit.nl,0,0,0,0,0,0,0,0,0,0,8,0,0,0,0,0,0,0,0,0,0,0,14,0,0,0,0,0,0,0,3,0,0,0
sleeping@programming.dev,22,0,0,0,0,3,0,0,0,0,0,0,0,0,0,0,0,0,0,0,0,0,0,0,0,0,0,0,0,0,0,0,0,0
emma@programming.dev,0,0,0,0,0,0,0,0,0,0,11,8,0,0,0,0,0,0,0,0,0,0,0,0,0,0,0,6,0,0,0,0,0,0
citron@jlai.lu,16,1,0,0,0,1,1,0,0,0,0,0,0,0,0,0,0,0,0,0,0,0,5,0,0,1,0,0,0,0,0,0,0,0
schneemensch@programming.dev,0,0,0,0,0,0,0,0,0,0,0,0,24,0,0,0,0,0,0,0,0,0,0,0,1,0,0,0,0,0,0,0,0,0
President@lemmy.zip,0,0,0,0,0,0,0,0,4,7,0,0,0,0,0,0,0,7,0,0,0,0,0,0,0,0,3,0,0,2,2,0,0,0
base@lemmy.world,21,0,0,0,0,0,0,0,0,0,0,0,0,0,0,0,0,3,0,0,0,0,0,0,0,0,0,0,1,0,0,0,0,0
mostvexingparse@lemmy.world,7,0,0,0,0,0,0,0,0,0,0,0,0,0,0,0,0,0,0,0,0,0,0,0,0,0,0,1,0,17,0,0,0,0
laghum@feddit.de,14,6,0,0,0,0,0,0,0,0,0,0,0,0,0,0,0,0,0,0,0,0,0,0,0,0,0,0,0,5,0,0,0,0
Supercool22323@lemmy.world,3,1,0,0,0,0,0,0,0,0,0,0,0,1,0,0,0,0,0,0,0,0,0,1,0,19,0,0,0,0,0,0,0,0
nailbar@sopuli.xyz,0,0,0,0,0,0,0,0,0,0,0,0,0,0,0,0,0,0,0,0,0,0,24,0,0,0,0,0,0,0,0,0,0,0
bram@lemm.ee,0,0,0,0,0,0,0,0,0,0,0,0,0,0,0,0,0,0,0,0,1,21,1,0,0,0,0,0,0,0,1,0,0,0
emuspawn@orbiting.observer,22,0,0,0,0,0,0,0,0,1,0,0,0,0,0,1,0,0,0,0,0,0,0,0,0,0,0,0,0,0,0,0,0,0
slowturtle@lemmy.world,0,0,0,0,0,0,0,0,0,0,0,0,0,0,0,8,0,0,0,0,0,13,0,0,0,0,3,0,0,0,0,0,0,0
silva@beehaw.org,0,0,0,0,0,14,0,0,0,0,0,0,0,0,0,0,1,0,0,0,0,0,8,0,0,0,0,1,0,0,0,0,0,0
catshit_dogfart@lemmy.world,0,0,0,0,0,0,0,0,0,0,0,0,0,0,0,0,0,0,0,0,0,0,0,0,0,0,0,0,0,24,0,0,0,0
Floufym@lemmy.world,17,0,0,0,0,0,0,0,0,0,0,0,0,0,0,0,7,0,0,0,0,0,0,0,0,0,0,0,0,0,0,0,0,0
echinop@lemmy.world,1,0,0,0,0,0,0,0,0,0,0,4,3,0,0,4,0,0,0,0,0,3,4,0,0,0,0,0,0,5,0,0,0,0
chapper2@lemmy.world,0,0,0,0,0,0,0,0,0,0,0,0,0,0,0,0,0,0,0,0,0,0,0,0,0,0,0,0,0,24,0,0,0,0
Terevos@lemm.ee,22,0,0,0,0,2,0,0,0,0,0,0,0,0,0,0,0,0,0,0,0,0,0,0,0,0,0,0,0,0,0,0,0,0
Seliaste@lemmy.blahaj.zone,0,0,0,0,0,0,0,0,0,0,0,0,0,0,0,0,0,0,0,0,0,10,0,0,0,0,0,14,0,0,0,0,0,0
Yn37@lemmy.world,4,0,0,0,0,0,0,0,0,0,1,0,0,0,0,0,0,6,0,0,0,0,0,0,0,0,0,0,0,12,0,0,0,0
Mcsudds_@lemmy.world,23,0,0,0,0,0,0,0,0,0,0,0,0,0,0,0,0,0,0,0,0,0,0,0,0,0,0,0,0,0,0,0,0,0
ElBarto@lzrprt.sbs,1,0,0,0,0,0,0,0,0,0,0,0,0,0,0,0,0,0,0,0,0,0,0,0,1,0,1,0,1,19,0,0,0,0
AMAMazing@aussie.zone,1,0,0,0,0,1,0,0,0,0,0,0,0,0,0,0,0,0,0,0,0,0,21,0,0,0,0,0,0,0,0,0,0,0
lesserprophet@lemmy.world,0,0,0,0,0,0,0,0,0,0,0,0,17,0,0,0,0,0,0,0,0,0,6,0,0,0,0,0,0,0,0,0,0,0
hatchet@sh.itjust.works,0,0,0,0,0,0,0,0,0,0,0,0,0,0,0,0,0,0,0,0,0,0,23,0,0,0,0,0,0,0,0,0,0,0
verysaxy@lemmynsfw.com,0,0,0,0,0,0,0,0,0,0,0,0,0,1,0,9,0,0,0,0,0,0,0,0,0,0,0,0,13,0,0,0,0,0
silverdiamond@lemmy.fmhy.net,0,0,0,0,0,0,0,0,0,0,0,0,0,0,0,0,6,0,0,0,0,11,0,0,0,0,0,6,0,0,0,0,0,0
Vendofridge@aussie.zone,0,0,0,0,0,0,0,0,0,0,0,0,0,0,0,0,0,0,0,0,0,0,22,0,0,0,0,0,0,0,0,0,0,0
Zulasas@lemmy.world,17,0,0,0,0,0,0,0,0,0,0,0,0,0,0,0,0,0,0,0,0,0,0,0,0,0,0,0,0,5,0,0,0,0
Noah@lemmy.federated.club,0,0,0,0,0,0,0,0,0,0,9,0,0,0,0,0,0,0,0,0,0,0,6,0,0,0,0,0,0,0,7,0,0,0
CatotheCat@beehaw.org,0,0,0,0,0,0,0,0,0,12,0,3,0,0,0,0,0,0,0,0,0,0,0,0,0,0,0,0,0,7,0,0,0,0
JUSTaDUDE177013@lemmy.world,12,7,0,0,0,0,0,0,0,0,0,0,0,0,0,0,0,0,0,0,0,0,0,0,2,0,0,0,0,0,0,1,0,0
LittleWizard@feddit.de,2,2,0,0,0,0,0,0,0,0,0,0,18,0,0,0,0,0,0,0,0,0,0,0,0,0,0,0,0,0,0,0,0,0
Maciek@lemmy.zip,0,0,0,1,0,8,0,0,0,0,0,13,0,0,0,0,0,0,0,0,0,0,0,0,0,0,0,0,0,0,0,0,0,0
narc0tic_bird@lemm.ee,0,0,0,0,0,0,0,0,0,0,3,1,0,0,0,14,0,2,0,0,0,0,0,0,0,0,2,0,0,0,0,0,0,0
TomatoCake@feddit.de,14,0,0,0,0,7,0,0,0,0,0,0,1,0,0,0,0,0,0,0,0,0,0,0,0,0,0,0,0,0,0,0,0,0
ChaosEnjoyer@lemmy.world,0,0,0,0,0,0,0,0,0,0,8,11,0,3,0,0,0,0,0,0,0,0,0,0,0,0,0,0,0,0,0,0,0,0
xbhaktapur@lemmy.world,15,1,0,0,0,6,0,0,0,0,0,0,0,0,0,0,0,0,0,0,0,0,0,0,0,0,0,0,0,0,0,0,0,0
HeavyRaptor@lemmy.zip,0,0,0,0,0,0,0,0,0,0,0,0,0,2,0,0,0,0,0,0,9,0,10,1,0,0,0,0,0,0,0,0,0,0
Kobrakent@lemmy.world,0,0,0,0,0,0,0,0,0,0,0,0,0,0,0,0,0,0,0,0,0,0,22,0,0,0,0,0,0,0,0,0,0,0
Pistacchio2211@lemm.ee,1,3,0,0,0,0,0,0,0,0,0,6,0,0,0,1,0,0,0,0,10,0,0,0,0,0,0,0,0,0,0,0,0,0
semi@lemmy.ml,0,0,0,0,0,0,0,0,0,1,0,0,0,0,0,0,0,0,0,0,0,0,0,0,0,0,0,0,0,20,0,0,0,0
k0mprssd@lemm.ee,0,0,0,0,0,0,0,0,0,0,1,0,0,0,0,0,0,0,0,0,0,0,0,0,0,0,0,0,0,19,0,1,0,0
Steeve9@lemmy.world,0,0,0,0,0,3,0,0,0,0,0,0,0,0,0,0,0,0,0,0,0,0,17,0,0,0,0,0,0,0,1,0,0,0
retoor@geddit.social,0,0,0,0,0,0,0,0,5,2,0,0,0,0,0,0,0,2,0,0,0,0,0,0,0,0,0,0,0,0,8,4,0,0
Kelo@lemmy.world,11,0,3,0,5,0,0,0,0,0,0,0,0,0,0,0,0,0,0,0,0,0,0,2,0,0,0,0,0,0,0,0,0,0
s8m1t@lemmy.ml,20,0,0,0,0,1,0,0,0,0,0,0,0,0,0,0,0,0,0,0,0,0,0,0,0,0,0,0,0,0,0,0,0,0
lemmyrob23@feddit.de,0,0,0,0,0,1,0,0,0,0,0,0,0,0,0,0,0,0,0,0,0,0,0,0,0,0,0,0,0,20,0,0,0,0
16mmPrecisely@mander.xyz,0,0,0,0,0,0,0,0,0,0,0,0,0,0,0,1,20,0,0,0,0,0,0,0,0,0,0,0,0,0,0,0,0,0
andres_os@lemm.ee,0,0,0,0,0,3,0,0,0,3,0,0,0,0,0,0,0,10,0,0,0,0,0,0,0,0,0,0,0,5,0,0,0,0
azu@lemmy.world,0,0,0,0,0,0,0,0,0,21,0,0,0,0,0,0,0,0,0,0,0,0,0,0,0,0,0,0,0,0,0,0,0,0
TheFrictionConstant@lemmy.world,1,0,0,0,0,0,0,0,0,0,4,0,4,0,0,4,0,0,0,0,2,0,0,0,0,0,0,0,0,6,0,0,0,0
skipgang@lemmy.world,0,0,0,0,0,0,0,0,0,0,0,0,12,0,0,7,0,0,0,0,0,0,1,0,0,0,0,0,0,0,0,0,0,0
rising_tony@lemmy.world,20,0,0,0,0,0,0,0,0,0,0,0,0,0,0,0,0,0,0,0,0,0,0,0,0,0,0,0,0,0,0,0,0,0
WolfhunterGer@feddit.de,6,0,0,0,0,0,0,0,0,0,0,0,13,1,0,0,0,0,0,0,0,0,0,0,0,0,0,0,0,0,0,0,0,0
vulnerability@sh.itjust.works,0,0,4,0,0,3,0,0,0,0,0,0,0,0,0,1,12,0,0,0,0,0,0,0,0,0,0,0,0,0,0,0,0,0
Nata@lemmynsfw.com,0,0,0,0,0,1,0,0,0,0,0,0,0,0,0,0,0,0,0,0,0,0,0,0,0,0,0,0,0,19,0,0,0,0
jws_shadotak@lemmy.world,2,0,0,0,0,0,0,0,0,0,0,0,6,0,0,4,1,0,2,0,0,0,0,0,0,0,0,0,0,5,0,0,0,0
smoochypit@beehaw.org,15,0,0,0,0,0,0,0,0,0,0,0,5,0,0,0,0,0,0,0,0,0,0,0,0,0,0,0,0,0,0,0,0,0
whynotnat@monyet.cc,0,0,0,0,0,0,0,0,0,0,0,0,0,0,0,0,0,0,0,0,4,0,14,0,0,0,0,0,0,2,0,0,0,0
popcar2@programming.dev,0,0,0,0,0,0,0,0,0,0,0,0,0,0,0,0,0,0,0,0,0,10,5,0,0,0,0,0,0,5,0,0,0,0
herrwoland@lemmy.world,0,0,0,0,0,0,0,0,0,0,0,0,0,0,0,1,11,0,0,0,0,0,0,0,0,0,0,0,0,8,0,0,0,0
Lucidlethargy@sh.itjust.works,0,0,0,0,1,13,0,0,0,0,0,0,0,0,0,1,0,0,0,0,0,0,0,0,1,1,0,0,1,2,0,0,0,0
DSAlKota@lemmy.world,0,3,0,0,0,0,1,0,0,0,0,0,0,0,0,0,0,0,0,0,0,0,15,1,0,0,0,0,0,0,0,0,0,0
LenEnjoyer@lemmy.world,8,0,0,0,0,0,0,0,0,0,0,0,0,0,0,0,0,0,0,0,0,6,0,0,0,0,0,6,0,0,0,0,0,0
bavragor@lemmy.world,12,0,1,0,0,0,0,0,0,0,0,0,0,0,0,0,0,0,0,0,0,0,0,0,0,0,0,0,0,6,0,0,0,0
GlitchyDigiBun@lemmy.dbzer0.com,0,0,0,0,0,0,0,0,0,0,0,19,0,0,0,0,0,0,0,0,0,0,0,0,0,0,0,0,0,0,0,0,0,0
theoware@sh.itjust.works,14,0,0,0,0,0,0,0,0,0,0,0,3,0,0,0,0,0,0,0,0,0,0,0,0,0,0,0,0,2,0,0,0,0
mlp888@lemmy.world,0,8,0,0,5,0,0,0,2,1,0,0,0,0,0,0,0,0,0,0,0,0,0,0,0,1,0,2,0,0,0,0,0,0
gnugeorgelewis@lemmy.ml,1,0,0,0,0,17,0,0,0,0,0,0,0,0,0,0,0,0,0,0,0,0,0,0,0,0,0,1,0,0,0,0,0,0
fran@feddit.it,0,0,0,0,1,0,0,1,0,0,0,0,0,0,0,0,7,0,0,0,0,0,10,0,0,0,0,0,0,0,0,0,0,0
ST5000@lemmy.world,0,0,0,0,0,6,0,3,0,0,0,0,0,0,0,2,0,7,0,0,0,0,0,0,0,0,0,0,0,0,0,0,0,0
Mookulator@lemmy.world,18,0,0,0,0,0,0,0,0,0,0,0,0,0,0,0,0,0,0,0,0,0,0,0,0,0,0,0,0,0,0,0,0,0
Peter_Arbeitslos@feddit.de,0,0,0,0,0,0,0,0,0,0,0,0,0,0,0,0,0,0,0,0,0,0,1,0,0,0,0,0,0,0,17,0,0,0
PaigePalisade@lemmy.blahaj.zone,0,0,0,0,0,0,0,0,0,0,0,0,0,0,0,0,0,0,0,0,0,6,7,0,0,0,0,5,0,0,0,0,0,0
karth_vader@lemm.ee,18,0,0,0,0,0,0,0,0,0,0,0,0,0,0,0,0,0,0,0,0,0,0,0,0,0,0,0,0,0,0,0,0,0
femboycuddles@lemmy.blahaj.zone,0,0,0,0,0,0,0,0,0,0,0,0,0,0,0,0,0,0,0,0,0,15,0,0,0,0,0,0,0,3,0,0,0,0
Mephir0@lemmy.world,1,0,0,0,1,0,0,0,0,0,0,0,0,0,0,0,0,0,0,0,0,0,0,0,0,2,0,14,0,0,0,0,0,0
oessessnex@programming.dev,0,0,0,0,0,0,0,0,0,0,0,0,0,0,0,0,0,0,0,0,0,0,18,0,0,0,0,0,0,0,0,0,0,0
Bademantel@feddit.de,0,0,0,0,0,0,0,0,0,0,0,0,0,0,0,0,0,0,0,0,0,0,18,0,0,0,0,0,0,0,0,0,0,0
skymtf@pricefield.org,1,0,0,0,0,0,0,0,0,0,0,0,0,0,0,0,0,0,0,0,0,7,0,0,0,0,0,10,0,0,0,0,0,0
neutrinophage@sh.itjust.works,0,0,0,0,0,0,0,0,0,0,0,0,0,0,0,0,0,0,0,0,0,0,18,0,0,0,0,0,0,0,0,0,0,0
OmniProto@lemmy.world,0,0,0,0,0,2,0,0,0,0,0,0,0,0,0,0,15,0,1,0,0,0,0,0,0,0,0,0,0,0,0,0,0,0
xpsking@midwest.social,0,0,0,0,15,0,0,0,0,0,0,0,0,0,0,0,0,0,0,0,0,0,0,0,0,0,0,2,0,0,0,0,0,0
ehsan301@discuss.tchncs.de,16,0,0,0,0,1,0,0,0,0,0,0,0,0,0,0,0,0,0,0,0,0,0,0,0,0,0,0,0,0,0,0,0,0
mlsus@sh.itjust.works,2,0,0,2,0,0,0,0,0,0,0,0,0,0,0,0,0,0,0,0,0,0,2,0,0,0,0,0,0,11,0,0,0,0
Mowcherie@lemmy.world,1,0,0,0,0,0,0,0,0,0,0,0,3,0,0,0,0,0,0,0,0,0,0,0,13,0,0,0,0,0,0,0,0,0
zeroxhunter@lemmy.world,16,0,0,0,0,0,0,0,0,0,0,0,0,0,0,1,0,0,0,0,0,0,0,0,0,0,0,0,0,0,0,0,0,0
moorey@lemmy.world,2,0,0,0,0,0,0,0,0,0,0,0,0,0,0,0,0,0,0,0,0,8,0,0,0,0,0,7,0,0,0,0,0,0
anosym@lemmy.world,0,0,0,0,0,0,0,0,0,0,0,0,0,0,0,0,2,0,0,2,0,0,8,1,0,0,2,0,2,0,0,0,0,0
TechLich@lemmy.world,0,0,0,0,0,0,0,0,0,0,0,0,0,0,0,0,0,0,0,0,0,4,0,0,0,0,0,11,0,2,0,0,0,0
idge@lemmy.dbzer0.com,0,0,0,0,0,0,0,0,0,0,0,0,0,0,0,0,0,0,0,0,0,0,0,11,0,0,0,0,0,6,0,0,0,0
butiloveu@feddit.de,2,0,0,0,0,2,0,0,0,0,0,0,0,0,0,0,0,0,0,0,0,0,0,0,0,0,0,0,0,13,0,0,0,0
AlphaWizard@sh.itjust.works,0,0,1,0,0,0,0,0,0,0,1,1,11,0,0,0,0,0,0,0,0,2,0,0,0,0,0,0,0,1,0,0,0,0
TerraArk@feddit.de,7,0,0,0,0,0,0,0,0,0,0,0,0,0,0,0,0,0,0,0,0,0,0,0,0,0,0,0,0,10,0,0,0,0
Darkness4@lemmy.world,0,0,0,0,0,0,0,0,0,0,0,0,0,0,0,0,0,0,0,0,17,0,0,0,0,0,0,0,0,0,0,0,0,0
CareHare@sh.itjust.works,6,9,1,0,0,0,0,0,0,0,0,0,0,0,0,0,0,0,0,0,0,0,0,0,0,0,0,0,0,0,0,0,0,0
CaptainBlagbird@lemmy.world,0,0,0,0,0,0,0,0,0,0,0,0,0,0,0,0,0,0,0,0,0,16,0,0,0,0,0,0,0,0,0,0,0,0
MrOzwaldMan@lemmy.ml,14,0,0,0,0,0,0,0,0,0,0,0,2,0,0,0,0,0,0,0,0,0,0,0,0,0,0,0,0,0,0,0,0,0
Bluebanrigh@aussie.zone,0,0,0,0,0,0,0,0,0,0,0,0,0,0,0,0,0,0,0,0,0,0,16,0,0,0,0,0,0,0,0,0,0,0
CurtisIAmCorn@lemmy.world,0,0,0,0,0,0,0,0,0,0,0,0,1,0,0,0,0,0,0,0,0,0,0,0,0,0,0,0,0,15,0,0,0,0
redeyeflightcontrol@lemmy.world,0,0,0,0,0,0,0,0,0,0,0,0,0,0,0,0,0,0,0,0,0,0,0,0,0,2,0,0,0,14,0,0,0,0
MaKraMc@feddit.de,4,0,0,0,0,0,0,0,0,0,0,0,0,0,0,0,0,0,0,0,0,0,0,0,0,0,0,0,0,12,0,0,0,0
ArcticLynx@feddit.de,0,0,2,3,0,0,0,0,0,0,0,0,3,0,0,0,0,0,0,0,0,0,0,0,0,4,4,0,0,0,0,0,0,0
Ashesinlalaland@lemmy.world,0,0,0,0,0,0,0,0,0,0,0,0,0,0,0,0,0,0,0,0,0,0,0,0,0,0,0,0,0,16,0,0,0,0
GhostOfElectricity@lemmy.zip,0,0,0,0,0,0,0,0,0,0,0,0,0,0,0,0,0,0,0,0,0,0,16,0,0,0,0,0,0,0,0,0,0,0
attero@feddit.de,0,0,0,0,0,0,0,0,0,0,7,0,1,0,0,0,0,0,0,0,0,0,0,0,0,0,0,0,0,8,0,0,0,0
masterX244@feddit.de,0,0,0,0,0,0,0,0,0,0,0,0,0,0,0,0,0,0,0,0,0,6,0,0,0,0,0,0,0,10,0,0,0,0
blurryken@lemmy.world,0,0,0,0,0,0,0,0,0,0,0,0,0,0,0,0,0,0,0,0,16,0,0,0,0,0,0,0,0,0,0,0,0,0
Lobo6780@lemm.ee,15,0,0,0,0,0,0,0,0,0,0,0,0,0,0,0,0,0,0,0,0,1,0,0,0,0,0,0,0,0,0,0,0,0
JimboJr@sopuli.xyz,0,0,0,0,0,0,0,0,0,0,0,0,0,0,0,0,0,0,0,0,0,0,0,6,0,0,0,0,0,1,9,0,0,0
Brainschaden@lemmy.world,0,0,0,0,0,0,0,0,0,0,2,1,4,0,0,0,0,0,0,0,0,0,0,0,0,0,0,0,0,9,0,0,0,0
ajyflt@feddit.ch,8,0,0,0,0,7,0,0,0,0,0,0,0,0,0,0,0,0,0,0,0,0,0,0,0,0,0,0,0,0,0,0,0,0
billgates@lemm.ee,0,0,0,0,0,0,0,0,0,0,0,0,0,0,0,0,0,0,0,0,0,0,0,0,0,0,0,0,0,15,0,0,0,0
Street_E@lemmy.ml,0,0,0,0,0,0,0,0,0,0,0,0,15,0,0,0,0,0,0,0,0,0,0,0,0,0,0,0,0,0,0,0,0,0
akisamb@programming.dev,0,0,0,0,0,4,0,0,0,0,0,1,0,0,0,0,0,0,0,0,0,0,10,0,0,0,0,0,0,0,0,0,0,0
jannis@feddit.de,4,0,0,0,0,1,0,0,0,0,0,0,10,0,0,0,0,0,0,0,0,0,0,0,0,0,0,0,0,0,0,0,0,0
tartas1995@discuss.tchncs.de,1,0,0,0,0,0,0,0,0,0,0,0,0,0,0,0,0,0,0,0,0,5,0,0,0,0,0,4,0,5,0,0,0,0
ConfidentLonely@lemmy.world,3,0,0,0,0,2,0,0,0,0,0,0,0,0,0,0,0,0,0,0,0,0,0,0,0,0,0,0,0,10,0,0,0,0
auro@lemmy.ml,4,0,0,0,0,0,0,0,0,0,0,11,0,0,0,0,0,0,0,0,0,0,0,0,0,0,0,0,0,0,0,0,0,0
Lobohobo@lemmy.world,0,0,0,0,0,0,0,0,0,0,0,0,0,0,0,0,0,0,0,0,0,0,8,1,0,0,0,0,0,6,0,0,0,0
emhl@feddit.de,2,0,0,0,0,0,0,0,0,0,0,0,6,0,0,0,0,0,0,0,0,0,0,0,0,0,0,0,0,7,0,0,0,0
depersonable@beehaw.org,0,0,0,0,0,1,0,0,0,0,0,0,0,0,0,0,14,0,0,0,0,0,0,0,0,0,0,0,0,0,0,0,0,0
vimzim@feddit.nl,0,0,0,0,2,0,0,0,2,2,0,0,1,1,0,0,0,0,0,0,0,7,0,0,0,0,0,0,0,0,0,0,0,0
Yotagama@lemmy.world,1,0,0,0,0,0,0,0,0,0,0,0,7,0,0,0,0,0,0,0,6,0,0,0,0,0,0,0,0,1,0,0,0,0
Fizz@lemmy.nz,1,0,0,0,0,1,0,0,0,0,0,0,0,0,0,0,0,0,0,0,0,0,0,11,0,0,0,0,0,1,1,0,0,0
joanellex@lemmy.ml,0,0,0,0,0,0,0,0,0,0,0,0,0,0,0,0,0,0,0,0,0,0,0,0,0,0,0,14,0,0,0,0,0,0
no_me_jodas@lemmy.world,0,0,0,0,0,0,0,0,0,0,0,0,0,11,0,0,0,0,0,0,0,0,2,0,0,0,0,1,0,0,0,0,0,0
schademo@lemmy.world,0,0,0,0,0,0,0,0,0,0,0,0,9,0,0,4,1,0,0,0,0,0,0,0,0,0,0,0,0,0,0,0,0,0
bignuts700@pawb.social,14,0,0,0,0,0,0,0,0,0,0,0,0,0,0,0,0,0,0,0,0,0,0,0,0,0,0,0,0,0,0,0,0,0
kid4today@lemmy.ml,0,0,0,0,0,7,0,0,0,0,0,0,0,0,0,0,0,0,0,0,0,0,2,5,0,0,0,0,0,0,0,0,0,0
huginn@feddit.it,0,0,0,0,0,0,0,0,0,0,0,0,0,0,0,0,0,0,0,0,0,14,0,0,0,0,0,0,0,0,0,0,0,0
valkyrie@lemmy.ml,0,0,0,0,0,0,0,0,0,0,3,0,0,0,0,0,0,0,0,0,0,2,7,0,0,0,0,0,0,2,0,0,0,0
Jlafs@lemmy.world,14,0,0,0,0,0,0,0,0,0,0,0,0,0,0,0,0,0,0,0,0,0,0,0,0,0,0,0,0,0,0,0,0,0
Zelaf@sopuli.xyz,0,0,0,0,0,0,0,0,0,0,0,0,0,0,0,0,0,0,0,0,0,0,0,0,0,0,0,0,0,14,0,0,0,0
BastingChemina@slrpnk.net,0,0,0,0,0,0,0,0,0,0,0,0,0,0,0,0,0,0,0,0,0,0,7,0,0,0,0,0,0,7,0,0,0,0
un4@lemm.ee,5,0,0,0,0,0,0,0,0,0,0,0,0,0,0,0,0,0,0,0,0,2,7,0,0,0,0,0,0,0,0,0,0,0
magical@feddit.nl,6,0,0,0,0,0,0,0,0,0,8,0,0,0,0,0,0,0,0,0,0,0,0,0,0,0,0,0,0,0,0,0,0,0
chaosppe@lemmy.world,2,0,0,0,0,0,0,0,0,0,0,0,0,0,0,0,0,0,0,0,0,0,0,0,0,0,0,0,0,12,0,0,0,0
Mahiro@lemmy.world,0,0,0,0,0,0,0,0,0,0,0,0,14,0,0,0,0,0,0,0,0,0,0,0,0,0,0,0,0,0,0,0,0,0
Samouille@jlai.lu,1,0,0,0,0,7,0,0,5,0,0,0,0,0,0,0,0,0,0,0,0,0,0,0,0,0,0,0,0,1,0,0,0,0
cottonmon@lemmy.world,0,0,0,0,0,0,12,0,0,0,0,1,0,0,0,0,0,0,0,0,0,0,0,0,0,0,0,0,0,1,0,0,0,0
jas@lemmy.world,0,0,0,0,0,0,0,0,0,0,0,0,0,0,0,0,0,0,0,0,0,0,0,0,0,0,0,0,0,13,1,0,0,0
anangrierterrarian@lemmy.blahaj.zone,12,0,0,0,0,2,0,0,0,0,0,0,0,0,0,0,0,0,0,0,0,0,0,0,0,0,0,0,0,0,0,0,0,0
tugash@lemmy.world,2,0,0,0,8,0,0,0,0,0,0,0,0,0,0,0,0,0,0,0,0,0,0,0,0,0,0,0,0,4,0,0,0,0
nfld0001@beehaw.org,0,0,0,0,0,0,0,0,0,0,0,0,14,0,0,0,0,0,0,0,0,0,0,0,0,0,0,0,0,0,0,0,0,0
DarthManantee@feddit.de,6,0,0,0,6,0,0,0,0,0,0,0,0,0,0,0,0,0,0,0,0,0,0,0,0,0,0,0,0,2,0,0,0,0
A2PKXG@feddit.de,0,0,0,0,0,0,0,0,0,0,0,0,12,0,0,0,0,0,0,0,0,0,0,0,0,0,0,0,0,2,0,0,0,0
Skyhighatrist@lemmy.ca,0,0,0,0,0,0,0,0,0,0,0,0,0,0,0,0,0,0,0,0,0,0,0,0,0,0,0,0,0,14,0,0,0,0
user1919@lemmy.world,7,0,0,0,0,0,0,0,0,0,0,0,0,0,0,0,0,0,0,0,0,0,0,6,0,0,0,0,0,0,0,0,0,0
jenbat@lemmy.world,3,0,0,0,0,0,0,0,0,0,0,0,0,1,0,0,0,0,0,0,0,0,0,0,0,0,0,0,0,9,0,0,0,0
Dfirebug@discuss.tchncs.de,0,0,0,0,0,0,0,0,0,0,0,9,0,0,0,0,0,0,0,0,0,0,0,0,4,0,0,0,0,0,0,0,0,0
c3pwned@lemmy.world,2,0,0,0,0,0,0,0,0,0,0,0,0,0,0,0,0,0,0,0,0,0,8,0,0,0,0,0,0,3,0,0,0,0
faceula@lemmy.world,5,0,0,0,0,0,0,0,0,0,0,0,0,0,0,0,0,0,0,0,0,0,0,0,0,0,0,0,0,8,0,0,0,0
catcarlson@beehaw.org,1,0,0,0,0,0,0,0,0,0,0,0,0,0,0,0,5,0,0,0,0,0,0,0,0,0,0,0,0,7,0,0,0,0
superkret@feddit.de,6,0,0,0,0,0,0,0,0,0,0,0,0,0,0,0,0,0,0,0,0,0,0,0,0,0,0,0,0,7,0,0,0,0
nin0dev@lemmy.ml,11,0,0,0,0,0,0,0,0,0,0,0,0,0,0,0,0,0,0,0,0,0,2,0,0,0,0,0,0,0,0,0,0,0
Thaurin@lemmy.world,13,0,0,0,0,0,0,0,0,0,0,0,0,0,0,0,0,0,0,0,0,0,0,0,0,0,0,0,0,0,0,0,0,0
Crocrodile@lemmy.ca,0,0,0,0,0,0,0,0,0,0,0,0,0,0,0,0,0,0,0,0,0,0,0,0,0,0,0,0,0,0,13,0,0,0
running_squirrel@feddit.de,6,0,0,0,0,0,0,0,0,0,0,0,2,0,0,0,0,0,0,0,0,0,0,0,0,0,0,0,0,5,0,0,0,0
Reborn2966@feddit.it,0,0,0,0,0,13,0,0,0,0,0,0,0,0,0,0,0,0,0,0,0,0,0,0,0,0,0,0,0,0,0,0,0,0
overfox@feddit.de,4,0,0,0,0,0,0,0,0,0,0,0,4,0,0,0,0,0,0,0,0,0,0,0,0,0,0,0,0,5,0,0,0,0
ClemaX@lemm.ee,1,0,0,0,0,0,0,0,0,0,0,0,0,0,1,0,5,0,0,0,0,3,1,1,0,0,0,0,0,1,0,0,0,0
Onion6068@feddit.de,1,0,0,0,0,0,0,0,0,0,0,0,2,0,0,0,0,0,0,0,0,0,0,0,0,0,0,0,0,10,0,0,0,0
GloopBloop@lemmy.blahaj.zone,0,0,0,0,0,0,0,0,0,0,0,0,0,0,0,0,0,0,0,0,0,13,0,0,0,0,0,0,0,0,0,0,0,0
Goodman@lemm.ee,0,0,0,0,0,0,0,0,0,0,0,0,0,0,0,0,12,0,0,0,0,0,0,0,0,0,0,0,0,0,0,0,0,0
whoxtank28@lemmy.world,10,0,0,0,0,2,0,0,0,0,0,0,0,0,0,0,0,0,0,0,0,0,0,0,0,0,0,0,0,0,0,0,0,0
TeamAssimilation@infosec.pub,0,0,0,0,0,0,0,0,0,0,0,0,3,0,0,0,9,0,0,0,0,0,0,0,0,0,0,0,0,0,0,0,0,0
JohnnyLX91@lemmy.zip,3,0,0,0,0,0,0,0,0,0,0,9,0,0,0,0,0,0,0,0,0,0,0,0,0,0,0,0,0,0,0,0,0,0
kadjiis@lemmy.world,11,0,0,0,0,0,0,0,0,0,0,0,0,0,0,0,0,0,0,0,0,0,0,0,0,0,0,0,0,1,0,0,0,0
janAkali@lemmy.one,1,0,0,0,0,7,0,0,0,0,0,0,0,0,0,0,1,3,0,0,0,0,0,0,0,0,0,0,0,0,0,0,0,0
polite_cat@lemmy.world,0,0,0,0,0,0,0,0,12,0,0,0,0,0,0,0,0,0,0,0,0,0,0,0,0,0,0,0,0,0,0,0,0,0
Chaphasilor@feddit.nl,0,0,0,0,0,1,0,0,0,0,0,0,0,0,0,0,0,0,0,0,0,0,0,0,0,0,0,0,0,11,0,0,0,0
susssu@thelemmy.club,5,0,0,0,0,0,0,0,0,0,0,4,3,0,0,0,0,0,0,0,0,0,0,0,0,0,0,0,0,0,0,0,0,0
krdo@lmmy.net,0,0,0,0,0,0,0,0,0,0,0,0,0,0,0,0,0,0,0,7,0,0,0,0,0,0,0,0,0,5,0,0,0,0
LudwigvanBeethoven@sh.itjust.works,0,0,0,0,0,0,0,0,0,0,0,0,0,0,0,0,0,0,0,0,0,0,12,0,0,0,0,0,0,0,0,0,0,0
Txmyx@feddit.de,11,0,0,0,0,0,0,0,1,0,0,0,0,0,0,0,0,0,0,0,0,0,0,0,0,0,0,0,0,0,0,0,0,0
RyanXero@lemmy.ca,2,0,0,0,0,0,0,0,0,0,0,0,0,0,0,8,0,0,0,0,0,0,0,0,0,0,0,0,0,2,0,0,0,0
Maeric@lemmy.world,0,0,0,0,0,0,0,0,0,0,0,0,0,0,0,0,0,0,0,0,0,12,0,0,0,0,0,0,0,0,0,0,0,0
NikkiDimes@lemmy.world,0,0,0,0,0,0,0,0,0,0,0,1,0,0,0,0,2,0,0,0,0,2,2,0,1,3,0,0,0,1,0,0,0,0
Picodon@lemmy.world,0,0,0,0,0,0,0,0,0,0,0,0,0,0,11,0,0,0,0,0,0,0,1,0,0,0,0,0,0,0,0,0,0,0
name_NULL111653@pawb.social,0,0,0,0,0,0,0,0,0,0,0,0,0,0,0,0,0,0,0,0,0,0,1,0,0,0,0,0,0,11,0,0,0,0
walfron@lemmy.world,0,0,0,0,0,0,0,0,0,0,0,0,0,0,0,0,0,0,0,0,0,0,11,0,0,0,0,0,0,0,0,0,0,0
Areexor@feddit.de,0,0,0,0,0,0,0,0,0,0,0,0,11,0,0,0,0,0,0,0,0,0,0,0,0,0,0,0,0,0,0,0,0,0
IrishPotato@lemmy.world,0,0,0,0,0,0,0,0,0,0,1,0,10,0,0,0,0,0,0,0,0,0,0,0,0,0,0,0,0,0,0,0,0,0
sojh@lemmy.world,0,0,0,0,0,0,0,0,0,0,0,0,0,0,0,0,0,0,0,0,0,0,0,8,0,0,0,3,0,0,0,0,0,0
Nil@lemm.ee,0,0,0,0,0,0,0,0,0,0,0,0,0,0,0,0,6,0,0,0,0,0,2,0,0,1,0,0,0,2,0,0,0,0
ObservingTrain@lemmy.world,2,0,0,0,0,0,0,0,0,0,0,0,0,0,0,0,0,0,0,0,0,3,0,0,0,0,0,5,0,1,0,0,0,0
WhiskeyAndBackPain@lemmy.world,0,0,0,0,0,0,0,0,0,0,0,0,0,0,0,0,0,0,0,0,0,0,0,0,0,0,0,0,0,11,0,0,0,0
jcm@feddit.jcm.re,0,0,0,0,0,0,0,0,0,0,0,0,0,0,0,0,0,0,0,0,0,0,0,10,0,0,0,0,0,1,0,0,0,0
ChaoticNeutralCzech@beehaw.org,9,0,0,0,0,0,0,0,0,0,0,0,0,0,0,0,0,0,0,0,0,0,0,0,0,0,0,0,1,1,0,0,0,0
Allqns@lemmy.world,0,0,0,0,0,0,0,0,0,0,0,0,6,0,0,0,0,0,0,0,5,0,0,0,0,0,0,0,0,0,0,0,0,0
v7x@lemmy.world,0,0,0,0,0,0,0,0,0,0,0,0,0,0,0,0,0,0,0,0,0,0,11,0,0,0,0,0,0,0,0,0,0,0
paurix@feddit.de,3,0,0,0,0,0,0,0,0,0,0,0,3,0,0,0,0,0,0,0,0,0,4,0,0,0,0,0,0,1,0,0,0,0
Lukerator@lemmy.ml,9,0,0,0,0,0,0,0,0,0,0,0,0,0,0,0,0,0,0,0,0,0,1,0,0,0,0,0,0,1,0,0,0,0
Rolcam@lemmy.world,1,0,0,0,0,0,0,0,0,0,1,2,1,0,0,1,0,0,0,0,0,2,3,0,0,0,0,0,0,0,0,0,0,0
mckean@programming.dev,0,0,0,0,0,0,0,0,0,0,0,0,0,0,0,0,11,0,0,0,0,0,0,0,0,0,0,0,0,0,0,0,0,0
semaj@lemmy.world,1,0,0,0,0,0,0,0,0,0,0,0,0,0,0,0,0,0,0,0,0,0,10,0,0,0,0,0,0,0,0,0,0,0
burgersc12@sh.itjust.works,11,0,0,0,0,0,0,0,0,0,0,0,0,0,0,0,0,0,0,0,0,0,0,0,0,0,0,0,0,0,0,0,0,0
themakara@lemmy.world,0,0,0,0,0,0,0,0,0,0,0,0,0,0,0,0,0,0,0,0,0,0,0,0,0,0,0,0,0,11,0,0,0,0
JohnDClay@sh.itjust.works,3,0,0,0,0,0,0,0,0,0,0,0,0,0,0,0,0,0,0,0,0,0,8,0,0,0,0,0,0,0,0,0,0,0
Imhotep@lemmy.world,1,0,0,0,0,0,0,0,0,0,0,0,0,0,0,0,1,1,0,0,1,1,3,1,0,0,1,0,1,0,0,0,0,0
Qwynt@lemmy.blahaj.zone,0,0,0,0,0,0,0,0,0,0,0,0,0,0,0,0,0,0,0,0,0,11,0,0,0,0,0,0,0,0,0,0,0,0
ShadowDragon@discuss.tchncs.de,0,0,0,0,0,0,0,0,0,0,0,0,0,0,0,0,10,0,0,0,0,0,1,0,0,0,0,0,0,0,0,0,0,0
Warmwhisky@lemmy.world,4,0,0,0,0,0,0,0,0,0,0,0,0,0,0,0,0,0,0,0,0,0,0,0,0,0,0,0,0,7,0,0,0,0
Lemmywinks666@lemmy.world,4,0,0,0,0,0,0,0,0,0,0,0,0,0,0,0,0,0,0,0,0,0,0,0,0,0,0,0,0,7,0,0,0,0
Blubton@feddit.nl,0,0,0,0,0,1,0,0,0,0,10,0,0,0,0,0,0,0,0,0,0,0,0,0,0,0,0,0,0,0,0,0,0,0
mySFWaccount@lemmy.ca,10,0,0,0,0,0,0,0,0,0,0,0,0,0,0,0,0,0,0,0,0,0,0,0,0,0,0,0,0,0,0,0,0,0
Interesting_Test_814@jlai.lu,0,0,0,0,0,0,0,0,0,0,0,0,0,0,0,0,0,0,0,0,0,4,1,0,0,0,0,0,0,5,0,0,0,0
artillect@lemmy.world,1,0,0,0,0,0,0,0,0,0,0,0,0,0,6,0,3,0,0,0,0,0,0,0,0,0,0,0,0,0,0,0,0,0
MowFord@lemmy.world,9,0,0,0,0,0,0,0,0,0,0,0,0,0,0,0,0,0,0,0,0,0,0,0,0,0,0,0,0,1,0,0,0,0
Avin@lemmy.ml,4,0,0,0,0,4,0,0,0,0,0,0,0,0,0,0,0,0,0,0,0,1,1,0,0,0,0,0,0,0,0,0,0,0
One01x@lemmy.world,0,0,0,0,0,0,0,0,0,0,0,0,0,0,0,0,0,0,0,1,0,0,0,0,0,0,0,7,0,2,0,0,0,0
AK56xXx@lemmy.ml,0,0,0,0,0,0,0,0,0,0,0,0,0,0,0,0,0,0,0,0,0,0,10,0,0,0,0,0,0,0,0,0,0,0
UrLogicFails@beehaw.org,7,3,0,0,0,0,0,0,0,0,0,0,0,0,0,0,0,0,0,0,0,0,0,0,0,0,0,0,0,0,0,0,0,0
RuskPrick@lemmy.world,0,0,0,0,0,0,0,0,0,0,0,0,10,0,0,0,0,0,0,0,0,0,0,0,0,0,0,0,0,0,0,0,0,0
brightwave@beehaw.org,0,0,0,0,0,0,0,0,0,0,0,0,0,0,0,0,0,0,0,0,0,10,0,0,0,0,0,0,0,0,0,0,0,0
_pete_@lemmy.world,0,0,0,0,0,0,0,0,0,0,0,0,0,0,0,0,0,0,0,0,0,0,0,0,0,0,0,0,0,10,0,0,0,0
snip@lemmy.world,10,0,0,0,0,0,0,0,0,0,0,0,0,0,0,0,0,0,0,0,0,0,0,0,0,0,0,0,0,0,0,0,0,0
lackluster007@lemmy.world,0,0,0,0,0,0,0,0,0,0,0,0,0,0,0,0,0,0,0,0,0,10,0,0,0,0,0,0,0,0,0,0,0,0
coretrax@feddit.de,10,0,0,0,0,0,0,0,0,0,0,0,0,0,0,0,0,0,0,0,0,0,0,0,0,0,0,0,0,0,0,0,0,0
poiqzy@lemmy.world,5,0,0,0,0,0,0,0,0,0,1,0,1,0,0,0,0,0,0,0,0,0,3,0,0,0,0,0,0,0,0,0,0,0
MKtC1@toast.ooo,0,0,2,0,0,0,0,0,7,1,0,0,0,0,0,0,0,0,0,0,0,0,0,0,0,0,0,0,0,0,0,0,0,0
Zagorath@aussie.zone,0,0,0,0,0,0,0,0,0,0,5,0,0,0,0,0,0,0,0,0,0,0,0,0,0,0,0,0,0,5,0,0,0,0
Binette@waveform.social,2,0,0,0,0,0,0,0,0,0,0,0,0,0,0,0,0,0,0,0,0,6,2,0,0,0,0,0,0,0,0,0,0,0
Esjee@lemmy.world,0,0,0,0,0,0,5,0,0,5,0,0,0,0,0,0,0,0,0,0,0,0,0,0,0,0,0,0,0,0,0,0,0,0
Zalzabar@lemmy.world,0,0,0,0,0,0,0,0,0,0,0,0,0,0,0,0,0,0,0,0,0,0,0,0,0,0,0,0,0,9,0,0,0,0
stella@lemmy.blahaj.zone,1,0,0,0,0,0,0,0,0,0,0,0,0,0,0,0,0,0,0,0,0,3,5,0,0,0,0,0,0,0,0,0,0,0
Dreadfighter23@lemmy.world,7,0,0,0,0,2,0,0,0,0,0,0,0,0,0,0,0,0,0,0,0,0,0,0,0,0,0,0,0,0,0,0,0,0
grallo@feddit.de,0,0,0,0,0,3,0,0,0,0,0,0,0,0,0,0,0,0,0,0,0,0,0,0,0,0,0,0,0,6,0,0,0,0
lenny@lemmy.federa.net,9,0,0,0,0,9,0,0,0,0,0,0,0,0,0,0,0,0,0,0,0,0,0,0,0,0,0,0,0,0,0,0,0,0
bocian67@feddit.de,9,0,0,0,0,0,0,0,0,0,0,0,0,0,0,0,0,0,0,0,0,0,0,0,0,0,0,0,0,0,0,0,0,0
Sentinian@lemmy.one,0,0,0,0,0,0,0,0,0,0,0,0,0,0,0,0,0,0,0,0,0,0,0,0,0,0,0,9,0,0,0,0,0,0
Feable@feddit.nl,0,0,0,0,0,0,0,0,0,0,0,0,0,0,0,0,0,0,0,0,0,0,3,0,0,0,0,0,0,0,6,0,0,0
Boogeyman4325@reddthat.com,4,0,0,0,0,5,0,0,0,0,0,0,0,0,0,0,0,0,0,0,0,0,0,0,0,0,0,0,0,0,0,0,0,0
cduke23@beehaw.org,8,0,0,0,0,1,0,0,0,0,0,0,0,0,0,0,0,0,0,0,0,0,0,0,0,0,0,0,0,0,0,0,0,0
GiM@feddit.de,0,0,0,0,0,0,0,0,0,0,0,0,0,0,0,0,0,0,0,0,0,0,0,0,1,0,0,6,0,2,0,0,0,0
hbk@lemmy.world,3,0,0,0,0,0,0,0,0,0,0,0,0,0,0,0,0,0,0,0,0,0,0,0,0,0,0,0,0,6,0,0,0,0
EntropicalVacation@midwest.social,0,0,0,0,0,2,0,0,0,0,0,0,0,0,0,0,2,0,0,0,0,0,5,0,0,0,0,0,0,0,0,0,0,0
KoiKo514@beehaw.org,0,0,0,0,0,0,0,0,0,0,0,0,9,0,0,0,0,0,0,0,0,0,0,0,0,0,0,0,0,0,0,0,0,0
Xtallll@lemmy.blahaj.zone,0,0,0,0,0,0,0,0,0,0,0,0,0,0,0,0,0,0,0,0,0,9,0,0,0,0,0,0,0,0,0,0,0,0
CjP4rker@feddit.de,0,0,0,0,0,0,0,0,0,0,0,0,0,0,0,0,0,0,0,0,0,0,0,0,0,0,0,0,0,9,0,0,0,0
pudel@lemm.ee,0,0,0,0,0,0,0,0,0,0,0,0,0,0,0,0,0,0,0,0,0,0,9,0,0,0,0,0,0,0,0,0,0,0
zorgger@feddit.de,2,0,0,0,0,0,0,0,0,0,0,0,1,0,0,0,0,0,0,0,0,0,0,0,0,0,0,0,0,6,0,0,0,0
Rhodin@lemmy.world,6,0,0,0,0,0,0,0,3,0,0,0,0,0,0,0,0,0,0,0,0,0,0,0,0,0,0,0,0,0,0,0,0,0
musaoruc@lemmy.ml,0,0,0,0,0,0,0,0,0,0,0,0,0,0,0,0,0,0,0,0,0,0,0,0,0,0,0,0,0,9,0,0,0,0
somedaysoon@lemmy.world,0,0,0,0,0,1,0,0,0,0,0,0,0,0,0,0,0,0,0,0,0,0,0,0,0,0,0,0,0,8,0,0,0,0
ddenis@discuss.tchncs.de,0,0,0,0,0,0,0,0,0,0,0,0,0,0,0,0,0,0,0,0,0,0,0,0,3,2,0,4,0,0,0,0,0,0
theamigan@lemmy.dynatron.me,0,0,0,0,0,1,0,0,0,0,0,0,0,0,0,0,0,0,0,0,0,0,0,0,0,0,0,0,0,8,0,0,0,0
toiletmaster69@lemmy.world,1,0,0,0,0,1,0,0,0,0,0,0,0,0,0,0,0,0,0,0,7,0,0,0,0,0,0,0,0,0,0,0,0,0
quazar@lemmy.world,0,0,0,0,0,0,0,0,0,8,0,0,0,0,0,0,0,1,0,0,0,0,0,0,0,0,0,0,0,0,0,0,0,0
crazystuff@discuss.online,0,0,0,0,0,0,0,0,0,0,0,0,0,0,0,0,0,0,0,0,0,3,6,0,0,0,0,0,0,0,0,0,0,0
Tope@sopuli.xyz,3,0,0,0,0,6,0,0,0,0,0,0,0,0,0,0,0,0,0,0,0,0,0,0,0,0,0,0,0,0,0,0,0,0
varaki@lemm.ee,5,0,2,0,2,0,0,0,0,0,0,0,0,0,0,0,0,0,0,0,0,0,0,0,0,0,0,0,0,0,0,0,0,0
farsinuce@feddit.dk,0,0,0,0,0,0,0,0,0,0,0,0,0,0,0,0,0,0,0,0,0,0,0,0,0,0,0,0,0,8,0,0,0,0
tara@lemmy.world,0,0,0,0,0,0,0,0,0,0,0,0,0,0,0,0,0,0,0,0,0,7,0,0,0,0,0,1,0,0,0,0,0,0
halbgebildeter@lemm.ee,1,0,0,0,0,1,0,0,0,0,0,0,3,0,0,0,0,0,0,0,0,0,0,0,0,0,0,0,0,0,3,0,0,0
Transform2942@lemmy.ml,0,0,0,0,0,0,0,0,0,0,0,0,0,0,0,0,0,6,0,0,0,0,0,0,0,0,0,0,1,0,0,1,0,0
horse@feddit.de,4,0,0,0,0,0,0,0,0,0,0,0,3,0,0,0,0,0,0,0,0,0,0,0,0,0,0,0,0,1,0,0,0,0
rbits@lemm.ee,6,0,0,0,0,1,0,0,0,0,0,0,0,0,0,0,0,0,0,0,0,0,0,0,0,0,0,0,0,1,0,0,0,0
KiranWells@pawb.social,0,0,2,0,0,0,0,0,0,0,0,0,0,0,0,0,0,0,0,0,0,0,0,0,5,1,0,0,0,0,0,0,0,0
ryannathans@lemmy.fmhy.net,0,0,0,0,0,0,0,0,0,0,0,0,0,0,0,0,0,0,0,8,0,0,0,0,0,0,0,0,0,0,0,0,0,0
cryoistalline@lemmy.ml,3,0,0,0,0,0,0,0,0,0,0,0,0,0,0,0,1,0,0,0,0,0,4,0,0,0,0,0,0,0,0,0,0,0
Cake@lemmings.world,0,0,0,0,0,0,0,0,0,0,0,0,0,0,0,0,0,0,0,0,0,1,7,0,0,0,0,0,0,0,0,0,0,0
StarshipBistromath@ttrpg.network,0,0,0,0,0,0,0,0,0,0,0,0,1,0,0,0,0,0,0,0,0,0,0,0,0,0,0,0,0,7,0,0,0,0
Ilgatto@lemmy.world,8,0,0,0,0,0,0,0,0,0,0,0,0,0,0,0,0,0,0,0,0,0,0,0,0,0,0,0,0,0,0,0,0,0
AresUII@lemmy.world,0,0,0,0,0,0,0,0,0,0,0,0,0,0,0,0,1,0,0,0,0,0,0,0,7,0,0,0,0,0,0,0,0,0
Alloy@lemmy.blahaj.zone,0,0,0,0,0,0,0,0,0,0,0,0,0,0,0,0,0,0,0,0,0,8,0,0,0,0,0,0,0,0,0,0,0,0
ox0r@jlai.lu,0,0,0,0,0,0,0,0,0,0,0,0,0,0,0,0,0,0,0,0,0,0,8,0,0,0,0,0,0,0,0,0,0,0
DingDongDitch@lemmy.blahaj.zone,0,0,0,0,0,0,0,0,0,0,0,0,0,0,0,0,0,0,0,0,1,0,6,0,0,0,0,1,0,0,0,0,0,0
Branzananza@lemmy.world,0,0,0,0,0,2,0,0,0,0,0,0,0,0,0,0,0,0,0,0,0,1,0,4,0,0,0,0,0,0,0,1,0,0
moosetwin@lemmy.world,1,7,0,0,0,0,0,0,0,0,0,0,0,0,0,0,0,0,0,0,0,0,0,0,0,0,0,0,0,0,0,0,0,0
calebcharles@slrpnk.net,8,0,0,0,0,0,0,0,0,0,0,0,0,0,0,0,0,0,0,0,0,0,0,0,0,0,0,0,0,0,0,0,0,0
OptimusPhillip@lemmy.world,8,0,0,0,0,0,0,0,0,0,0,0,0,0,0,0,0,0,0,0,0,0,0,0,0,0,0,0,0,0,0,0,0,0
StarLuigi@lemmy.blahaj.zone,0,0,0,0,0,1,0,0,0,0,0,0,0,0,0,0,0,0,0,0,0,5,0,0,0,0,0,2,0,0,0,0,0,0
TheMagicalTimonini@lemmy.world,8,0,0,0,0,0,0,0,0,0,0,0,0,0,0,0,0,0,0,0,0,0,0,0,0,0,0,0,0,0,0,0,0,0
Saarik@discuss.tchncs.de,7,0,0,0,0,0,0,0,0,0,0,0,0,0,0,0,1,0,0,0,0,0,0,0,0,0,0,0,0,0,0,0,0,0
Madbrad200@lemmy.world,0,0,0,0,0,0,0,0,0,0,2,0,0,0,0,0,0,0,0,0,0,6,0,0,0,0,0,0,0,0,0,0,0,0
delaenya@lemmy.world,6,0,0,0,0,0,0,0,0,0,0,0,0,0,0,0,0,0,0,0,0,0,0,0,0,0,0,0,0,2,0,0,0,0
ScottMeme@sh.itjust.works,0,0,0,0,0,0,0,0,0,0,0,0,0,0,0,0,0,0,0,0,0,8,0,0,0,0,0,0,0,0,0,0,0,0
ezri@lemmy.blahaj.zone,0,0,0,0,0,0,0,0,0,0,0,0,0,0,0,0,0,0,0,0,0,8,0,0,0,0,0,0,0,0,0,0,0,0
reentry@lemmy.world,0,0,0,0,0,0,2,2,0,0,0,0,3,0,0,0,0,0,0,0,0,0,0,0,0,0,0,1,0,0,0,0,0,0
PM_CTD7@lemm.ee,0,0,0,0,0,6,0,0,0,0,0,0,0,0,0,0,0,0,0,0,0,0,0,0,0,0,0,0,2,0,0,0,0,0
latency@lemmy.world,6,0,0,0,0,0,0,0,1,0,0,0,0,0,0,0,0,0,0,0,0,0,0,0,1,0,0,0,0,0,0,0,0,0
cley_faye@lemmy.world,0,0,0,0,0,7,0,0,0,0,0,0,0,0,0,0,1,0,0,0,0,0,0,0,0,0,0,0,0,0,0,0,0,0
SiyahGuraag@sh.itjust.works,0,0,0,0,0,0,0,0,0,0,0,8,0,0,0,0,0,0,0,0,0,0,0,0,0,0,0,0,0,0,0,0,0,0
xxcarpaii@sh.itjust.works,0,0,0,0,0,0,0,0,0,0,0,0,0,0,0,0,0,0,0,0,0,0,8,0,0,0,0,0,0,0,0,0,0,0
kcilc@lemmy.world,0,0,1,0,0,0,0,0,0,0,0,0,1,0,0,0,0,6,0,0,0,0,0,0,0,0,0,0,0,0,0,0,0,0
treeofnik@lemmy.world,1,0,0,0,0,0,0,0,0,0,7,0,0,0,0,0,0,0,0,0,0,0,0,0,0,0,0,0,0,0,0,0,0,0
inhale_vegetables@aussie.zone,0,0,0,0,0,0,0,0,0,0,0,0,0,0,0,0,0,0,0,0,0,0,8,0,0,0,0,0,0,0,0,0,0,0
tomcatt360@lemmy.world,6,0,0,0,0,0,0,0,0,0,0,0,0,0,0,0,0,0,0,0,0,0,0,0,0,1,0,0,0,0,0,0,0,0
Timkmz@lemy.lol,1,0,0,0,0,0,0,0,0,0,0,0,0,0,0,0,0,0,0,0,0,0,0,0,0,0,0,0,0,6,0,0,0,0
lucario_owo@yiffit.net,1,0,0,0,0,0,0,0,0,0,0,0,0,0,0,0,0,0,0,0,0,0,0,0,0,0,0,0,0,6,0,0,0,0
xrellx@lemmy.world,0,0,0,0,0,6,0,0,0,0,0,0,0,0,0,0,0,0,0,0,0,0,0,0,0,0,0,0,0,1,0,0,0,0
Derpendicular@lemm.ee,6,0,0,0,0,0,0,0,0,0,0,0,0,0,0,0,0,0,0,0,0,0,1,0,0,0,0,0,0,0,0,0,0,0
Sorr@lemdro.id,0,0,0,0,0,0,0,0,0,0,0,0,0,0,0,0,0,0,0,0,0,0,7,0,0,0,0,0,0,0,0,0,0,0
shards@lemmy.nz,0,0,0,0,0,0,0,0,0,0,0,0,0,0,0,0,0,0,0,0,0,0,0,7,0,0,0,0,0,0,0,0,0,0
GalataBridge@feddit.de,7,0,0,0,0,0,0,0,0,0,0,0,0,0,0,0,0,0,0,0,0,0,0,0,0,0,0,0,0,0,0,0,0,0
SolarNialamide@slrpnk.net,7,0,0,0,0,0,0,0,0,0,0,0,0,0,0,0,0,0,0,0,0,0,0,0,0,0,0,0,0,0,0,0,0,0
InfiniteFlow@lemmy.world,6,0,0,0,0,0,0,0,0,0,0,0,0,0,0,0,0,0,0,0,0,0,1,0,0,0,0,0,0,0,0,0,0,0
Yeromon@discuss.tchncs.de,0,0,0,0,0,0,0,0,0,0,0,0,0,0,0,0,0,0,0,0,0,7,0,0,0,0,0,0,0,0,0,0,0,0
gggobro@lemmy.dbzer0.com,0,0,0,0,0,0,0,0,0,0,3,0,0,0,0,3,0,0,0,0,0,0,1,0,0,0,0,0,0,0,0,0,0,0
AbsorbLineage@lemmy.ml,0,0,0,0,0,0,0,0,0,0,0,0,0,0,0,0,0,0,0,0,0,0,7,0,0,0,0,0,0,0,0,0,0,0
ammonium@lemmy.world,2,4,1,0,0,0,0,0,0,0,0,0,0,0,0,0,0,0,0,0,0,0,0,0,0,0,0,0,0,0,0,0,0,0
rookuk@lemmy.world,0,0,0,0,0,0,0,0,0,0,0,0,0,0,0,0,0,0,0,0,0,0,0,0,0,0,0,0,0,7,0,0,0,0
Mefek@lemm.ee,2,0,0,0,0,0,0,0,0,0,0,0,0,0,0,0,0,1,0,0,0,1,3,0,0,0,0,0,0,0,0,0,0,0
Pronian@lemmynsfw.com,3,0,0,0,1,3,0,0,0,0,0,0,0,0,0,0,0,0,0,0,0,0,0,0,0,0,0,0,0,0,0,0,0,0
frustrated_badger@lemmy.world,0,0,0,0,0,0,0,0,0,0,0,0,0,0,0,0,5,0,0,0,0,0,2,0,0,0,0,0,0,0,0,0,0,0
tabtomi@lemmy.world,0,0,0,0,0,0,0,0,0,0,0,0,0,0,0,0,0,0,0,0,0,0,0,0,0,0,0,0,0,7,0,0,0,0
Theykeeponrising@lemmy.world,0,0,0,0,0,0,0,0,0,0,0,4,0,0,0,0,0,0,0,0,0,0,0,0,3,0,0,0,0,0,0,0,0,0
erkaf@feddit.de,7,0,0,0,0,0,0,0,0,0,0,0,0,0,0,0,0,0,0,0,0,0,0,0,0,0,0,0,0,0,0,0,0,0
Provider@feddit.de,5,0,0,0,0,0,0,0,0,0,0,0,0,0,0,0,0,0,0,0,0,0,2,0,0,0,0,0,0,0,0,0,0,0
SubArcticTundra@lemmy.ml,7,0,0,0,0,0,0,0,0,0,0,0,0,0,0,0,0,0,0,0,0,0,0,0,0,0,0,0,0,0,0,0,0,0
shinysquirrel@lemmy.ml,0,0,0,0,0,0,0,0,0,0,0,0,0,0,0,0,0,0,0,0,0,0,5,0,0,0,0,0,0,2,0,0,0,0
WriterDE@feddit.de,0,0,0,0,0,0,0,0,0,0,0,0,0,0,0,0,0,0,0,0,0,0,0,0,0,0,0,0,0,7,0,0,0,0
martreides@beehaw.org,0,0,0,0,0,0,0,0,0,0,2,0,0,0,0,0,0,0,0,0,0,0,5,0,0,0,0,0,0,0,0,0,0,0
removed@lemmy.world,3,0,0,0,0,1,0,0,0,0,0,0,0,0,0,0,0,0,0,0,0,0,0,0,0,0,0,0,0,0,3,0,0,0
fnmain@programming.dev,0,0,0,0,2,2,0,0,0,0,2,0,0,0,0,0,0,0,0,0,0,1,0,0,0,0,0,0,0,0,0,0,0,0
llama_spit@lemmy.world,0,0,0,0,0,0,0,0,0,0,0,0,0,0,0,0,0,0,0,7,0,0,0,0,0,0,0,0,0,0,0,0,0,0
SebiLetPlay@feddit.de,7,0,0,0,0,0,0,0,0,0,0,0,0,0,0,0,0,0,0,0,0,0,0,0,0,0,0,0,0,0,0,0,0,0
andrew@lemmy.stuart.fun,0,0,0,0,0,0,0,0,0,0,0,0,0,0,0,0,0,0,0,0,5,2,0,0,0,0,0,0,0,0,0,0,0,0
chainweasel@lemmy.world,0,0,0,0,0,0,0,0,0,0,0,0,2,0,0,0,0,0,0,0,0,0,5,0,0,0,0,0,0,0,0,0,0,0
blaster_m@lemmy.world,0,0,0,0,0,0,0,0,0,0,0,0,0,0,0,6,0,0,0,0,0,0,0,0,0,0,0,1,0,0,0,0,0,0
medvedev@lemmy.world,1,0,0,0,0,0,0,0,0,0,0,0,0,0,0,0,0,0,0,0,0,6,0,0,0,0,0,0,0,0,0,0,0,0
skysurfer@lemmy.world,7,0,0,0,0,0,0,0,0,0,0,0,0,0,0,0,0,0,0,0,0,0,0,0,0,0,0,0,0,0,0,0,0,0
Weborl@lemmy.world,2,0,0,0,0,0,0,0,0,0,0,0,0,0,0,0,0,0,0,0,0,0,4,1,0,0,0,0,0,0,0,0,0,0
jasdemi@lemm.ee,0,0,0,0,0,7,0,0,0,0,0,0,0,0,0,0,0,0,0,0,0,0,0,0,0,0,0,0,0,0,0,0,0,0
un_aristocrate@jlai.lu,0,0,0,0,0,0,0,0,0,0,0,0,0,0,0,0,0,0,0,0,0,0,4,0,0,0,0,0,0,3,0,0,0,0
zbeeblebrot@feddit.de,0,0,0,0,0,2,0,0,0,0,0,0,0,0,0,0,0,0,0,0,0,0,0,0,0,0,0,0,0,5,0,0,0,0
LeylaLove@lemmy.fmhy.net,0,0,0,0,0,0,0,0,0,0,0,0,0,0,0,0,0,0,0,0,0,0,2,0,0,0,0,0,0,5,0,0,0,0
late_night@sopuli.xyz,0,0,0,0,0,0,0,0,0,0,0,0,0,7,0,0,0,0,0,0,0,0,0,0,0,0,0,0,0,0,0,0,0,0
hidden_splendor@lemmy.world,0,0,0,0,0,0,0,0,0,0,0,0,0,0,0,0,0,0,0,0,0,1,0,0,0,0,0,0,0,5,0,0,0,0
hobble_bobble@feddit.nl,0,0,0,0,0,0,0,0,0,0,0,0,0,0,0,0,0,0,0,0,0,0,0,0,0,0,0,0,0,6,0,0,0,0
felix@lemmy.felixperron.com,0,0,3,0,0,2,0,0,0,0,0,0,0,0,0,0,0,0,0,0,0,0,0,0,0,0,0,0,0,1,0,0,0,0
anniahilatronv9000@lemmy.tf,0,0,0,0,0,0,0,0,0,0,0,0,0,0,0,0,0,0,0,0,0,0,0,0,0,0,0,0,0,6,0,0,0,0
Crackhappy@lemmy.world,4,0,0,0,0,2,0,0,0,0,0,0,0,0,0,0,0,0,0,0,0,0,0,0,0,0,0,0,0,0,0,0,0,0
JoeWrench1023@startrek.website,5,1,0,0,0,0,0,0,0,0,0,0,0,0,0,0,0,0,0,0,0,0,0,0,0,0,0,0,0,0,0,0,0,0
JusticeForPorygon@lemmy.sdf.org,5,1,0,0,0,0,0,0,0,0,0,0,0,0,0,0,0,0,0,0,0,0,0,0,0,0,0,0,0,0,0,0,0,0
Alitero@sh.itjust.works,5,0,0,0,0,0,0,0,0,1,0,0,0,0,0,0,0,0,0,0,0,0,0,0,0,0,0,0,0,0,0,0,0,0
marduk@lemmy.sdf.org,0,0,0,0,0,0,0,0,0,0,0,0,0,0,0,0,0,0,0,0,0,0,0,0,0,0,0,0,6,0,0,0,0,0
AntiApple4life@lemmy.world,0,0,0,0,0,0,0,0,0,0,0,0,0,0,0,0,0,0,0,0,6,0,0,0,0,0,0,0,0,0,0,0,0,0
bushparty@lemmy.ca,0,0,0,0,0,0,0,0,0,0,0,0,0,0,0,0,0,0,0,0,0,1,0,0,0,0,0,5,0,0,0,0,0,0
yoshipunk123456@sh.itjust.works,0,0,0,0,0,0,1,0,0,0,0,0,0,0,0,0,3,0,0,0,0,0,0,0,0,0,0,0,0,2,0,0,0,0
apprehensively_human@lemmy.ca,0,0,0,0,0,0,0,0,0,0,0,0,0,0,0,0,0,0,0,0,0,0,0,0,0,0,0,0,0,6,0,0,0,0
dBnx@lemmy.world,1,0,0,0,0,0,0,0,0,0,0,0,0,0,0,0,0,0,0,0,0,0,0,0,0,0,0,0,0,5,0,0,0,0
shashi154263@lemmy.world,0,0,0,0,0,0,0,0,0,0,0,0,0,0,0,0,0,0,0,0,0,0,0,0,0,0,0,0,0,6,0,0,0,0
naeap@sopuli.xyz,0,0,2,4,0,0,0,0,0,0,0,0,0,0,0,0,0,0,0,0,0,0,0,0,0,0,0,0,0,0,0,0,0,0
HerrNetzwerk@feddit.de,0,0,0,0,0,0,0,0,0,0,0,0,5,0,0,0,0,0,0,0,0,0,1,0,0,0,0,0,0,0,0,0,0,0
Boentrough@lemmy.ml,0,0,0,0,0,0,0,0,0,0,0,0,0,0,1,0,0,0,0,1,0,2,0,0,0,0,1,0,0,1,0,0,0,0
Trashboat@lemmy.ca,0,0,0,0,0,3,0,0,0,0,0,0,0,0,0,0,0,0,0,0,0,0,0,0,0,0,0,0,0,3,0,0,0,0
hellfire103@sopuli.xyz,2,0,0,0,0,0,0,0,0,0,0,0,2,0,0,0,0,0,0,0,0,0,0,0,0,2,0,0,0,0,0,0,0,0
dopeshark@lemmy.world,0,0,0,0,0,0,0,0,0,0,0,0,0,0,0,0,5,1,0,0,0,0,0,0,0,0,0,0,0,0,0,0,0,0
Jarlsburg@lemmy.world,1,0,0,0,0,0,0,0,0,0,0,0,0,0,0,0,0,0,0,0,0,0,0,0,0,0,0,0,0,5,0,0,0,0
ChewbaccasClitoris@lemmy.nz,0,0,0,0,0,0,0,0,0,0,0,0,2,0,0,1,0,0,0,0,0,0,0,3,0,0,0,0,0,0,0,0,0,0
lordamplifier@pawb.social,6,0,0,0,0,0,0,0,0,0,0,0,0,0,0,0,0,0,0,0,0,0,0,0,0,0,0,0,0,0,0,0,0,0
muhaaliss@lemm.ee,0,0,0,0,0,3,0,0,0,0,0,0,0,0,0,0,0,0,0,0,0,0,0,0,0,0,0,0,0,3,0,0,0,0
sayjess@lemmy.blahaj.zone,4,0,0,0,0,0,0,0,0,0,0,0,0,0,0,0,0,0,0,0,0,0,0,0,0,0,0,0,0,2,0,0,0,0
jeff@programming.dev,0,0,0,0,0,0,0,0,0,0,0,0,0,0,0,0,0,0,0,0,4,2,0,0,0,0,0,0,0,0,0,0,0,0
krimsonbun@lemmy.ml,0,0,0,0,0,0,0,0,0,0,0,0,0,0,0,0,0,0,0,0,0,0,0,0,5,0,0,0,0,0,0,0,0,0
Limonene@lemmy.blahaj.zone,5,0,0,0,0,0,0,0,0,0,0,0,0,0,0,0,0,0,0,0,0,0,0,0,0,0,0,0,0,0,0,0,0,0
Qwazpoi@lemmy.world,1,0,0,0,0,0,0,0,0,0,0,0,0,0,0,0,4,0,0,0,0,0,0,0,0,0,0,0,0,0,0,0,0,0
katnip@lemmy.world,3,0,0,0,0,0,0,0,0,0,0,0,0,0,0,0,0,0,0,0,0,0,0,0,0,0,0,0,0,2,0,0,0,0
Flowertree@pawb.social,0,0,0,0,0,0,0,0,0,0,0,0,0,0,0,0,0,0,0,0,0,1,0,0,0,0,0,4,0,0,0,0,0,0
Zerodya@lemm.ee,0,0,0,0,0,3,0,0,0,0,0,0,0,0,0,0,2,0,0,0,0,0,0,0,0,0,0,0,0,0,0,0,0,0
atlasraven31@lemm.ee,3,0,0,0,0,1,0,0,0,0,0,0,0,0,0,0,0,0,0,0,0,0,0,0,0,0,0,0,0,1,0,0,0,0
DNAmaster10@lemmy.sdf.org,0,5,0,0,0,0,0,0,0,0,0,0,0,0,0,0,0,0,0,0,0,0,0,0,0,0,0,0,0,0,0,0,0,0
Iunnrais@lemm.ee,5,0,0,0,0,0,0,0,0,0,0,0,0,0,0,0,0,0,0,0,0,0,0,0,0,0,0,0,0,0,0,0,0,0
z2k_@lemmy.nz,0,0,0,0,0,0,0,0,3,0,0,0,0,0,0,2,0,0,0,0,0,0,0,0,0,0,0,0,0,0,0,0,0,0
ShadowCat@lemmy.world,0,0,0,0,0,0,0,0,0,0,0,0,0,0,0,0,0,0,0,0,5,0,0,0,0,0,0,0,0,0,0,0,0,0
blooddemon40k@lemmy.world,0,0,0,0,0,0,0,0,0,0,0,0,5,0,0,0,0,0,0,0,0,0,0,0,0,0,0,0,0,0,0,0,0,0
bash@sh.itjust.works,3,0,0,0,0,0,0,0,0,0,0,0,2,0,0,0,0,0,0,0,0,0,0,0,0,0,0,0,0,0,0,0,0,0
luis123456@lemmy.world,0,0,0,0,0,0,0,0,0,0,0,0,3,0,0,0,0,0,0,0,0,2,0,0,0,0,0,0,0,0,0,0,0,0
aevironis@lemmy.world,0,2,0,0,0,1,0,0,0,0,0,0,0,0,0,0,0,0,0,0,0,1,0,0,0,0,0,0,0,1,0,0,0,0
mamasch19@feddit.de,0,0,0,0,0,0,0,0,0,0,0,0,0,0,0,0,0,0,0,0,0,0,0,0,0,0,0,0,0,5,0,0,0,0
ChaoticNeutralCzech@lemmy.ml,1,0,0,0,0,4,0,0,0,0,0,0,0,0,0,0,0,0,0,0,0,0,0,0,0,0,0,0,0,0,0,0,0,0
catsup@lemmy.one,1,0,0,0,0,0,0,0,0,0,0,0,0,0,0,0,0,0,0,0,0,0,0,3,1,0,0,0,0,0,0,0,0,0
NotSteve_@lemmy.ca,2,0,0,0,0,0,0,0,0,0,0,0,0,0,0,0,0,0,0,0,0,0,0,0,0,0,0,0,0,3,0,0,0,0
Wade@lemmy.world,0,0,0,0,0,0,0,0,0,0,0,0,0,0,0,0,0,0,0,0,0,0,4,0,0,0,0,0,0,1,0,0,0,0
bogus@lemmy.world,0,0,0,0,0,0,0,0,0,0,0,0,0,0,0,0,4,0,0,0,0,0,0,0,0,0,0,0,0,1,0,0,0,0
Vake@lemmy.world,0,0,0,0,0,1,0,0,0,0,0,0,0,0,0,0,0,0,0,0,0,0,0,0,0,0,0,0,0,4,0,0,0,0
astraeus@programming.dev,0,0,0,0,0,0,0,0,0,0,0,0,5,0,0,0,0,0,0,0,0,0,0,0,0,0,0,0,0,0,0,0,0,0
sad@lemmy.world,5,0,0,0,0,0,0,0,0,0,0,0,0,0,0,0,0,0,0,0,0,0,0,0,0,0,0,0,0,0,0,0,0,0
elfuchso@feddit.de,5,0,0,0,0,0,0,0,0,0,0,0,0,0,0,0,0,0,0,0,0,0,0,0,0,0,0,0,0,0,0,0,0,0
lxpw@lemmy.ca,0,0,0,0,0,0,0,0,0,0,0,0,0,0,0,0,0,0,0,0,0,0,0,0,0,0,0,0,0,5,0,0,0,0
tanka@lemmy.ml,0,0,0,0,0,1,0,0,0,0,1,0,0,0,0,0,0,0,0,0,0,0,3,0,0,0,0,0,0,0,0,0,0,0
Afiresword@lemmy.world,0,0,0,0,0,0,0,0,0,0,0,0,0,0,0,0,0,0,0,0,0,0,0,0,0,0,0,0,0,5,0,0,0,0
zabil@lemmy.world,0,0,5,0,0,0,0,0,0,0,0,0,0,0,0,0,0,0,0,0,0,0,0,0,0,0,0,0,0,0,0,0,0,0
akulium@feddit.de,0,0,0,0,0,0,0,0,0,0,0,0,0,0,0,0,1,0,0,0,0,0,0,0,0,0,1,0,0,3,0,0,0,0
Xcf456@lemmy.nz,1,0,0,0,0,0,0,0,0,0,0,0,0,0,0,0,0,0,0,0,0,0,0,0,0,0,0,0,0,4,0,0,0,0
CNC@lemmy.sdf.org,0,0,0,0,0,0,0,0,0,0,0,0,0,0,0,0,5,0,0,0,0,0,0,0,0,0,0,0,0,0,0,0,0,0
Remotedev@lemmy.ca,0,0,0,0,0,0,0,0,0,0,0,0,5,0,0,0,0,0,0,0,0,0,0,0,0,0,0,0,0,0,0,0,0,0
Peepo___@lemmy.world,1,0,0,0,0,0,0,0,0,0,0,0,0,0,0,0,0,0,0,0,0,1,0,0,0,0,0,3,0,0,0,0,0,0
Pika@lemmy.world,0,0,0,0,0,0,0,0,0,0,0,0,0,0,0,0,0,0,0,5,0,0,0,0,0,0,0,0,0,0,0,0,0,0
ColtenGamer9@lemmy.world,1,0,0,0,0,0,0,0,0,0,0,0,3,0,0,0,0,0,0,0,0,0,0,0,0,0,0,0,0,1,0,0,0,0
whyNotSquirrel@sh.itjust.works,3,0,0,0,0,0,0,0,0,0,0,0,0,0,0,0,0,0,0,0,0,0,0,0,0,0,0,0,0,2,0,0,0,0
Padarom@lemmy.world,0,0,0,0,0,0,0,0,0,0,0,0,0,0,0,0,0,0,0,0,0,0,5,0,0,0,0,0,0,0,0,0,0,0
sludge@beehaw.org,1,1,0,0,0,0,0,0,0,3,0,0,0,0,0,0,0,0,0,0,0,0,0,0,0,0,0,0,0,0,0,0,0,0
drmoose@lemmy.world,0,0,0,0,0,0,0,0,0,0,0,0,0,0,0,0,0,0,0,0,0,0,0,0,0,0,0,0,0,4,0,0,0,0
2stovez@sh.itjust.works,0,0,0,0,0,0,0,0,0,0,0,0,0,0,0,0,0,0,0,0,0,0,1,0,0,0,0,0,0,3,0,0,0,0
shadowh@lemmy.world,0,0,0,0,0,0,0,0,0,0,0,0,0,0,0,0,0,0,0,0,0,4,0,0,0,0,0,0,0,0,0,0,0,0
MisterCD@lemmy.world,0,0,0,0,0,0,0,0,0,0,0,0,0,0,0,0,0,0,0,0,0,1,0,0,0,0,0,0,0,3,0,0,0,0
teatime@infosec.pub,0,0,0,0,0,0,0,0,0,0,0,0,0,0,0,0,0,0,0,0,0,0,0,0,0,0,2,0,0,2,0,0,0,0
encode8062@lemmy.one,4,0,0,0,0,0,0,0,0,0,0,0,0,0,0,0,0,0,0,0,0,0,0,0,0,0,0,0,0,0,0,0,0,0
Manzas@lemmy.world,0,0,0,0,0,0,0,0,0,0,0,0,4,0,0,0,0,0,0,0,0,0,0,0,0,0,0,0,0,0,0,0,0,0
zovits@lemmy.world,0,0,0,0,4,0,0,0,0,0,0,0,0,0,0,0,0,0,0,0,0,0,0,0,0,0,0,0,0,0,0,0,0,0
I_like_cats@lemmy.one,1,0,0,0,0,0,0,0,0,0,0,0,0,0,0,0,0,0,0,0,0,0,0,0,0,0,0,0,0,3,0,0,0,0
pavlov@lemmy.world,0,0,0,0,0,0,0,0,0,0,0,0,0,4,0,0,0,0,0,0,0,0,0,0,0,0,0,0,0,0,0,0,0,0
rovingfox@lemmy.world,0,0,0,0,0,0,0,0,0,0,0,0,0,0,0,0,0,0,0,0,0,3,1,0,0,0,0,0,0,0,0,0,0,0
THEPINKBANG@lemmy.world,0,0,0,0,1,0,0,0,0,0,0,0,0,0,0,0,0,0,0,0,0,0,0,0,0,1,0,2,0,0,0,0,0,0
DampMoss@lemmy.world,0,0,0,0,0,0,0,3,0,0,0,1,0,0,0,0,0,0,0,0,0,0,0,0,0,0,0,0,0,0,0,0,0,0
gogosempai@programming.dev,0,0,0,1,0,0,0,0,0,0,0,0,0,0,0,0,3,0,0,0,0,0,0,0,0,0,0,0,0,0,0,0,0,0
gunnar@feddit.de,0,0,0,0,0,0,0,0,0,0,0,0,0,0,0,0,0,0,0,0,0,0,4,0,0,0,0,0,0,0,0,0,0,0
no_eponym@lemmy.ca,1,0,0,0,0,0,0,0,0,0,0,0,0,0,1,0,0,0,0,0,0,2,0,0,0,0,0,0,0,0,0,0,0,0
thedoginthewok@lemmy.world,1,0,0,0,0,0,0,0,0,0,0,0,0,0,0,0,0,0,0,0,0,0,0,0,1,0,0,0,0,2,0,0,0,0
Frippa@lemmy.ml,0,0,0,0,1,0,0,0,0,0,0,0,0,0,0,0,0,0,0,0,0,0,0,0,0,0,3,0,0,0,0,0,0,0
Electric_Druid@lemmy.world,0,0,0,0,0,0,0,0,0,0,0,0,0,0,0,0,0,0,0,0,0,4,0,0,0,0,0,0,0,0,0,0,0,0
Test@feddit.de,4,0,0,0,0,0,0,0,0,0,0,0,0,0,0,0,0,0,0,0,0,0,0,0,0,0,0,0,0,0,0,0,0,0
gitpsuh@programming.dev,4,0,0,0,0,0,0,0,0,0,0,0,0,0,0,0,0,0,0,0,0,0,0,0,0,0,0,0,0,0,0,0,0,0
swoos@feddit.de,3,0,0,0,0,0,0,0,0,0,0,0,0,0,0,0,0,0,0,0,0,0,0,0,0,0,0,0,0,1,0,0,0,0
kleeritter@feddit.de,0,0,0,0,0,0,0,0,0,0,0,0,0,0,0,0,0,0,0,0,0,4,0,0,0,0,0,0,0,0,0,0,0,0
Rollio@lemmy.world,0,0,0,0,0,0,0,0,0,0,0,0,0,0,0,0,4,0,0,0,0,0,0,0,0,0,0,0,0,0,0,0,0,0
Omgarm@lemmy.world,0,0,0,0,0,0,0,0,0,0,1,0,0,0,0,0,0,0,0,0,0,0,1,0,0,0,0,0,0,0,2,0,0,0
preussischblau@lemmy.ca,0,0,0,0,0,0,0,0,0,0,0,0,4,0,0,0,0,0,0,0,0,0,0,0,0,0,0,0,0,0,0,0,0,0
Abbrahan@lemmy.world,0,0,0,0,0,0,0,0,0,0,0,0,0,0,0,0,0,0,0,0,0,0,4,0,0,0,0,0,0,0,0,0,0,0
Emi621@lemmy.blahaj.zone,0,0,0,0,0,0,0,0,0,0,0,0,4,0,0,0,0,0,0,0,0,0,0,0,0,0,0,0,0,0,0,0,0,0
NorthWestWind@lemmy.world,0,0,0,0,0,0,0,0,0,0,0,0,1,0,0,0,0,0,0,0,0,0,0,0,0,0,0,3,0,0,0,0,0,0
Desani@sh.itjust.works,2,0,0,0,0,0,0,0,0,0,0,0,0,0,0,0,0,0,0,0,0,0,2,0,0,0,0,0,0,0,0,0,0,0
Better_than_nothin@lemmy.world,2,0,0,0,0,0,0,0,0,0,0,0,0,0,0,0,0,0,0,0,0,1,1,0,0,0,0,0,0,0,0,0,0,0
Alfiegerner@lemm.ee,0,0,0,0,0,0,0,0,0,0,0,0,0,0,0,0,0,0,0,0,0,0,0,4,0,0,0,0,0,0,0,0,0,0
Hitchie_Rawtin@lemmy.world,3,0,0,0,0,1,0,0,0,0,0,0,0,0,0,0,0,0,0,0,0,0,0,0,0,0,0,0,0,0,0,0,0,0
not_someone_else@lemmy.world,0,0,0,0,0,0,0,0,0,0,0,0,0,0,0,0,0,0,0,0,0,0,0,0,0,0,0,0,0,4,0,0,0,0
ButWhatDoesItAllMean@sh.itjust.works,0,0,0,0,0,0,0,0,0,0,1,0,0,0,0,0,1,0,0,0,0,0,1,0,0,0,0,0,0,1,0,0,0,0
gredo@lemmy.world,4,0,0,0,0,0,0,0,0,0,0,0,0,0,0,0,0,0,0,0,0,0,0,0,0,0,0,0,0,0,0,0,0,0
mholiv@lemmy.world,1,0,0,0,0,0,0,0,0,0,2,0,0,0,0,0,0,0,0,0,0,1,0,0,0,0,0,0,0,0,0,0,0,0
WiseThat@lemmy.ca,0,0,0,0,0,0,0,0,0,0,0,0,0,0,0,0,0,0,0,0,0,0,0,0,0,0,0,0,0,4,0,0,0,0
TecCheck@feddit.de,4,0,0,0,0,0,0,0,0,0,0,0,0,0,0,0,0,0,0,0,0,0,0,0,0,0,0,0,0,0,0,0,0,0
johnrambo321@lemmy.world,4,0,0,0,0,0,0,0,0,0,0,0,0,0,0,0,0,0,0,0,0,0,0,0,0,0,0,0,0,0,0,0,0,0
qwrrrt@lemmy.world,2,0,0,0,1,0,0,0,0,0,0,0,0,0,0,0,0,0,0,0,0,0,0,0,0,0,0,0,0,1,0,0,0,0
keropoktasen@lemmy.world,0,0,0,0,0,0,0,0,0,0,0,0,4,0,0,0,0,0,0,0,0,0,0,0,0,0,0,0,0,0,0,0,0,0
z3n0x@feddit.de,4,0,0,0,0,0,0,0,0,0,0,0,0,0,0,0,0,0,0,0,0,0,0,0,0,0,0,0,0,0,0,0,0,0
ndsvw@feddit.de,3,0,0,0,0,1,0,0,0,0,0,0,0,0,0,0,0,0,0,0,0,0,0,0,0,0,0,0,0,0,0,0,0,0
germanatlas@lemmy.blahaj.zone,0,0,0,0,0,0,0,0,0,0,0,0,0,0,0,0,0,0,0,0,0,3,0,0,0,0,0,0,0,0,0,0,0,0
sircheesethethird@lemmy.dbzer0.com,0,0,0,0,0,0,0,0,0,0,0,0,0,0,0,0,0,0,0,0,0,0,0,0,0,0,3,0,0,0,0,0,0,0
Tobi@lemmy.ml,0,0,0,0,0,0,0,0,0,0,0,0,0,0,0,0,0,0,0,0,0,0,0,0,0,0,0,3,0,0,0,0,0,0
RustnRuin@lemm.ee,0,0,0,0,0,1,0,0,0,0,0,0,0,0,0,0,0,0,0,0,0,0,0,0,0,0,0,2,0,0,0,0,0,0
muaddib@lemmygrad.ml,3,0,0,0,0,0,0,0,0,0,0,0,0,0,0,0,0,0,0,0,0,0,0,0,0,0,0,0,0,0,0,0,0,0
rschecht@lemm.live,0,0,0,0,0,0,0,0,0,0,0,0,0,0,0,0,0,0,0,0,0,0,0,0,0,0,0,0,0,3,0,0,0,0
victron@lemm.ee,0,0,0,0,0,0,0,0,0,0,0,0,0,0,0,0,0,2,0,0,0,0,0,0,0,0,0,0,0,1,0,0,0,0
Earnest@lemmy.world,0,0,0,0,0,0,0,0,0,3,0,0,0,0,0,0,0,0,0,0,0,0,0,0,0,0,0,0,0,0,0,0,0,0
retardgerman@feddit.de,3,0,0,0,0,0,0,0,0,0,0,0,0,0,0,0,0,0,0,0,0,0,0,0,0,0,0,0,0,0,0,0,0,0
Ashley@lemmy.ca,0,0,0,0,0,0,0,0,0,0,0,0,3,0,0,0,0,0,0,0,0,0,0,0,0,0,0,0,0,0,0,0,0,0
MrSqueezles@lemm.ee,0,0,0,0,0,1,0,0,0,0,0,0,0,0,0,0,0,0,0,0,0,0,0,0,0,0,2,0,0,0,0,0,0,0
failex234@i.d0ntknow.me,3,0,0,0,0,0,0,0,0,0,0,0,0,0,0,0,0,0,0,0,0,0,0,0,0,0,0,0,0,0,0,0,0,0
testgoofy@infosec.pub,0,0,0,0,0,0,0,0,0,0,0,0,0,0,0,0,0,0,0,0,0,0,0,0,0,0,0,0,0,3,0,0,0,0
twoweebles@lemmy.world,3,0,0,0,0,0,0,0,0,0,0,0,0,0,0,0,0,0,0,0,0,0,0,0,0,0,0,0,0,0,0,0,0,0
gnomesaiyan@lemmy.world,3,0,0,0,0,0,0,0,0,0,0,0,0,0,0,0,0,0,0,0,0,0,0,0,0,0,0,0,0,0,0,0,0,0
aiykfgdkatfkduftya@beehaw.org,0,0,0,0,0,0,0,0,3,0,0,0,0,0,0,0,0,0,0,0,0,0,0,0,0,0,0,0,0,0,0,0,0,0
Xypev@lemmy.fmhy.net,0,0,0,0,0,0,0,0,0,0,0,0,0,0,0,0,0,0,0,0,0,0,2,0,0,0,0,0,0,1,0,0,0,0
Solaki@feddit.de,3,0,0,0,0,0,0,0,0,0,0,0,0,0,0,0,0,0,0,0,0,0,0,0,0,0,0,0,0,0,0,0,0,0
sam_uk@lemmy.world,0,0,0,0,0,0,0,0,0,0,0,0,0,0,0,0,0,0,0,0,0,0,3,0,0,0,0,0,0,0,0,0,0,0
CheeseRaider@geddit.social,0,0,0,0,0,0,0,0,0,0,0,0,0,0,0,0,0,0,0,0,0,0,0,0,0,0,0,0,0,3,0,0,0,0
TheBeef@lemmy.world,3,0,0,0,0,0,0,0,0,0,0,0,0,0,0,0,0,0,0,0,0,0,0,0,0,0,0,0,0,0,0,0,0,0
vdyasode@lemmy.world,3,0,0,0,0,0,0,0,0,0,0,0,0,0,0,0,0,0,0,0,0,0,0,0,0,0,0,0,0,0,0,0,0,0
Sternout@feddit.de,0,0,0,0,0,0,0,0,0,0,0,0,0,0,0,0,0,0,0,0,0,0,3,0,0,0,0,0,0,0,0,0,0,0
nuclear@lemm.ee,0,0,0,0,0,0,0,0,0,0,0,0,0,0,0,0,0,0,0,0,0,0,3,0,0,0,0,0,0,0,0,0,0,0
skaverat@discuss.tchncs.de,3,0,0,0,0,0,0,0,0,0,0,0,0,0,0,0,0,0,0,0,0,0,0,0,0,0,0,0,0,0,0,0,0,0
lukstru@feddit.de,0,0,0,0,0,0,0,0,0,0,0,0,2,0,0,0,0,0,0,0,0,0,0,0,0,0,0,0,0,1,0,0,0,0
slugworth@lemmy.world,0,0,0,0,0,0,3,0,0,0,0,0,0,0,0,0,0,0,0,0,0,0,0,0,0,0,0,0,0,0,0,0,0,0
Terminarchs@slrpnk.net,0,0,0,0,0,0,0,0,0,0,0,0,3,0,0,0,0,0,0,0,0,0,0,0,0,0,0,0,0,0,0,0,0,0
dukk@programming.dev,3,0,0,0,0,0,0,0,0,0,0,0,0,0,0,0,0,0,0,0,0,0,0,0,0,0,0,0,0,0,0,0,0,0
tiebe@lemmy.tiebe.dev,0,0,0,0,0,0,0,0,0,0,0,0,0,0,0,0,0,0,0,0,0,0,3,0,0,0,0,0,0,0,0,0,0,0
cynetri@midwest.social,0,0,0,0,0,0,0,0,0,0,0,0,0,0,0,0,0,0,0,0,0,0,0,0,0,0,0,0,0,3,0,0,0,0
diego@lemmy.ca,0,0,0,0,0,0,0,0,0,0,0,0,0,0,0,0,0,0,0,0,0,0,0,0,0,1,0,0,0,2,0,0,0,0
Zyratoxx@lemm.ee,0,0,0,0,0,0,0,0,0,0,0,0,0,0,0,0,0,0,0,0,0,0,3,0,0,0,0,0,0,0,0,0,0,0
lrnz92@feddit.it,0,0,0,0,0,0,0,0,0,0,0,0,0,0,0,0,3,0,0,0,0,0,0,0,0,0,0,0,0,0,0,0,0,0
trollface@lemmy.world,0,0,0,0,0,0,0,0,0,0,0,0,0,0,0,0,0,0,0,0,0,0,3,0,0,0,0,0,0,0,0,0,0,0
Baku@aussie.zone,0,0,0,0,0,0,0,0,0,0,0,0,0,0,0,0,0,0,0,0,0,0,0,0,0,0,0,0,0,3,0,0,0,0
MudSkipperKisser@lemmy.world,0,0,0,0,0,0,0,0,0,0,0,0,0,0,0,0,0,0,0,0,0,0,0,0,3,0,0,0,0,0,0,0,0,0
programphoenix@programming.dev,0,0,0,0,0,0,0,0,0,0,0,0,0,0,0,0,0,0,1,0,0,0,0,0,0,0,0,0,0,2,0,0,0,0
nlhstm@lemmy.world,0,0,0,0,0,0,0,0,0,0,0,0,0,0,0,0,0,0,0,0,0,0,0,0,0,0,0,0,0,0,0,3,0,0
crl@lemmy.world,3,0,0,0,0,0,0,0,0,0,0,0,0,0,0,0,0,0,0,0,0,0,0,0,0,0,0,0,0,0,0,0,0,0
SpookyPeppers@lemmy.dbzer0.com,0,0,0,0,0,0,0,0,0,0,2,0,0,0,0,0,0,0,0,0,0,0,0,0,0,0,0,0,0,0,1,0,0,0
hollyberries@lemmy.blahaj.zone,0,0,0,0,0,0,0,0,0,0,0,3,0,0,0,0,0,0,0,0,0,0,0,0,0,0,0,0,0,0,0,0,0,0
Rayleigh@feddit.de,3,0,0,0,0,0,0,0,0,0,0,0,0,0,0,0,0,0,0,0,0,0,0,0,0,0,0,0,0,0,0,0,0,0
Trev625@lemmy.world,0,0,0,0,0,0,0,0,0,0,0,0,0,0,0,0,0,3,0,0,0,0,0,0,0,0,0,0,0,0,0,0,0,0
odin@programming.dev,1,0,1,0,0,1,0,0,0,0,0,0,0,0,0,0,0,0,0,0,0,0,0,0,0,0,0,0,0,0,0,0,0,0
cheerytext1981@lemmy.ca,0,0,0,0,0,0,0,0,0,0,0,0,0,0,0,0,0,0,0,0,0,0,0,0,0,0,0,0,0,3,0,0,0,0
NeonWoofGenesis@l.henlo.fi,0,0,0,0,0,0,0,0,0,0,0,0,0,0,0,0,0,0,0,0,0,0,3,0,0,0,0,0,0,0,0,0,0,0
crampon@lemmy.world,1,0,0,0,0,0,0,0,0,0,0,0,0,0,0,0,0,0,0,2,0,0,0,0,0,0,0,0,0,0,0,0,0,0
d4rko@beehaw.org,3,0,0,0,0,0,0,0,0,0,0,0,0,0,0,0,0,0,0,0,0,0,0,0,0,0,0,0,0,0,0,0,0,0
dvonik@lemmy.world,0,0,0,0,0,0,0,0,0,0,0,0,0,0,0,0,0,0,0,0,0,0,0,0,0,0,0,0,0,3,0,0,0,0
siyuze@lemmy.world,0,0,3,0,0,0,0,0,0,0,0,0,0,0,0,0,0,0,0,0,0,0,0,0,0,0,0,0,0,0,0,0,0,0
nale@lemmy.ml,0,1,0,0,0,0,0,0,0,0,0,0,0,0,0,1,0,0,0,0,0,0,0,1,0,0,0,0,0,0,0,0,0,0
merci3@lemmy.world,3,0,0,0,0,0,0,0,0,0,0,0,0,0,0,0,0,0,0,0,0,0,0,0,0,0,0,0,0,0,0,0,0,0
Foxientist@feddit.ch,0,1,0,0,0,0,0,0,0,0,0,0,0,0,0,0,0,0,0,0,0,0,0,0,0,0,0,0,0,2,0,0,0,0
original_ish_name@lemm.ee,0,0,0,0,0,0,0,0,0,0,0,0,0,0,0,0,1,1,0,0,0,0,1,0,0,0,0,0,0,0,0,0,0,0
cinnamorollyy@lemmy.blahaj.zone,0,0,0,0,0,0,0,0,0,0,0,0,0,0,0,0,3,0,0,0,0,0,0,0,0,0,0,0,0,0,0,0,0,0
Fjern@lemmy.world,0,0,0,0,0,0,0,0,0,0,0,0,0,0,0,0,0,0,0,0,0,0,0,0,0,0,0,0,0,3,0,0,0,0
Pazzie@feddit.nl,0,0,0,0,0,0,0,0,0,0,0,0,0,0,0,0,0,0,0,0,0,0,0,0,0,0,0,0,0,0,3,0,0,0
SuddenTrash@lemm.ee,0,0,0,0,0,0,0,0,0,0,0,0,0,0,0,0,0,0,0,0,0,0,3,0,0,0,0,0,0,0,0,0,0,0
slus@lemmy.ml,0,0,0,0,0,0,0,0,0,0,0,0,0,0,0,0,0,0,0,0,0,0,3,0,0,0,0,0,0,0,0,0,0,0
ShayKStage@programming.dev,0,0,2,0,0,1,0,0,0,0,0,0,0,0,0,0,0,0,0,0,0,0,0,0,0,0,0,0,0,0,0,0,0,0
gummistiefel1000@feddit.de,0,0,0,0,0,0,0,0,0,0,0,0,2,0,0,0,0,0,0,0,0,0,0,0,0,0,0,0,0,1,0,0,0,0
ferk@lemmy.ml,0,0,0,0,0,0,0,0,0,0,0,0,0,0,0,0,0,0,0,3,0,0,0,0,0,0,0,0,0,0,0,0,0,0
Laice@lemmy.world,3,0,0,0,0,0,0,0,0,0,0,0,0,0,0,0,0,0,0,0,0,0,0,0,0,0,0,0,0,0,0,0,0,0
kalahlora@lemmy.dbzer0.com,0,0,0,0,0,0,0,0,0,0,0,0,0,0,0,0,3,0,0,0,0,0,0,0,0,0,0,0,0,0,0,0,0,0
Vex_Detrause@lemmy.ca,0,0,0,0,0,1,0,0,0,0,0,0,0,0,0,0,0,0,0,0,0,0,0,0,0,0,0,0,0,0,2,0,0,0
meatcar@lemmy.ca,0,0,0,0,0,0,0,0,0,0,0,0,0,0,0,0,0,0,0,0,0,0,3,0,0,0,0,0,0,0,0,0,0,0
dditty@lemmy.world,0,0,0,0,0,0,0,0,0,0,0,0,0,0,0,0,0,0,0,0,0,0,0,0,0,1,0,2,0,0,0,0,0,0
fallstop@sh.itjust.works,0,0,0,0,0,0,0,0,0,0,0,0,1,0,0,1,0,0,0,0,0,0,1,0,0,0,0,0,0,0,0,0,0,0
Rinox@feddit.it,0,0,0,0,0,0,0,0,0,0,0,0,0,0,0,0,1,0,0,0,0,0,0,0,0,0,0,0,0,2,0,0,0,0
Myriad@lemmy.world,1,0,0,0,0,1,0,0,0,0,0,0,0,0,0,1,0,0,0,0,0,0,0,0,0,0,0,0,0,0,0,0,0,0
Shameless@lemmy.world,0,0,0,0,0,0,0,0,0,0,0,0,0,0,0,0,3,0,0,0,0,0,0,0,0,0,0,0,0,0,0,0,0,0
senslayer@lemmy.world,0,0,0,0,0,0,0,0,0,0,0,0,0,0,0,0,0,0,0,0,0,0,0,0,0,0,0,0,0,3,0,0,0,0
Downcount@lemmy.world,2,0,0,0,0,0,0,0,0,0,0,0,0,0,0,0,0,0,0,0,0,0,0,0,0,0,0,0,0,0,0,0,0,0
trex@discuss.tchncs.de,0,0,0,0,0,0,0,0,0,0,0,0,0,0,0,0,0,0,0,0,0,2,0,0,0,0,0,0,0,0,0,0,0,0
spankinspinach@sh.itjust.works,2,0,0,0,0,0,0,0,0,0,0,0,0,0,0,0,0,0,0,0,0,0,0,0,0,0,0,0,0,0,0,0,0,0
Utzmetah@feddit.it,0,0,0,0,0,0,0,0,0,0,0,0,0,0,0,0,0,0,0,0,0,0,0,0,0,0,0,0,0,2,0,0,0,0
KHN45@lemmy.world,0,0,0,0,0,0,0,0,0,0,0,0,0,0,0,0,0,0,0,0,0,0,0,0,0,0,0,0,0,2,0,0,0,0
Bit@lemm.ee,0,0,0,0,0,0,0,0,0,0,0,0,0,0,0,0,0,0,0,0,0,0,2,0,0,0,0,0,0,0,0,0,0,0
tetraodon@feddit.it,0,0,0,0,0,0,0,0,0,0,0,0,0,0,0,0,0,0,0,0,0,0,2,0,0,0,0,0,0,0,0,0,0,0
Billy@lemmynsfw.com,0,0,0,0,0,0,0,0,0,0,0,0,0,0,0,0,0,0,0,0,0,0,2,0,0,0,0,0,0,0,0,0,0,0
Rickebo@l.rickebo.com,0,0,0,0,0,0,0,0,0,0,0,0,0,0,0,0,0,0,0,0,0,0,2,0,0,0,0,0,0,0,0,0,0,0
ryry1985@lemmy.world,0,0,0,0,0,0,0,0,0,0,0,0,0,0,0,0,0,0,0,0,0,0,0,0,0,0,0,0,0,2,0,0,0,0
Rockyrikoko@lemmy.world,0,0,0,0,0,2,0,0,0,0,0,0,0,0,0,0,0,0,0,0,0,0,0,0,0,0,0,0,0,0,0,0,0,0
ege@beehaw.org,0,0,0,0,0,0,0,0,0,0,0,0,1,0,0,0,0,0,0,0,0,0,1,0,0,0,0,0,0,0,0,0,0,0
Bananable@feddit.nl,0,0,0,0,0,1,0,0,0,0,0,0,0,0,0,0,1,0,0,0,0,0,0,0,0,0,0,0,0,0,0,0,0,0
datavoid@lemmy.ml,0,0,0,0,1,0,0,0,0,0,0,0,0,0,0,0,0,0,0,0,0,0,0,0,0,0,0,0,0,1,0,0,0,0
shiggs@lemmy.blahaj.zone,0,0,0,0,0,0,0,0,0,0,0,0,0,0,0,0,0,0,0,0,0,2,0,0,0,0,0,0,0,0,0,0,0,0
gleddified@lemmy.ca,0,0,0,0,0,0,0,0,0,0,1,0,0,0,0,0,0,0,0,0,0,0,0,0,0,0,0,0,0,0,1,0,0,0
Certainly_No_Brit@discuss.tchncs.de,2,0,0,0,0,0,0,0,0,0,0,0,0,0,0,0,0,0,0,0,0,0,0,0,0,0,0,0,0,0,0,0,0,0
TheWeirdo@lemmy.ml,0,0,0,0,0,0,0,0,0,0,2,0,0,0,0,0,0,0,0,0,0,0,0,0,0,0,0,0,0,0,0,0,0,0
i_have_no_idea@lemmy.world,0,0,0,0,0,0,0,0,0,0,0,0,0,0,0,0,0,0,0,0,0,0,0,0,0,0,0,0,0,2,0,0,0,0
ralothar@lemmy.world,0,0,0,0,0,2,0,0,0,0,0,0,0,0,0,0,0,0,0,0,0,0,0,0,0,0,0,0,0,0,0,0,0,0
NiGe21202@feddit.de,2,0,0,0,0,0,0,0,0,0,0,0,0,0,0,0,0,0,0,0,0,0,0,0,0,0,0,0,0,0,0,0,0,0
daninet@lemmy.world,0,0,0,0,0,0,0,0,0,0,0,0,0,0,0,0,0,2,0,0,0,0,0,0,0,0,0,0,0,0,0,0,0,0
flameguy21@lemm.ee,0,0,0,0,0,1,0,0,0,0,0,0,0,0,0,0,1,0,0,0,0,0,0,0,0,0,0,0,0,0,0,0,0,0
koen01@feddit.nl,0,0,0,0,0,0,0,0,0,0,0,1,0,0,0,0,0,0,0,0,0,0,1,0,0,0,0,0,0,0,0,0,0,0
Mi2gob4islp@lemm.ee,0,0,0,0,0,2,0,0,0,0,0,0,0,0,0,0,0,0,0,0,0,0,0,0,0,0,0,0,0,0,0,0,0,0
AI_toothbrush@lemmy.zip,0,0,0,0,0,0,0,0,0,0,0,0,0,0,0,0,0,0,0,0,0,0,0,0,0,0,1,1,0,0,0,0,0,0
GlowHuddy@lemmy.world,0,0,0,0,0,0,0,0,0,0,0,0,0,0,0,0,0,0,0,0,0,0,0,0,2,0,0,0,0,0,0,0,0,0
mbeezy@sh.itjust.works,0,0,0,0,0,0,0,0,0,0,0,0,0,0,0,0,0,0,0,0,0,0,0,0,0,0,0,0,0,2,0,0,0,0
downdaemon@lemmy.ml,0,0,0,0,0,1,0,0,0,0,0,0,1,0,0,0,0,0,0,0,0,0,0,0,0,0,0,0,0,0,0,0,0,0
Wanderscout@lemmy.world,0,0,1,0,0,1,0,0,0,0,0,0,0,0,0,0,0,0,0,0,0,0,0,0,0,0,0,0,0,0,0,0,0,0
jsvh@lemmy.world,1,0,0,0,0,1,0,0,0,0,0,0,0,0,0,0,0,0,0,0,0,0,0,0,0,0,0,0,0,0,0,0,0,0
OpenSecret@beehaw.org,1,0,0,0,0,0,0,0,0,0,0,0,0,0,0,0,0,0,0,0,0,0,0,0,1,0,0,0,0,0,0,0,0,0
eternity_html@lemmy.zip,2,0,0,0,0,0,0,0,0,0,0,0,0,0,0,0,0,0,0,0,0,0,0,0,0,0,0,0,0,0,0,0,0,0
Stirnlappenbasilisk@feddit.de,0,0,0,0,0,0,0,0,0,0,0,0,0,0,0,0,0,0,0,0,0,0,0,0,0,0,0,0,0,2,0,0,0,0
rammer@sopuli.xyz,0,0,0,0,0,0,0,0,0,0,0,0,0,0,0,0,0,0,0,0,0,0,2,0,0,0,0,0,0,0,0,0,0,0
Eww@sh.itjust.works,0,1,0,0,0,0,0,0,0,0,1,0,0,0,0,0,0,0,0,0,0,0,0,0,0,0,0,0,0,0,0,0,0,0
OldWorldOrder@lemmy.world,0,0,0,0,1,0,0,0,0,0,0,0,0,0,0,0,0,0,0,0,0,1,0,0,0,0,0,0,0,0,0,0,0,0
RVGamer06@sh.itjust.works,0,0,0,0,0,0,0,0,0,0,0,0,0,0,0,1,1,0,0,0,0,0,0,0,0,0,0,0,0,0,0,0,0,0
xGealD24@toast.ooo,0,0,0,0,0,0,0,0,2,0,0,0,0,0,0,0,0,0,0,0,0,0,0,0,0,0,0,0,0,0,0,0,0,0
1stTime4MeInMCU@mander.xyz,0,0,0,0,0,0,0,0,0,0,0,0,0,0,0,0,1,0,0,0,0,0,0,0,0,0,0,0,0,1,0,0,0,0
Doop@aussie.zone,0,0,0,0,0,0,0,0,0,0,0,0,0,0,0,0,0,0,0,0,0,0,2,0,0,0,0,0,0,0,0,0,0,0
Beaker@lemmy.blahaj.zone,1,0,0,0,0,0,0,0,0,0,0,0,0,0,0,0,0,0,0,0,0,1,0,0,0,0,0,0,0,0,0,0,0,0
ProcurementCat@feddit.de,0,0,0,0,0,0,0,0,0,0,0,0,2,0,0,0,0,0,0,0,0,0,0,0,0,0,0,0,0,0,0,0,0,0
RVGamer06@lemmy.world,0,0,0,0,0,2,0,0,0,0,0,0,0,0,0,0,0,0,0,0,0,0,0,0,0,0,0,0,0,0,0,0,0,0
mistermonday@sh.itjust.works,0,0,0,0,0,0,0,0,0,0,0,0,0,0,0,0,0,0,0,0,0,0,0,0,0,0,0,0,0,2,0,0,0,0
ramjambamalam@lemmy.ca,0,0,0,0,0,0,0,0,1,0,0,0,1,0,0,0,0,0,0,0,0,0,0,0,0,0,0,0,0,0,0,0,0,0
remus989@sh.itjust.works,2,0,0,0,0,0,0,0,0,0,0,0,0,0,0,0,0,0,0,0,0,0,0,0,0,0,0,0,0,0,0,0,0,0
theredroom@midwest.social,0,0,0,0,0,0,0,0,0,0,0,0,0,0,0,0,0,0,0,0,0,2,0,0,0,0,0,0,0,0,0,0,0,0
yozhfyfyfy@lemmy.world,0,0,0,0,0,0,0,0,0,0,0,2,0,0,0,0,0,0,0,0,0,0,0,0,0,0,0,0,0,0,0,0,0,0
MucherBucher@feddit.de,1,0,0,0,0,0,0,0,0,0,0,0,0,0,0,0,0,1,0,0,0,0,0,0,0,0,0,0,0,0,0,0,0,0
ollie@lemmy.world,0,0,0,0,0,0,0,0,0,0,2,0,0,0,0,0,0,0,0,0,0,0,0,0,0,0,0,0,0,0,0,0,0,0
MCForTheBest@lemmy.world,0,0,0,0,0,0,0,0,0,0,0,0,0,0,0,0,0,0,0,0,0,2,0,0,0,0,0,0,0,0,0,0,0,0
Jiirbo@lemmy.ml,0,0,0,0,0,0,0,0,0,0,0,0,0,0,0,0,0,0,0,0,0,0,0,0,0,0,0,0,0,2,0,0,0,0
ilikemoney@lemmy.world,0,0,0,0,0,0,0,0,0,0,0,0,0,0,0,0,0,0,0,0,0,0,2,0,0,0,0,0,0,0,0,0,0,0
Slowjoe@lemmy.zip,2,0,0,0,0,0,0,0,0,0,0,0,0,0,0,0,0,0,0,0,0,0,0,0,0,0,0,0,0,0,0,0,0,0
MisterMonster@lemmy.world,2,0,0,0,0,0,0,0,0,0,0,0,0,0,0,0,0,0,0,0,0,0,0,0,0,0,0,0,0,0,0,0,0,0
Yorokobii@lemmy.fmhy.net,0,0,0,0,0,0,0,0,0,0,0,0,0,0,0,0,0,0,0,0,0,0,2,0,0,0,0,0,0,0,0,0,0,0
Garfieldinator@lemmy.world,0,0,0,0,0,0,0,0,0,0,0,0,0,0,0,0,0,0,0,0,0,0,2,0,0,0,0,0,0,0,0,0,0,0
Thisone@lemmy.world,1,0,0,0,0,0,0,0,0,0,0,0,0,0,0,1,0,0,0,0,0,0,0,0,0,0,0,0,0,0,0,0,0,0
danieldeer@lemmy.world,2,0,0,0,0,0,0,0,0,0,0,0,0,0,0,0,0,0,0,0,0,0,0,0,0,0,0,0,0,0,0,0,0,0
fr33man@lemmy.zip,0,0,0,0,0,0,0,0,0,0,0,0,0,2,0,0,0,0,0,0,0,0,0,0,0,0,0,0,0,0,0,0,0,0
mercury@lemmy.blahaj.zone,0,0,0,0,0,0,0,0,0,0,0,0,0,0,0,0,0,0,0,0,0,1,1,0,0,0,0,0,0,0,0,0,0,0
Vlyn@lemmy.world,0,0,0,0,0,2,0,0,0,0,0,0,0,0,0,0,0,0,0,0,0,0,0,0,0,0,0,0,0,0,0,0,0,0
Gizmo@lemmy.world,0,0,0,0,0,1,0,0,0,0,0,0,0,0,0,0,0,0,0,0,0,0,1,0,0,0,0,0,0,0,0,0,0,0
manuel19@lemmy.world,2,0,0,0,0,0,0,0,0,0,0,0,0,0,0,0,0,0,0,0,0,0,0,0,0,0,0,0,0,0,0,0,0,0
NoName@lemmy.world,1,0,0,0,0,0,0,0,0,0,0,0,0,0,0,0,0,0,0,0,0,0,0,0,0,0,0,0,0,0,0,1,0,0
badrobot@lemmy.world,2,0,0,0,0,0,0,0,0,0,0,0,0,0,0,0,0,0,0,0,0,0,0,0,0,0,0,0,0,0,0,0,0,0
PhoenixRising@lemmy.world,1,0,0,0,0,1,0,0,0,0,0,0,0,0,0,0,0,0,0,0,0,0,0,0,0,0,0,0,0,0,0,0,0,0
astronot@beehaw.org,2,0,0,0,0,0,0,0,0,0,0,0,0,0,0,0,0,0,0,0,0,0,0,0,0,0,0,0,0,0,0,0,0,0
Marcus@lemmy.world,0,0,0,0,0,0,0,0,0,0,0,0,0,0,0,0,0,0,0,0,0,0,2,0,0,0,0,0,0,0,0,0,0,0
whileloop@lemmy.world,0,0,0,0,0,0,0,0,2,0,0,0,0,0,0,0,0,0,0,0,0,0,0,0,0,0,0,0,0,0,0,0,0,0
gamer191@lemmy.ca,2,0,0,0,0,0,0,0,0,0,0,0,0,0,0,0,0,0,0,0,0,0,0,0,0,0,0,0,0,0,0,0,0,0
ref209@lemmy.ml,0,0,0,0,0,0,0,0,0,0,0,0,0,0,0,0,0,0,0,0,0,0,0,0,2,0,0,0,0,0,0,0,0,0
notasandwich1948@sh.itjust.works,0,0,0,0,0,0,0,0,0,0,0,0,0,0,0,0,0,0,0,0,0,0,2,0,0,0,0,0,0,0,0,0,0,0
h4milt0n@lemmy.world,0,0,0,0,0,0,0,0,0,0,0,0,0,0,0,0,0,0,0,0,0,0,2,0,0,0,0,0,0,0,0,0,0,0
Sparky_@lemmy.world,0,0,0,0,0,0,0,0,0,0,0,0,2,0,0,0,0,0,0,0,0,0,0,0,0,0,0,0,0,0,0,0,0,0
Kuro@sha1.nl,0,0,0,0,0,0,0,0,0,0,2,0,0,0,0,0,0,0,0,0,0,0,0,0,0,0,0,0,0,0,0,0,0,0
pewgar_seemsimandroid@lemmy.blahaj.zone,2,0,0,0,0,0,0,0,0,0,0,0,0,0,0,0,0,0,0,0,0,0,0,0,0,0,0,0,0,0,0,0,0,0
rutrum@lm.paradisus.day,0,0,0,0,0,0,0,0,0,0,0,0,1,0,0,0,0,0,0,0,0,1,0,0,0,0,0,0,0,0,0,0,0,0
ZestycloseReception8@sopuli.xyz,0,0,0,0,0,0,1,0,0,0,0,0,0,0,0,0,0,0,0,0,0,0,0,0,0,0,0,0,0,1,0,0,0,0
asap@feddit.de,0,0,0,0,0,0,0,0,0,0,0,0,0,0,0,0,0,0,0,2,0,0,0,0,0,0,0,0,0,0,0,0,0,0
pileofbricks@lemmy.world,0,0,0,0,0,0,0,0,0,0,0,0,0,0,0,0,0,0,0,0,0,0,1,0,0,0,0,0,0,0,1,0,0,0
lelgenio@lemmy.ml,0,0,0,0,0,0,0,0,0,0,0,0,0,0,0,0,2,0,0,0,0,0,0,0,0,0,0,0,0,0,0,0,0,0
helloharu@lemmy.world,2,0,0,0,0,0,0,0,0,0,0,0,0,0,0,0,0,0,0,0,0,0,0,0,0,0,0,0,0,0,0,0,0,0
RunawayTrain@lemmy.world,0,0,0,0,1,0,0,0,0,0,0,0,0,0,0,0,0,0,0,0,0,0,0,0,0,0,0,0,0,1,0,0,0,0
abc@lemmus.org,0,0,0,0,0,0,0,0,0,0,1,0,1,0,0,0,0,0,0,0,0,0,0,0,0,0,0,0,0,0,0,0,0,0
galim@lemmy.ca,0,0,0,0,0,0,0,0,0,0,2,0,0,0,0,0,0,0,0,0,0,0,0,0,0,0,0,0,0,0,0,0,0,0
ziviz@lemmy.sdf.org,0,0,0,0,0,0,0,0,0,0,0,0,0,0,0,0,0,0,0,0,0,0,0,0,2,0,0,0,0,0,0,0,0,0
atomicpeach@pawb.social,0,0,0,0,0,0,0,0,0,0,0,0,0,0,0,0,0,0,0,0,0,2,0,0,0,0,0,0,0,0,0,0,0,0
Obsidiman@lemmy.blahaj.zone,0,0,0,0,0,0,0,0,1,0,0,0,0,0,0,0,0,0,0,0,0,0,0,0,0,0,0,0,0,1,0,0,0,0
mantelmann@feddit.de,0,0,0,0,0,1,0,0,0,0,0,0,0,0,0,0,0,0,0,0,0,0,1,0,0,0,0,0,0,0,0,0,0,0
MajinBlayze@lemm.ee,0,0,0,0,0,0,0,0,0,0,0,0,0,0,0,0,0,0,0,0,0,0,0,0,0,0,0,2,0,0,0,0,0,0
d_k_bo@feddit.de,0,0,0,0,0,0,0,0,0,0,0,0,2,0,0,0,0,0,0,0,0,0,0,0,0,0,0,0,0,0,0,0,0,0
Mercival@lemm.ee,0,0,0,0,0,0,0,0,0,0,0,0,0,0,0,0,0,0,0,0,0,0,0,0,0,0,0,0,0,2,0,0,0,0
Shit@sh.itjust.works,2,0,0,0,0,0,0,0,0,0,0,0,0,0,0,0,0,0,0,0,0,0,0,0,0,0,0,0,0,0,0,0,0,0
pastthepixels@lemmy.potatoe.ca,1,0,0,1,0,0,0,0,0,0,0,0,0,0,0,0,0,0,0,0,0,0,0,0,0,0,0,0,0,0,0,0,0,0
cc42@feddit.dk,0,0,0,0,0,0,0,0,0,0,0,0,2,0,0,0,0,0,0,0,0,0,0,0,0,0,0,0,0,0,0,0,0,0
DoctorMarques@feddit.de,1,0,0,0,0,0,0,0,0,0,0,0,0,0,0,0,0,0,0,0,0,0,1,0,0,0,0,0,0,0,0,0,0,0
Person_Unavailible@lemmy.world,2,0,0,0,0,0,0,0,0,0,0,0,0,0,0,0,0,0,0,0,0,0,0,0,0,0,0,0,0,0,0,0,0,0
httpjames@sh.itjust.works,0,0,0,0,0,0,0,0,0,0,0,0,0,0,0,0,0,0,0,0,0,0,0,0,0,0,0,0,0,2,0,0,0,0
LadyFreya@lemmy.world,0,0,0,0,0,0,0,0,0,0,0,0,0,0,0,0,0,0,0,0,0,1,0,0,0,0,0,1,0,0,0,0,0,0
Szy@lemm.ee,0,0,0,0,0,0,0,0,0,0,0,0,0,0,0,0,0,0,0,0,0,0,1,0,0,0,0,0,0,1,0,0,0,0
golli@lemm.ee,2,0,0,0,0,0,0,0,0,0,0,0,0,0,0,0,0,0,0,0,0,0,0,0,0,0,0,0,0,0,0,0,0,0
leekleak@lemmy.world,0,0,0,0,0,0,0,0,0,0,0,0,0,0,0,0,2,0,0,0,0,0,0,0,0,0,0,0,0,0,0,0,0,0
noodle@sh.itjust.works,0,0,0,0,0,1,1,0,0,0,0,0,0,0,0,0,0,0,0,0,0,0,0,0,0,0,0,0,0,0,0,0,0,0
PRIMALmarauder@beehaw.org,0,0,0,0,0,0,0,0,0,0,0,0,1,0,0,1,0,0,0,0,0,0,0,0,0,0,0,0,0,0,0,0,0,0
RedstoneWasTaken@lemmy.world,0,0,0,2,0,0,0,0,0,0,0,0,0,0,0,0,0,0,0,0,0,0,0,0,0,0,0,0,0,0,0,0,0,0
Ascend910@lemmy.ml,0,0,0,0,0,0,0,0,0,0,0,0,0,0,0,0,0,0,0,0,0,0,1,0,0,0,1,0,0,0,0,0,0,0
Patuleia@lemmy.world,2,0,0,0,0,0,0,0,0,0,0,0,0,0,0,0,0,0,0,0,0,0,0,0,0,0,0,0,0,0,0,0,0,0
pineapplelover@lemm.ee,0,0,0,0,0,2,0,0,0,0,0,0,0,0,0,0,0,0,0,0,0,0,0,0,0,0,0,0,0,0,0,0,0,0
joeybub@lemmy.world,0,0,0,0,0,0,0,0,0,0,0,0,0,0,0,0,0,0,0,0,0,1,1,0,0,0,0,0,0,0,0,0,0,0
izzel@lemmy.world,0,0,0,0,0,0,0,0,0,0,2,0,0,0,0,0,0,0,0,0,0,0,0,0,0,0,0,0,0,0,0,0,0,0
But_Class_War@midwest.social,0,0,0,0,0,0,0,0,0,0,0,0,0,0,0,0,0,0,0,0,0,0,2,0,0,0,0,0,0,0,0,0,0,0
Nimfi@beehaw.org,0,0,0,0,0,0,0,0,0,0,0,0,0,0,0,0,0,0,0,0,0,1,0,0,0,0,0,1,0,0,0,0,0,0
jackhp95@lemmy.world,0,0,0,0,0,0,0,0,0,0,0,0,0,0,0,0,0,0,0,0,0,0,0,0,1,0,0,0,0,1,0,0,0,0
Devoid@lemmy.zip,0,0,0,0,0,0,0,0,0,0,2,0,0,0,0,0,0,0,0,0,0,0,0,0,0,0,0,0,0,0,0,0,0,0
brenstar@midwest.social,0,0,0,0,0,0,0,0,0,0,0,0,0,0,0,0,2,0,0,0,0,0,0,0,0,0,0,0,0,0,0,0,0,0
domi@lemmy.secnd.me,0,0,0,0,0,0,0,0,0,0,0,0,0,0,0,0,0,0,0,0,0,0,1,0,0,0,0,0,0,1,0,0,0,0
xilliah@beehaw.org,0,0,0,0,0,0,0,0,0,0,0,0,0,0,0,0,0,0,0,0,0,0,0,0,0,0,0,2,0,0,0,0,0,0
KuttappanKalifornia@kerala.party,1,1,0,0,0,0,0,0,0,0,0,0,0,0,0,0,0,0,0,0,0,0,0,0,0,0,0,0,0,0,0,0,0,0
jana@leminal.space,0,0,0,0,0,0,0,0,0,0,0,0,0,0,0,0,0,0,0,0,0,1,0,0,0,0,0,1,0,0,0,0,0,0
Sept@lemmy.ml,0,0,0,0,0,0,0,0,0,0,0,0,0,0,0,0,0,0,0,0,0,0,2,0,0,0,0,0,0,0,0,0,0,0
tasho@lemmy.blahaj.zone,0,0,0,0,0,0,0,0,0,0,0,0,0,0,0,0,0,0,0,0,0,2,0,0,0,0,0,0,0,0,0,0,0,0
Knossos@lemmy.world,0,0,0,0,0,0,0,0,0,0,0,0,0,0,0,0,0,0,0,0,0,0,0,0,0,0,1,0,0,0,0,0,0,0
ProtonEvoker@lemmy.world,0,0,0,0,0,0,0,0,0,0,0,0,0,0,0,0,0,0,0,0,1,0,0,0,0,0,0,0,0,0,0,0,0,0
MASBall8415@monyet.cc,1,0,0,0,0,0,0,0,0,0,0,0,0,0,0,0,0,0,0,0,0,0,0,0,0,0,0,0,0,0,0,0,0,0
Nowitsabby@lemmy.blahaj.zone,0,0,0,0,0,0,0,0,0,0,0,0,0,0,0,0,0,0,0,0,0,0,1,0,0,0,0,0,0,0,0,0,0,0
lnid@lemmy.world,1,0,0,0,0,0,0,0,0,0,0,0,0,0,0,0,0,0,0,0,0,0,0,0,0,0,0,0,0,0,0,0,0,0
shaulliv@lemmy.world,0,0,0,0,0,0,0,0,0,0,0,0,0,0,0,1,0,0,0,0,0,0,0,0,0,0,0,0,0,0,0,0,0,0
tired8281@lemmy.ca,0,0,0,0,1,0,0,0,0,0,0,0,0,0,0,0,0,0,0,0,0,0,0,0,0,0,0,0,0,0,0,0,0,0
slushy@feddit.de,0,0,0,0,0,0,0,0,0,0,0,0,0,0,0,0,0,0,0,0,0,1,0,0,0,0,0,0,0,0,0,0,0,0
gfrewqpoiu@lemmy.world,0,0,0,0,0,0,0,0,0,0,0,0,1,0,0,0,0,0,0,0,0,0,0,0,0,0,0,0,0,0,0,0,0,0
TrippaSnippa@aussie.zone,0,0,0,0,0,0,0,0,0,0,0,0,0,0,0,0,0,0,0,0,0,0,0,1,0,0,0,0,0,0,0,0,0,0
ThrowawayInTheYear23@lemmy.world,0,0,0,0,0,0,0,0,0,0,0,0,0,0,0,0,0,0,0,0,0,0,0,0,0,0,0,0,0,1,0,0,0,0
Jordan117@lemmy.world,1,0,0,0,0,0,0,0,0,0,0,0,0,0,0,0,0,0,0,0,0,0,0,0,0,0,0,0,0,0,0,0,0,0
cuddles@lemmy.blahaj.zone,1,0,0,0,0,0,0,0,0,0,0,0,0,0,0,0,0,0,0,0,0,0,0,0,0,0,0,0,0,0,0,0,0,0
kspatlas@sopuli.xyz,1,0,0,0,0,0,0,0,0,0,0,0,0,0,0,0,0,0,0,0,0,0,0,0,0,0,0,0,0,0,0,0,0,0
gio1135@lemmy.world,0,0,0,0,0,0,0,0,0,0,0,0,0,0,0,0,0,0,0,0,0,1,0,0,0,0,0,0,0,0,0,0,0,0
dakr@lemmy.ml,0,0,0,0,0,0,0,0,0,0,0,0,0,0,0,0,0,0,0,1,0,0,0,0,0,0,0,0,0,0,0,0,0,0
SolomonTheMagnificent@lemmy.blahaj.zone,0,0,0,0,0,0,0,0,0,0,0,0,0,0,0,0,0,0,0,0,0,1,0,0,0,0,0,0,0,0,0,0,0,0
WtfEvenIsExistence@reddthat.com,0,0,0,0,0,1,0,0,0,0,0,0,0,0,0,0,0,0,0,0,0,0,0,0,0,0,0,0,0,0,0,0,0,0
Lewistrick@feddit.nl,0,0,0,0,0,0,0,0,0,0,1,0,0,0,0,0,0,0,0,0,0,0,0,0,0,0,0,0,0,0,0,0,0,0
Booker@lemmy.world,0,0,0,0,0,0,0,0,0,0,0,0,0,0,0,0,0,0,0,0,0,0,0,0,0,0,0,0,0,1,0,0,0,0
CurlyWurlies4all@prxs.site,0,0,0,0,0,0,0,0,0,0,0,0,0,0,0,0,0,0,0,0,0,0,0,0,0,0,0,1,0,0,0,0,0,0
KotFlinte@feddit.de,0,0,0,0,0,0,0,0,0,0,0,1,0,0,0,0,0,0,0,0,0,0,0,0,0,0,0,0,0,0,0,0,0,0
Duchess@yiffit.net,0,0,0,0,0,0,0,0,0,0,0,0,0,0,0,0,0,0,0,0,0,1,0,0,0,0,0,0,0,0,0,0,0,0
schmeckledorfed_even@lemmy.world,1,0,0,0,0,0,0,0,0,0,0,0,0,0,0,0,0,0,0,0,0,0,0,0,0,0,0,0,0,0,0,0,0,0
DarthWankstain@lemmy.world,0,0,0,0,0,0,0,0,0,0,0,0,0,0,0,0,0,0,0,0,0,1,0,0,0,0,0,0,0,0,0,0,0,0
tubbadu@lemmy.kde.social,0,0,0,0,0,0,0,0,0,0,0,0,1,0,0,0,0,0,0,0,0,0,0,0,0,0,0,0,0,0,0,0,0,0
Anti_AirConditioning@lemmy.blahaj.zone,1,0,0,0,0,0,0,0,0,0,0,0,0,0,0,0,0,0,0,0,0,0,0,0,0,0,0,0,0,0,0,0,0,0
I_dream_of_pancakes@lemmy.world,0,0,0,0,0,0,0,0,0,0,0,0,0,0,0,0,0,0,0,0,0,0,0,0,0,0,0,0,0,1,0,0,0,0
brh@lemmy.world,0,0,0,0,0,0,0,0,0,0,0,0,0,0,0,0,0,0,0,0,0,0,0,0,0,0,0,0,0,1,0,0,0,0
offthecrossbar@beehaw.org,0,0,0,0,0,0,0,0,0,0,0,0,0,0,0,0,0,0,0,0,0,0,0,0,0,0,0,1,0,0,0,0,0,0
CeJiDe@jlai.lu,0,0,0,0,0,0,0,0,0,0,1,0,0,0,0,0,0,0,0,0,0,0,0,0,0,0,0,0,0,0,0,0,0,0
arotrios@lemmy.world,1,0,0,0,0,0,0,0,0,0,0,0,0,0,0,0,0,0,0,0,0,0,0,0,0,0,0,0,0,0,0,0,0,0
eyeseyesbaby@lemmy.world,0,0,0,0,0,0,0,0,0,1,0,0,0,0,0,0,0,0,0,0,0,0,0,0,0,0,0,0,0,0,0,0,0,0
thegreekgeek@midwest.social,0,0,0,0,0,0,0,0,0,0,0,0,0,0,0,0,0,0,0,0,0,0,1,0,0,0,0,0,0,0,0,0,0,0
congalala@lemmy.world,0,0,0,0,0,0,0,0,0,0,0,0,0,0,0,0,0,0,0,0,0,0,1,0,0,0,0,0,0,0,0,0,0,0
AFallingAnvil@lemmy.ca,1,0,0,0,0,0,0,0,0,0,0,0,0,0,0,0,0,0,0,0,0,0,0,0,0,0,0,0,0,0,0,0,0,0
ObviouslyNotBanana@lemmy.world,1,0,0,0,0,0,0,0,0,0,0,0,0,0,0,0,0,0,0,0,0,0,0,0,0,0,0,0,0,0,0,0,0,0
skyler@lemmy.world,1,0,0,0,0,0,0,0,0,0,0,0,0,0,0,0,0,0,0,0,0,0,0,0,0,0,0,0,0,0,0,0,0,0
GaleFromCali@lemmy.world,1,0,0,0,0,0,0,0,0,0,0,0,0,0,0,0,0,0,0,0,0,0,0,0,0,0,0,0,0,0,0,0,0,0
arda@lemmy.world,0,0,0,0,0,0,1,0,0,0,0,0,0,0,0,0,0,0,0,0,0,0,0,0,0,0,0,0,0,0,0,0,0,0
amirul1934@lemmy.world,0,0,0,0,0,1,0,0,0,0,0,0,0,0,0,0,0,0,0,0,0,0,0,0,0,0,0,0,0,0,0,0,0,0
Foexle@feddit.de,1,0,0,0,0,0,0,0,0,0,0,0,0,0,0,0,0,0,0,0,0,0,0,0,0,0,0,0,0,0,0,0,0,0
bromswolligans@lemmy.world,0,0,0,0,0,0,0,0,0,0,0,0,0,0,0,0,0,0,0,0,0,0,0,0,0,0,0,1,0,0,0,0,0,0
liz1328@beehaw.org,0,0,0,0,0,0,0,0,0,0,0,0,0,0,0,0,0,0,0,0,0,0,0,0,0,0,0,1,0,0,0,0,0,0
floppydisk@sh.itjust.works,0,0,0,0,0,0,0,0,0,0,1,0,0,0,0,0,0,0,0,0,0,0,0,0,0,0,0,0,0,0,0,0,0,0
Raymordius@lemmy.world,0,0,0,0,0,0,0,0,0,0,0,0,0,0,0,0,0,0,0,0,0,0,0,0,1,0,0,0,0,0,0,0,0,0
xttweaponttx@sh.itjust.works,0,0,0,0,0,0,0,0,1,0,0,0,0,0,0,0,0,0,0,0,0,0,0,0,0,0,0,0,0,0,0,0,0,0
DeltAndy@lemm.ee,0,0,0,0,0,1,0,0,0,0,0,0,0,0,0,0,0,0,0,0,0,0,0,0,0,0,0,0,0,0,0,0,0,0
Vilian@lemmy.ca,1,0,0,0,0,0,0,0,0,0,0,0,0,0,0,0,0,0,0,0,0,0,0,0,0,0,0,0,0,0,0,0,0,0
moriquende@lemmy.world,1,0,0,0,0,0,0,0,0,0,0,0,0,0,0,0,0,0,0,0,0,0,0,0,0,0,0,0,0,0,0,0,0,0
ImJustAKoala@yiffit.net,1,0,0,0,0,0,0,0,0,0,0,0,0,0,0,0,0,0,0,0,0,0,0,0,0,0,0,0,0,0,0,0,0,0
Waluigi@lemmy.world,1,0,0,0,0,0,0,0,0,0,0,0,0,0,0,0,0,0,0,0,0,0,0,0,0,0,0,0,0,0,0,0,0,0
BeardedWonder02@lemmy.world,0,0,0,0,0,0,0,0,0,0,0,0,0,0,0,1,0,0,0,0,0,0,0,0,0,0,0,0,0,0,0,0,0,0
Vegskret@lemmy.world,0,0,0,0,0,0,0,0,0,0,0,0,0,0,0,0,0,0,0,0,0,0,0,0,0,0,0,0,0,1,0,0,0,0
Midnightjunkie@lemmy.ca,0,0,0,0,0,0,0,0,0,0,0,0,0,0,0,0,0,0,0,0,0,0,1,0,0,0,0,0,0,0,0,0,0,0
TheTeej107@lemmy.world,1,0,0,0,0,0,0,0,0,0,0,0,0,0,0,0,0,0,0,0,0,0,0,0,0,0,0,0,0,0,0,0,0,0
imaginelizard@monyet.cc,0,0,0,0,0,0,0,0,0,0,1,0,0,0,0,0,0,0,0,0,0,0,0,0,0,0,0,0,0,0,0,0,0,0
nLuLukna@sh.itjust.works,1,0,0,0,0,0,0,0,0,0,0,0,0,0,0,0,0,0,0,0,0,0,0,0,0,0,0,0,0,0,0,0,0,0
Aal456@lemmy.ml,0,0,0,0,0,0,0,0,0,0,0,0,0,0,0,0,1,0,0,0,0,0,0,0,0,0,0,0,0,0,0,0,0,0
abfarid@lemmy.world,0,0,0,0,0,1,0,0,0,0,0,0,0,0,0,0,0,0,0,0,0,0,0,0,0,0,0,0,0,0,0,0,0,0
Quasibrodo@lemmy.ml,1,0,0,0,0,0,0,0,0,0,0,0,0,0,0,0,0,0,0,0,0,0,0,0,0,0,0,0,0,0,0,0,0,0
Isbjerg@feddit.dk,0,0,0,0,0,0,0,0,0,0,0,0,0,0,0,0,0,0,0,0,0,0,0,0,0,0,0,0,0,1,0,0,0,0
SheWhoExists@lemmy.blahaj.zone,0,0,0,0,0,0,0,0,0,0,0,0,0,0,0,0,0,0,0,0,0,0,1,0,0,0,0,0,0,0,0,0,0,0
TimDEnchanter@lemmy.world,1,0,0,0,0,0,0,0,0,0,0,0,0,0,0,0,0,0,0,0,0,0,0,0,0,0,0,0,0,0,0,0,0,0
nukul4r@feddit.de,0,0,0,0,0,0,0,0,0,0,0,0,0,0,0,0,0,0,0,0,0,0,0,0,0,0,0,0,0,1,0,0,0,0
andi_waffen@lemmy.loomy.li,1,0,0,0,0,0,0,0,0,0,0,0,0,0,0,0,0,0,0,0,0,0,0,0,0,0,0,0,0,0,0,0,0,0
kalteliebe@lemmy.world,0,0,0,0,0,0,0,0,0,0,1,0,0,0,0,0,0,0,0,0,0,0,0,0,0,0,0,0,0,0,0,0,0,0
Pacrat173@lemmy.ml,0,0,0,0,0,0,0,0,0,0,0,0,0,0,0,0,0,0,0,0,0,0,1,0,0,0,0,0,0,0,0,0,0,0
Waker@lemmy.pt,0,0,0,0,0,0,0,0,0,0,0,0,0,0,0,0,0,0,0,0,0,0,1,0,0,0,0,0,0,0,0,0,0,0
XioR112@lemmy.world,1,0,0,0,0,0,0,0,0,0,0,0,0,0,0,0,0,0,0,0,0,0,0,0,0,0,0,0,0,0,0,0,0,0
The_Hideous_Orgalorg@sh.itjust.works,0,0,0,0,0,0,0,0,0,0,0,0,0,0,0,0,0,0,0,0,0,0,1,0,0,0,0,0,0,0,0,0,0,0
jesusrp98@lemmy.world,1,0,0,0,0,0,0,0,0,0,0,0,0,0,0,0,0,0,0,0,0,0,0,0,0,0,0,0,0,0,0,0,0,0
beta@lemmy.blahaj.zone,0,0,0,0,0,0,0,0,0,0,0,0,0,0,0,0,0,0,0,0,0,1,0,0,0,0,0,0,0,0,0,0,0,0
Cannizzaro@feddit.ch,1,0,0,0,0,0,0,0,0,0,0,0,0,0,0,0,0,0,0,0,0,0,0,0,0,0,0,0,0,0,0,0,0,0
alcyoneous@beehaw.org,0,0,0,0,0,0,0,0,0,0,0,0,0,0,0,0,0,0,0,0,0,0,1,0,0,0,0,0,0,0,0,0,0,0
cheeseblintzes@lemmy.world,1,0,0,0,0,0,0,0,0,0,0,0,0,0,0,0,0,0,0,0,0,0,0,0,0,0,0,0,0,0,0,0,0,0
bearded_zero@lemmy.world,0,0,0,0,0,0,0,0,0,0,0,0,0,0,0,0,0,0,0,0,0,0,0,0,0,0,0,0,0,1,0,0,0,0
Cabodastormentas@lemmy.pt,0,0,0,0,0,0,0,0,0,0,0,0,0,0,0,0,0,0,0,0,0,0,0,0,0,0,0,0,0,0,1,0,0,0
spike@discuss.tchncs.de,0,0,0,0,0,0,0,0,0,0,0,0,0,0,0,0,1,0,0,0,0,0,0,0,0,0,0,0,0,0,0,0,0,0
lorkano@lemmy.world,1,0,0,0,0,0,0,0,0,0,0,0,0,0,0,0,0,0,0,0,0,0,0,0,0,0,0,0,0,0,0,0,0,0
DavidMason9995@lemmy.world,1,0,0,0,0,0,0,0,0,0,0,0,0,0,0,0,0,0,0,0,0,0,0,0,0,0,0,0,0,0,0,0,0,0
Max@feddit.dk,0,0,0,0,0,0,0,0,0,0,0,0,0,0,0,0,0,0,0,0,0,0,0,0,0,0,0,0,0,1,0,0,0,0
itsAsin@lemmy.world,1,0,0,0,0,0,0,0,0,0,0,0,0,0,0,0,0,0,0,0,0,0,0,0,0,0,0,0,0,0,0,0,0,0
signposthead@lemmy.world,0,0,0,0,0,0,0,0,0,0,0,0,0,0,0,0,0,0,0,0,0,0,0,0,1,0,0,0,0,0,0,0,0,0
Pepperonisalami@lemmy.world,0,0,0,0,0,0,0,0,0,0,0,0,0,0,0,0,0,0,0,0,0,0,0,0,0,0,0,0,0,1,0,0,0,0
Bangs42@reddthat.com,0,0,0,0,0,1,0,0,0,0,0,0,0,0,0,0,0,0,0,0,0,0,0,0,0,0,0,0,0,0,0,0,0,0
technicolours@lemmy.blahaj.zone,0,0,0,0,0,1,0,0,0,0,0,0,0,0,0,0,0,0,0,0,0,0,0,0,0,0,0,0,0,0,0,0,0,0
samc@lemmy.world,0,0,0,0,0,0,0,0,0,0,1,0,0,0,0,0,0,0,0,0,0,0,0,0,0,0,0,0,0,0,0,0,0,0
Qvest@lemmy.world,1,0,0,0,0,0,0,0,0,0,0,0,0,0,0,0,0,0,0,0,0,0,0,0,0,0,0,0,0,0,0,0,0,0
tonyn@lemmy.ml,0,0,0,0,0,0,0,0,0,0,0,0,0,0,0,0,0,0,0,0,0,0,1,0,0,0,0,0,0,0,0,0,0,0
ajay@lemm.ee,1,0,0,0,0,0,0,0,0,0,0,0,0,0,0,0,0,0,0,0,0,0,0,0,0,0,0,0,0,0,0,0,0,0
ggnoredo@lemm.ee,0,0,0,0,1,0,0,0,0,0,0,0,0,0,0,0,0,0,0,0,0,0,0,0,0,0,0,0,0,0,0,0,0,0
DarkDarkHouse@lemmy.sdf.org,0,0,0,0,0,0,0,0,0,0,0,0,0,0,0,0,0,0,0,0,0,0,0,0,0,0,0,0,0,1,0,0,0,0
pureness@lemmy.world,0,0,0,0,0,0,0,0,0,0,0,0,1,0,0,0,0,0,0,0,0,0,0,0,0,0,0,0,0,0,0,0,0,0
Mir@programming.dev,1,0,0,0,0,0,0,0,0,0,0,0,0,0,0,0,0,0,0,0,0,0,0,0,0,0,0,0,0,0,0,0,0,0
codalafin@pawb.social,1,0,0,0,0,0,0,0,0,0,0,0,0,0,0,0,0,0,0,0,0,0,0,0,0,0,0,0,0,0,0,0,0,0
blackris@feddit.de,0,0,0,0,0,0,0,0,1,0,0,0,0,0,0,0,0,0,0,0,0,0,0,0,0,0,0,0,0,0,0,0,0,0
Bauh@monyet.cc,0,0,0,0,0,0,0,0,0,0,0,0,0,0,0,0,0,0,0,0,0,0,0,0,0,0,0,0,0,1,0,0,0,0
getallen@lemmy.world,0,0,0,0,0,0,0,0,0,0,0,0,0,0,0,1,0,0,0,0,0,0,0,0,0,0,0,0,0,0,0,0,0,0
lemur12@lemmy.world,0,0,0,0,0,0,0,0,0,0,0,0,0,0,0,0,0,0,0,0,0,0,0,0,0,0,0,1,0,0,0,0,0,0
macbean@lemm.ee,0,0,0,0,0,0,0,0,0,0,0,0,0,0,0,0,0,0,0,0,0,0,1,0,0,0,0,0,0,0,0,0,0,0
dillekant@slrpnk.net,0,0,0,0,0,0,0,0,0,0,0,0,0,0,0,0,0,0,0,0,0,0,1,0,0,0,0,0,0,0,0,0,0,0
Voltage@lemmy.fmhy.net,0,0,0,0,0,0,0,0,0,0,0,0,0,0,0,0,0,0,0,0,0,0,0,0,0,0,0,0,0,1,0,0,0,0
PM_CTD4@lemm.ee,0,0,0,0,0,0,0,0,0,0,0,0,0,0,0,0,0,0,0,0,0,0,0,0,0,0,0,0,1,0,0,0,0,0
alfredalpaca@lemmy.world,1,0,0,0,0,0,0,0,0,0,0,0,0,0,0,0,0,0,0,0,0,0,0,0,0,0,0,0,0,0,0,0,0,0
Severith@lemmy.world,1,0,0,0,0,0,0,0,0,0,0,0,0,0,0,0,0,0,0,0,0,0,0,0,0,0,0,0,0,0,0,0,0,0
PM_CTD3@lemm.ee,0,0,0,0,0,0,0,0,0,0,0,0,0,0,0,0,0,0,0,0,0,0,0,0,0,0,0,0,1,0,0,0,0,0
bdonvr@thelemmy.club,0,0,0,0,0,0,0,0,0,0,0,0,0,0,0,0,0,0,0,0,0,0,0,0,0,0,0,0,1,0,0,0,0,0
Christmaslemonade@mander.xyz,0,0,0,0,0,0,0,0,0,0,0,0,0,0,0,0,0,0,0,0,0,0,0,0,0,0,1,0,0,0,0,0,0,0
rknx@lemmy.world,0,0,0,0,0,0,0,0,0,0,0,0,0,0,0,1,0,0,0,0,0,0,0,0,0,0,0,0,0,0,0,0,0,0
Mitchacho74@lemmy.world,1,0,0,0,0,0,0,0,0,0,0,0,0,0,0,0,0,0,0,0,0,0,0,0,0,0,0,0,0,0,0,0,0,0
Sammy@lemmy.run,0,0,0,0,0,0,0,0,0,0,0,0,0,0,0,0,0,0,0,0,0,1,0,0,0,0,0,0,0,0,0,0,0,0
cobra89@beehaw.org,0,0,0,0,0,0,0,0,0,0,0,0,0,0,0,0,0,0,0,0,0,0,0,0,0,0,0,0,0,1,0,0,0,0
kense@lmmy.dk,0,0,0,0,0,0,0,0,0,0,0,0,0,0,0,0,0,0,0,0,0,0,0,0,0,0,0,0,0,0,1,0,0,0
gNarkbrain@lemm.ee,0,0,0,0,0,0,0,0,0,0,0,0,0,0,0,0,0,0,1,0,0,0,0,0,0,0,0,0,0,0,0,0,0,0
Redecco@lemmy.world,1,0,0,0,0,0,0,0,0,0,0,0,0,0,0,0,0,0,0,0,0,0,0,0,0,0,0,0,0,0,0,0,0,0
bigredwolf@lemmy.ml,1,0,0,0,0,0,0,0,0,0,0,0,0,0,0,0,0,0,0,0,0,0,0,0,0,0,0,0,0,0,0,0,0,0
Isillios@lemmy.world,0,0,0,0,0,0,0,0,0,0,0,0,0,0,0,0,0,0,0,0,0,0,0,0,0,0,0,0,0,1,0,0,0,0
samsy@lemmy.ml,1,0,0,0,0,0,0,0,0,0,0,0,0,0,0,0,0,0,0,0,0,0,0,0,0,0,0,0,0,0,0,0,0,0
Secret300@lemmy.world,1,0,0,0,0,0,0,0,0,0,0,0,0,0,0,0,0,0,0,0,0,0,0,0,0,0,0,0,0,0,0,0,0,0
Lockenbert@slrpnk.net,0,0,0,0,0,0,0,0,0,0,0,0,0,0,0,0,0,0,0,0,0,0,0,0,0,0,0,0,0,1,0,0,0,0
PM_CTD5@lemm.ee,0,0,0,0,0,0,0,0,0,0,0,0,0,0,0,0,0,0,0,0,0,0,0,0,0,0,0,0,1,0,0,0,0,0
graphito@beehaw.org,0,0,0,0,0,0,0,0,0,0,0,0,0,0,0,0,0,0,0,0,0,0,0,0,0,0,0,0,0,1,0,0,0,0
TornadoRex@lemmy.world,0,0,0,0,0,0,0,0,0,0,0,0,0,0,1,0,0,0,0,0,0,0,0,0,0,0,0,0,0,0,0,0,0,0
athaki@lemmy.world,0,0,0,0,0,0,0,0,0,0,0,0,1,0,0,0,0,0,0,0,0,0,0,0,0,0,0,0,0,0,0,0,0,0
RedHat@sh.itjust.works,0,0,0,0,0,0,0,0,0,0,0,0,0,0,0,0,0,0,0,0,1,0,0,0,0,0,0,0,0,0,0,0,0,0
theambitiouscow@lemmy.world,0,0,0,0,0,0,0,0,0,0,0,0,1,0,0,0,0,0,0,0,0,0,0,0,0,0,0,0,0,0,0,0,0,0
violezine@toast.ooo,0,0,0,0,1,0,0,0,0,0,0,0,0,0,0,0,0,0,0,0,0,0,0,0,0,0,0,0,0,0,0,0,0,0
vaderhoff@lemmy.world,0,0,0,0,0,0,0,0,0,0,0,0,0,0,0,0,1,0,0,0,0,0,0,0,0,0,0,0,0,0,0,0,0,0
adanisi@lemmy.zip,1,0,0,0,0,0,0,0,0,0,0,0,0,0,0,0,0,0,0,0,0,0,0,0,0,0,0,0,0,0,0,0,0,0
konalt@lemmy.world,1,0,0,0,0,0,0,0,0,0,0,0,0,0,0,0,0,0,0,0,0,0,0,0,0,0,0,0,0,0,0,0,0,0
NotAGuyInAHat@lemmy.world,1,0,0,0,0,0,0,0,0,0,0,0,0,0,0,0,0,0,0,0,0,0,0,0,0,0,0,0,0,0,0,0,0,0
afa1425@ani.social,1,0,0,0,0,0,0,0,0,0,0,0,0,0,0,0,0,0,0,0,0,0,0,0,0,0,0,0,0,0,0,0,0,0
CeruleanRuin@lemmy.world,1,0,0,0,0,0,0,0,0,0,0,0,0,0,0,0,0,0,0,0,0,0,0,0,0,0,0,0,0,0,0,0,0,0
Appoxo@lemmy.dbzer0.com,1,0,0,0,0,0,0,0,0,0,0,0,0,0,0,0,0,0,0,0,0,0,0,0,0,0,0,0,0,0,0,0,0,0
fishy_2_0@beehaw.org,1,0,0,0,0,0,0,0,0,0,0,0,0,0,0,0,0,0,0,0,0,0,0,0,0,0,0,0,0,0,0,0,0,0
pojankolli@discuss.tchncs.de,0,0,0,1,0,0,0,0,0,0,0,0,0,0,0,0,0,0,0,0,0,0,0,0,0,0,0,0,0,0,0,0,0,0
PFShady@lemmy.world,0,0,0,0,0,0,0,0,0,0,0,0,0,0,0,0,0,0,0,0,0,0,0,0,0,0,0,0,0,1,0,0,0,0
RobotDaniel@lemm.ee,0,0,0,0,0,0,0,0,0,0,0,0,0,0,0,0,0,0,0,0,0,0,0,0,0,0,0,0,0,1,0,0,0,0
kryllic@programming.dev,1,0,0,0,0,0,0,0,0,0,0,0,0,0,0,0,0,0,0,0,0,0,0,0,0,0,0,0,0,0,0,0,0,0
Chellomere@lemmy.world,0,0,0,0,0,0,0,0,0,0,0,0,0,0,0,0,0,0,0,0,0,1,0,0,0,0,0,0,0,0,0,0,0,0
joshlaserbeam@sh.itjust.works,0,0,0,0,0,0,0,0,0,0,0,0,0,0,0,0,1,0,0,0,0,0,0,0,0,0,0,0,0,0,0,0,0,0
nesth@lemmy.ca,0,0,0,0,0,1,0,0,0,0,0,0,0,0,0,0,0,0,0,0,0,0,0,0,0,0,0,0,0,0,0,0,0,0
macumbamacaca@feddit.nl,0,0,0,0,0,0,0,0,0,0,1,0,0,0,0,0,0,0,0,0,0,0,0,0,0,0,0,0,0,0,0,0,0,0
fxl@lemmy.world,1,0,0,0,0,0,0,0,0,0,0,0,0,0,0,0,0,0,0,0,0,0,0,0,0,0,0,0,0,0,0,0,0,0
Medinja@lemmy.world,0,0,0,0,0,0,0,0,0,0,0,0,1,0,0,0,0,0,0,0,0,0,0,0,0,0,0,0,0,0,0,0,0,0
tim@lemmy.timwaterhouse.com,1,0,0,0,0,0,0,0,0,0,0,0,0,0,0,0,0,0,0,0,0,0,0,0,0,0,0,0,0,0,0,0,0,0
Tatar_Nobility@lemmy.ml,1,0,0,0,0,0,0,0,0,0,0,0,0,0,0,0,0,0,0,0,0,0,0,0,0,0,0,0,0,0,0,0,0,0
PM_CTD6@lemm.ee,0,0,0,0,0,0,0,0,0,0,0,0,0,0,0,0,0,0,0,0,0,0,0,0,0,0,0,0,1,0,0,0,0,0
phexinator@feddit.ch,0,0,0,0,0,1,0,0,0,0,0,0,0,0,0,0,0,0,0,0,0,0,0,0,0,0,0,0,0,0,0,0,0,0
Yoddel_Hickory@lemmy.ca,0,0,0,0,0,0,0,0,0,0,0,0,0,0,0,0,0,0,0,0,0,0,1,0,0,0,0,0,0,0,0,0,0,0
Feugnis@lemm.ee,0,0,0,0,0,0,0,0,0,0,1,0,0,0,0,0,0,0,0,0,0,0,0,0,0,0,0,0,0,0,0,0,0,0
YoshiBashirOBrien@startrek.website,0,0,0,0,1,0,0,0,0,0,0,0,0,0,0,0,0,0,0,0,0,0,0,0,0,0,0,0,0,0,0,0,0,0
h3lp@lemm.ee,0,0,0,0,0,0,0,0,0,0,0,0,0,0,0,0,0,0,0,0,0,0,0,0,0,0,1,0,0,0,0,0,0,0
Serv@lemm.ee,1,0,0,0,0,0,0,0,0,0,0,0,0,0,0,0,0,0,0,0,0,0,0,0,0,0,0,0,0,0,0,0,0,0
faebe2222@lemmy.world,0,0,0,0,0,0,0,0,0,0,0,0,0,0,0,0,0,0,0,0,0,0,0,0,0,0,0,0,0,1,0,0,0,0
tony@lemmy.hoyle.me.uk,0,0,0,0,0,0,0,0,0,0,1,0,0,0,0,0,0,0,0,0,0,0,0,0,0,0,0,0,0,0,0,0,0,0
Gilmour1009@infosec.pub,0,0,0,0,0,0,0,0,0,0,0,0,1,0,0,0,0,0,0,0,0,0,0,0,0,0,0,0,0,0,0,0,0,0
cheet@yiffit.net,0,0,0,0,0,0,0,0,0,0,0,0,0,0,0,0,0,0,0,0,0,0,0,0,0,0,0,0,0,1,0,0,0,0
Leamaya@feddit.de,1,0,0,0,0,0,0,0,0,0,0,0,0,0,0,0,0,0,0,0,0,0,0,0,0,0,0,0,0,0,0,0,0,0
thekingoflorda@lemmy.world,0,0,0,0,0,0,0,0,0,0,1,0,0,0,0,0,0,0,0,0,0,0,0,0,0,0,0,0,0,0,0,0,0,0
Surya@lemmy.world,0,0,0,0,0,0,0,0,0,0,0,0,0,0,0,0,0,0,0,0,0,0,1,0,0,0,0,0,0,0,0,0,0,0
runswithjedi@lemmy.world,1,0,0,0,0,0,0,0,0,0,0,0,0,0,0,0,0,0,0,0,0,0,0,0,0,0,0,0,0,0,0,0,0,0
nickname@toast.ooo,0,0,0,0,1,0,0,0,0,0,0,0,0,0,0,0,0,0,0,0,0,0,0,0,0,0,0,0,0,0,0,0,0,0
eldritch_lich@lemmy.world,0,0,0,0,0,0,0,0,0,0,0,0,0,0,0,0,0,0,0,0,0,0,0,0,0,0,0,1,0,0,0,0,0,0
Nrezcm@lemmy.world,1,0,0,0,0,0,0,0,0,0,0,0,0,0,0,0,0,0,0,0,0,0,0,0,0,0,0,0,0,0,0,0,0,0
zet@lemmy.ml,0,0,0,0,0,0,0,0,0,0,0,0,1,0,0,0,0,0,0,0,0,0,0,0,0,0,0,0,0,0,0,0,0,0
BigHungryChicken@lemmy.dbzer0.com,0,0,0,0,0,0,0,0,0,0,0,0,0,0,0,0,0,0,0,0,0,0,0,0,0,0,0,1,0,0,0,0,0,0
Erectsunshine@lemmy.world,0,0,0,0,0,0,0,0,0,0,1,0,0,0,0,0,0,0,0,0,0,0,0,0,0,0,0,0,0,0,0,0,0,0
elbarto777@lemmy.world,0,0,0,0,0,0,0,1,0,0,0,0,0,0,0,0,0,0,0,0,0,0,0,0,0,0,0,0,0,0,0,0,0,0
Spectrism@feddit.de,1,0,0,0,0,0,0,0,0,0,0,0,0,0,0,0,0,0,0,0,0,0,0,0,0,0,0,0,0,0,0,0,0,0
m0re@lemmy.world,0,0,0,0,0,0,0,0,0,0,0,0,0,0,1,0,0,0,0,0,0,0,0,0,0,0,0,0,0,0,0,0,0,0
lautrebeacon@lemmy.ca,0,0,0,0,0,0,0,0,0,0,0,0,0,0,0,0,1,0,0,0,0,0,0,0,0,0,0,0,0,0,0,0,0,0
beatbrot@feddit.de,0,0,0,0,0,0,0,0,0,0,0,0,0,0,0,0,0,0,0,0,0,0,0,0,0,0,0,0,0,1,0,0,0,0
Edge004@lemmy.world,0,0,0,0,0,0,0,0,0,0,0,0,0,0,0,0,0,0,0,0,0,1,0,0,0,0,0,0,0,0,0,0,0,0
Drewfro66@lemmygrad.ml,0,0,0,0,0,0,0,0,0,0,0,1,0,0,0,0,0,0,0,0,0,0,0,0,0,0,0,0,0,0,0,0,0,0
erdnaqwe@lemmy.world,0,0,0,0,0,0,0,0,0,0,0,0,0,0,0,0,0,0,0,0,0,0,0,0,0,0,0,0,0,1,0,0,0,0
foxymulder@lemmy.ml,1,0,0,0,0,0,0,0,0,0,0,0,0,0,0,0,0,0,0,0,0,0,0,0,0,0,0,0,0,0,0,0,0,0
GamerNoek@lemm.ee,0,0,0,0,0,0,0,0,0,0,0,0,0,0,0,0,0,0,0,0,0,0,0,0,0,0,0,0,0,0,0,0,0,0
Icarus@lemmy.world,0,0,0,0,0,0,0,0,0,0,0,0,0,0,0,0,0,0,0,0,0,0,0,0,0,0,0,0,0,0,0,0,0,0
ReakDuck@lemmy.ml,0,0,0,0,0,0,0,0,0,0,0,0,0,0,0,0,0,0,0,0,0,0,0,0,0,0,0,0,0,0,0,0,0,0
ixoid@lemmy.world,0,0,0,0,0,0,0,0,0,0,0,0,0,0,0,0,0,0,0,0,0,0,0,0,0,0,0,0,0,0,0,0,0,0
Depress_Mode@lemmy.world,321,0,0,0,4,36,0,0,0,0,0,5,2,39,4,34,22,17,7,3,3,42,95,74,0,19,11,4,184,1,6,0,0,0
SamSpudd@lemmy.lukeog.com,0,0,0,0,0,1,0,0,16,13,1,0,0,0,0,0,0,0,0,0,0,0,0,0,0,0,0,0,0,5,0,0,0,0
usernamesAreTricky@lemmy.ml,1495,90,62,65,70,97,0,0,0,0,0,0,0,0,0,0,0,0,0,0,0,0,0,0,0,0,0,0,0,0,0,0,0,0
Ringmasterincestuous@aussie.zone,366,0,0,0,0,0,66,0,0,36,0,5,11,0,0,16,0,63,0,0,0,73,546,0,0,24,0,0,0,6,0,0,0,0
Webghost0101@sopuli.xyz,66,75,0,0,0,0,0,0,0,0,0,0,93,65,0,0,0,0,0,0,0,0,0,0,0,0,0,0,0,78,42,0,0,0
Gingernate@lemm.ee,208,0,0,0,0,2,0,0,0,0,0,0,0,0,0,0,0,0,0,0,0,0,0,0,0,0,0,0,0,0,0,0,0,0
Dfirebug@lemmy.world,0,0,2,0,0,0,0,0,0,0,6,6,3,0,0,0,0,0,0,0,0,0,0,0,4,0,0,0,0,0,0,0,0,0
Panq@lemmy.nz,0,0,0,0,0,0,0,0,0,0,0,0,0,0,0,0,0,0,0,0,0,0,0,5,0,0,0,0,0,0,0,0,0,0
