user_id,instance_id,username,rank_2023,pixels_2023,rank_2024,pixels_2024,rank_2025,pixels_2025
1,1,ubermeisters@lemmy.world,1,5186,,,,
2,1,guantousam@lemmy.world,2,4146,4,4373,32,2347
3,1,ShadowGlider@lemmy.world,3,3898,,,,
4,1,DragonM97HD@lemmy.world,4,3604,,,,
5,1,Lokloy@lemmy.world,5,3569,2,5227,15,3052
6,1,DJSoundwav3@lemmy.world,6,2940,,,,
7,11,peter_pangolin@toast.ooo,7,2871,,,,
8,4,Bottom@lemm.ee,8,2800,,,,
9,1,NanoPi@lemmy.world,9,2783,,,,
10,4,akq@lemm.ee,10,2727,,,,
11,1,Aenigma@lemmy.world,11,2634,,,,
12,1,Lilou41@lemmy.world,12,2613,11,3259,26,2499
13,23,dave@lemmy.nz,13,2585,17,3058,78,1299
14,42,Stoneykins@mander.xyz,14,2501,,,,
15,5,trixysaur@lemmy.blahaj.zone,15,2495,,,,
16,23,surfbum@lemmy.nz,16,2478,,,,
17,1,Cloud_Y@lemmy.world,17,2446,,,,
18,1,Themisto@lemmy.world,18,2412,,,,
19,1,AbouBenAdhem@lemmy.world,19,2402,56,2075,,
20,1,EXtremeExploit@lemmy.world,20,2366,30,2498,,
21,1,Tzingo@lemmy.world,21,2345,47,2169,,
22,11,SquReal@toast.ooo,22,2300,7,3894,95,1077
23,1,somepony@lemmy.world,23,2285,,,,
24,1,nellymoose@lemmy.world,24,2278,,,,
25,1,the_dopamine_fiend@lemmy.world,25,2226,,,,
26,1,Monkmoo@lemmy.world,26,2204,74,1802,,
27,1,cluster_bright@lemmy.world,26,2204,,,,
28,6,greenbean@lemmy.ml,27,2192,,,,
29,1,ILSB@lemmy.world,28,2107,,,,
30,1,ginjutsu@lemmy.world,29,2086,,,,
31,50,F00DPLZ@nano.garden,30,2063,,,,
32,1,Waffle6787@lemmy.world,31,2043,,,,
33,2,shunned_marble4378@feddit.de,32,2042,,,,
34,1,MoonlitChaser@lemmy.world,33,2025,496,241,,
35,22,KoboldCoterie@pawb.social,34,2017,10,3322,6,3923
36,1,tanker405th@lemmy.world,36,2001,,,,
37,12,basxto@discuss.tchncs.de,37,1988,,,344,29
38,13,Lumun@lemmy.zip,38,1923,420,360,,
39,1,Enderson1320@lemmy.world,39,1904,169,1034,,
40,1,Rose@lemmy.world,35,2004,16,3063,,
41,1,p0ppe@lemmy.world,40,1899,,,,
42,12,Rogue1633@discuss.tchncs.de,41,1884,,,,
43,4,NoNotLikeThat@lemm.ee,42,1882,332,525,,
45,19,lnxtx@feddit.nl,44,1877,250,749,11,3191
46,2,zer0@feddit.de,45,1865,197,912,,
47,2,Ihnivid@feddit.de,47,1817,,,,
48,1,beansbeansbeans@lemmy.world,48,1815,53,2079,,
49,1,Fabulous@lemmy.world,49,1810,,,,
50,31,Fabulous@infosec.pub,50,1799,,,,
51,1,KAP2003@lemmy.world,51,1788,,,,
52,14,flora_explora@beehaw.org,52,1780,,,,
53,1,FeatherFoot@lemmy.world,53,1720,,,,
54,75,blueether@no.lastname.nz,54,1714,112,1452,,
55,291,marius851000@lemmy.mariusdavid.fr,55,1706,,,,
56,2,alex@feddit.de,56,1701,,,,
57,3,lnm225@sh.itjust.works,57,1681,,,,
58,1,Kilgorio@lemmy.world,58,1664,,,190,413
59,2,Mrs_deWinter@feddit.de,59,1629,,,,
60,1,TDK@lemmy.world,59,1629,,,,
61,5,alycat@lemmy.blahaj.zone,60,1619,,,,
62,5,ArieTheFloof@lemmy.blahaj.zone,61,1613,,,,
63,1,9point6@lemmy.world,62,1609,527,201,329,46
64,8,parsnip@lemmy.ca,63,1592,478,272,65,1530
65,13,rrconkle@lemmy.zip,64,1581,3,4907,4,4347
66,16,squids@sopuli.xyz,65,1572,,,,
67,1,IllinoisMapper@lemmy.world,66,1564,64,1961,,
68,1,Firebolt117@lemmy.world,67,1556,,,,
69,103,magical@lemmy.henknet.org,68,1549,,,,
70,20,Sarsaparilla@aussie.zone,69,1541,,,,
71,5,weird_kit@lemmy.blahaj.zone,70,1540,,,,
72,1,KAP03@lemmy.world,70,1540,,,,
73,1,HazySkies@lemmy.world,71,1539,396,406,,
74,2,Cdr_Johannsen@feddit.de,72,1535,,,,
75,5,PrimeSuspect@lemmy.blahaj.zone,73,1503,189,956,,
76,17,mubelotix@jlai.lu,73,1503,,,,
77,1,PM_CTD@lemmy.world,74,1501,,,,
78,1,Spiritdash@lemmy.world,75,1493,,,,
79,1,DuskyRo@lemmy.world,76,1471,,,217,298
80,44,weebkent@ani.social,77,1463,,,,
81,42,GlennMagusHarvey@mander.xyz,78,1451,14,3130,,
82,1,Midnightmoon@lemmy.world,79,1431,,,,
83,1,lym@lemmy.world,79,1431,591,125,,
84,13,tamlyn@lemmy.zip,80,1425,223,839,,
85,1,Amidatelion097@lemmy.world,81,1423,,,,
86,1,emi_x@lemmy.world,82,1411,529,198,,
87,1,kafuupone@lemmy.world,83,1408,,,,
88,22,tblflip@pawb.social,83,1408,26,2569,2,4598
89,10,Etegon@programming.dev,84,1402,,,,
90,29,StillPaisleyCat@startrek.website,85,1388,681,28,72,1331
91,5,gratux@lemmy.blahaj.zone,85,1388,,,,
92,11,Doborus@toast.ooo,86,1385,,,,
93,48,AchillesUltimate@lemy.lol,86,1385,,,,
94,2,koorool@feddit.de,87,1374,,,,
95,24,user224@lemmy.sdf.org,88,1373,105,1518,85,1216
96,8,Pxtl@lemmy.ca,89,1365,,,,
97,1,Syrc@lemmy.world,90,1361,191,949,125,747
98,35,PositiveControl@feddit.it,91,1344,,,,
99,1,Shushue10@lemmy.world,92,1336,,,,
100,3,IcyToes@sh.itjust.works,93,1321,,,,
101,3,ViperActual@sh.itjust.works,94,1320,,,,
102,1,namipa@lemmy.world,95,1311,238,780,,
103,4,baascus@lemm.ee,96,1309,,,,
104,1,shotgun_crab@lemmy.world,97,1302,206,886,,
105,1,ThatSnek@lemmy.world,98,1294,,,,
106,5,kira_ananta@lemmy.blahaj.zone,99,1289,,,,
107,3,Nirfu@sh.itjust.works,100,1287,,,,
108,48,iso@lemy.lol,101,1270,705,4,,
109,15,smallpanther@lemmy.dbzer0.com,102,1265,,,,
110,10,Ategon@programming.dev,103,1257,12,3227,3,4399
111,1,MrPoopapants@lemmy.world,104,1246,,,,
112,2,Autian@feddit.de,105,1241,,,,
113,278,erin@lemmy.sidh.bzh,106,1237,,,,
114,1,Tihan@lemmy.world,107,1236,262,702,94,1102
115,49,cralder@feddit.nu,108,1234,,,,
116,1,ChlorineAddict@lemmy.world,108,1234,,,,
117,2,observer@feddit.de,108,1234,,,,
118,1,Rene_Z@lemmy.world,109,1232,,,,
119,143,ctr1@fl0w.cc,110,1226,704,5,,
120,23,BlueEther@lemmy.nz,111,1216,,,,
121,6,em2@lemmy.ml,111,1216,,,,
123,1,Kalcifer@lemmy.world,113,1211,,,,
124,1,eating3645@lemmy.world,114,1210,103,1538,,
125,3,testaccount789@sh.itjust.works,115,1209,651,58,,
126,1,Tacosaus@lemmy.world,116,1186,,,,
127,1,FireWire400@lemmy.world,116,1186,173,1017,,
128,1,BatPonyEEE@lemmy.world,117,1175,,,,
129,1,Yomama@lemmy.world,118,1174,,,,
130,2,nachtigall@feddit.de,119,1171,,,,
131,2,Kuschdopf@feddit.de,120,1162,,,,
132,6,seulgi@lemmy.ml,121,1155,,,,
133,1,Limitless_screaming@lemmy.world,122,1152,,,,
134,1,k2003@lemmy.world,123,1146,,,,
135,1,PLS_PM_ME_UR_NUDEZ@lemmy.world,124,1141,,,,
136,8,ram@lemmy.ca,125,1128,,,,
137,8,grte@lemmy.ca,126,1126,616,95,,
138,1,Dynoscord@lemmy.world,127,1123,660,49,,
139,4,LengthierCrowd@lemm.ee,128,1119,,,,
140,47,HappySquid@feddit.ch,129,1117,,,,
141,5,xuv@lemmy.blahaj.zone,130,1111,668,41,,
142,20,eatham@aussie.zone,132,1103,34,2389,177,461
143,1,baascus@lemmy.world,133,1100,,,,
144,1,nooch@lemmy.world,134,1097,345,501,,
145,2,iloverocks@feddit.de,135,1096,,,,
146,63,ludrol@bookwormstory.social,136,1095,324,540,,
147,1,nickname@lemmy.world,137,1077,57,2063,,
148,10,baascus@programming.dev,138,1074,,,,
149,1,Gogggy@lemmy.world,139,1072,,,,
150,2,RobinSohn@feddit.de,140,1069,,,,
151,1,Spaceez@lemmy.world,141,1068,,,,
152,2,Speiser0@feddit.de,142,1063,,,,
153,1,AncientMariner@lemmy.world,143,1050,,,,
154,4,beansleg@lemm.ee,144,1045,,,,
155,2,FitchInks@feddit.de,145,1042,,,,
156,13,anonpony1@lemmy.zip,146,1039,,,,
157,1,EnergyBeam@lemmy.world,147,1030,,,,
158,6,haganbmj@lemmy.ml,148,1027,,,,
159,5,afedditor@lemmy.blahaj.zone,148,1027,,,,
160,2,Setarkus@feddit.de,148,1027,,,,
161,3,Estiar@sh.itjust.works,148,1027,293,626,171,476
162,8,provomeister@lemmy.ca,149,1024,677,32,,
163,1,shapeslemmyaccount@lemmy.world,149,1024,,,,
164,8,prodigalsorcerer@lemmy.ca,150,1022,,,,
165,117,famfo@social.dn42.us,151,1020,,,,
166,2,anka@feddit.de,152,1019,,,,
167,1,Shaik@lemmy.world,153,1018,,,,
168,4,mruczek@lemm.ee,154,1016,,,,
169,1,Bigcheese@lemmy.world,155,1014,22,2690,105,919
170,1,SirBwennan@lemmy.world,156,1012,,,,
171,1,AnarchyArcher@lemmy.world,157,1010,,,,
172,11,Gurkinator@toast.ooo,131,1104,,,,
173,19,koper@feddit.nl,158,1008,,,,
174,13,AXLplosion@lemmy.zip,159,1006,,,,
175,17,talou@jlai.lu,160,1003,,,,
176,14,minishoemaze@beehaw.org,161,996,,,,
177,76,itsmect@monero.town,162,987,,,,
178,1,grimcient@lemmy.world,163,984,,,,
179,6,miningforrocks@lemmy.ml,164,982,,,,
180,1,PixeIOrange@lemmy.world,165,971,268,685,,
181,1,Bonestyx@lemmy.world,166,970,,,,
182,1,ythaha668@lemmy.world,167,967,,,,
183,8,Roundcat@lemmy.ca,168,958,,,,
184,11,grant@toast.ooo,103,1257,708,1,,
185,15,neurospice@lemmy.dbzer0.com,169,954,5,4219,,
186,1,Techno@lemmy.world,170,947,,,,
187,10,mac@programming.dev,170,947,707,2,,
188,1,Gamer_Lab1234@lemmy.world,171,946,,,,
189,1,talou@lemmy.world,172,945,,,,
190,1,komplekx@lemmy.world,172,945,,,,
191,1,stoneykins@lemmy.world,173,943,,,,
192,1,KrisDeltarune@lemmy.world,174,942,,,,
193,5,577_Rhea@lemmy.blahaj.zone,175,940,,,,
195,3,crazyminner@sh.itjust.works,177,930,,,,
196,70,redw0rm@kerala.party,177,930,,,,
197,1,4rano@lemmy.world,178,928,,,,
198,29,soliloquy@startrek.website,179,926,,,,
199,10,ack12@programming.dev,180,924,,,,
200,2,hubi@feddit.de,181,920,,,,
201,2,slakett@feddit.de,182,916,,,,
202,29,GaiusGornicusCaesar@startrek.website,182,916,,,,
203,6,Atan@lemmy.ml,183,913,,,,
204,4,waterplants@lemm.ee,184,911,,,,
205,12,redd@discuss.tchncs.de,185,910,,,,
206,1,Melkmeisje@lemmy.world,185,910,,,,
207,1,L3s@lemmy.world,186,907,,,,
208,1,BloodSurg@lemmy.world,186,907,,,,
209,1,PwnTra1n@lemmy.world,187,906,,,,
210,2,SebSnares@feddit.de,188,895,,,,
211,5,mira@lemmy.blahaj.zone,189,894,,,,
212,1,qubik@lemmy.world,189,894,,,,
213,99,SeaOfTroubles@lib.lgbt,190,892,,,,
214,13,Monologue@lemmy.zip,191,890,,,,
215,1,panterita@lemmy.world,192,887,,,,
216,1,fede@lemmy.world,192,887,,,,
217,5,Firefly7@lemmy.blahaj.zone,193,884,,,,
218,76,jack@monero.town,195,876,,,,
219,3,LopensLeftArm@sh.itjust.works,196,873,,,,
220,3,Definitelynotacat@sh.itjust.works,197,870,,,,
221,1,uis@lemmy.world,46,1832,,,,
222,1,broadwell@lemmy.world,199,866,,,,
223,2,HeyHo@feddit.de,200,863,,,,
224,8,MaxHardwood@lemmy.ca,201,862,,,,
225,1,Today@lemmy.world,202,861,703,6,357,16
226,1,Rooki@lemmy.world,203,858,109,1477,365,7
227,1,daskibby@lemmy.world,204,855,,,,
228,2,federalreverse@feddit.de,205,854,,,,
229,10,xLy@programming.dev,205,854,,,,
230,2,7eter@feddit.de,198,868,,,,
231,1,silvershrimp0@lemmy.world,206,847,,,,
232,6,Ninjabread@lemmy.ml,207,846,622,89,,
233,42,verb@mander.xyz,208,844,,,,
234,13,senkora@lemmy.zip,209,842,,,,
235,2,IchLiebeKetchup@feddit.de,210,841,,,,
236,127,angrath@mtgzone.com,211,837,673,36,,
237,2,Xanthippe@feddit.de,212,827,,,,
238,11,favrion@toast.ooo,194,881,,,,
239,1,mcdolan@lemmy.world,213,824,,,,
240,5,GreenProton@lemmy.blahaj.zone,214,822,,,,
241,2,SomeBoyo@feddit.de,215,814,,,,
242,5,Andy@lemmy.blahaj.zone,216,812,,,,
243,20,ethan@aussie.zone,216,812,288,635,225,278
244,4,Ramhorn01@lemm.ee,217,810,,,,
245,28,bstix@feddit.dk,218,805,278,659,,
246,1,Kookaburra@lemmy.world,219,800,,,,
247,2,Aequitas@feddit.de,220,796,,,,
248,47,_jj_@feddit.ch,221,795,,,,
249,1,krafting@lemmy.world,222,791,,,,
250,26,sky@slrpnk.net,223,790,609,103,,
251,1,whitleyodonne@lemmy.world,224,786,640,69,,
252,3,the_real_monte@sh.itjust.works,225,784,202,895,36,2218
253,4,TosefJaylor@lemm.ee,225,784,,,,
254,23,eagleeyedtiger@lemmy.nz,225,784,130,1285,77,1300
255,2,BembelSommelier@feddit.de,226,777,,,,
256,22,yistdaj@pawb.social,227,775,,,39,2159
257,11,C0RBEENO@toast.ooo,228,763,,,,
258,39,Mirodir@lemmy.fmhy.net,229,752,,,,
259,62,terkaz@discuss.online,230,750,695,14,,
260,17,unautrenom@jlai.lu,231,749,175,1010,,
261,1,Globalwhole@lemmy.world,231,749,,,,
262,6,7eter@lemmy.ml,232,747,,,,
263,1,aircooledjenkins@lemmy.world,233,744,,,,
264,1,u_1f914@lemmy.world,234,743,,,,
265,1,SwingTheVine@lemmy.world,235,741,,,,
266,1,011@lemmy.world,236,738,,,,
267,4,viivol@lemm.ee,237,736,,,,
268,44,Staze@ani.social,238,735,,,,
269,1,SanguinePar@lemmy.world,238,735,637,72,,
270,1,Starman_x64@lemmy.world,238,735,,,,
271,1,BigChungus21@lemmy.world,239,730,383,427,,
272,6,talou@lemmy.ml,240,727,,,,
273,1,0_0@lemmy.world,241,724,,,,
274,2,lemming@feddit.de,242,723,,,,
275,13,WeirdAlex03@lemmy.zip,243,719,225,821,,
276,5,Cloudburst@lemmy.blahaj.zone,244,714,,,,
277,1,eqminmax@lemmy.world,245,713,,,,
278,1,Hidono@lemmy.world,246,710,,,,
279,16,frank@sopuli.xyz,247,705,,,,
280,13,Levsgetso@lemmy.zip,248,704,688,21,,
281,6,SummerIsTooWarm@lemmy.ml,248,704,,,,
282,1,Celestia@lemmy.world,249,702,,,,
283,12,Drinvictus@discuss.tchncs.de,250,701,,,,
284,73,vintprox@geddit.social,251,700,,,,
285,2,h3ndrik@feddit.de,252,696,,,,
286,1,patyk@lemmy.world,253,695,,,,
287,3,metarmask@sh.itjust.works,254,687,,,,
288,99,hawthornbunny@lib.lgbt,255,685,,,,
289,3,poot@sh.itjust.works,256,677,,,,
290,1,skillissuer@lemmy.world,257,676,,,,
291,12,rufus@discuss.tchncs.de,257,676,,,,
292,68,Olissipo@lemmy.pt,258,675,,,,
293,11,wetnoodle@toast.ooo,259,674,,,,
294,1,igorlogius@lemmy.world,260,672,,,,
295,2,ScandalFan85@feddit.de,261,671,,,,
296,14,frogman@beehaw.org,261,671,,,,
297,2,KiraKo@feddit.de,261,671,,,,
298,15,somerandomperson1231@lemmy.dbzer0.com,262,668,,,,
299,1,Atrabiliousaurus@lemmy.world,262,668,,,,
300,14,BlasphemicMantis@beehaw.org,263,667,706,3,,
301,5,Homestuck@lemmy.blahaj.zone,264,666,,,,
302,10,Aloso@programming.dev,265,659,,,,
303,86,ludrol@szmer.info,266,652,,,366,6
304,5,prepare4claire@lemmy.blahaj.zone,267,650,,,,
305,17,aelorius@jlai.lu,268,649,,,,
306,49,vaalen@feddit.nu,269,648,,,,
307,39,redw0rm@lemmy.fmhy.net,270,647,,,,
308,1,MLPixel@lemmy.world,271,642,,,,
309,4,simple@lemm.ee,271,642,292,628,,
310,1,CycoralFish@lemmy.world,272,641,,,,
311,50,exploringnano@nano.garden,273,640,,,,
312,22,ArieTheFloof@pawb.social,274,639,344,502,,
313,14,astrionic@beehaw.org,275,638,,,,
314,10,Otegon@programming.dev,276,637,,,,
315,1,mobcharacter@lemmy.world,277,636,,,,
316,1,Kflash2814@lemmy.world,278,635,493,244,,
317,30,atlas@reddthat.com,279,628,,,107,913
318,1,Setarkus@lemmy.world,279,628,,,,
319,5,CaptainBlagbird@lemmy.blahaj.zone,280,625,,,,
320,4,Fluttershy@lemm.ee,280,625,,,,
321,1,Pandantic@lemmy.world,280,625,,,,
322,76,monerobull@monero.town,281,621,,,,
323,4,Sidge@lemm.ee,282,620,,,,
324,8,someguy3@lemmy.ca,283,616,,,,
325,1,PandaScarlett@lemmy.world,284,613,,,,
326,1,StillWatersPony@lemmy.world,285,610,,,,
327,1,LittleEndu@lemmy.world,286,606,,,114,829
328,3,Comfortablyglum@sh.itjust.works,287,602,,,,
329,8,dom@lemmy.ca,288,600,,,,
330,5,mxcory@lemmy.blahaj.zone,289,599,,,,
331,1,rookiTest@lemmy.world,290,598,,,,
332,2,kaida@feddit.de,291,597,,,,
333,2,Domkat@feddit.de,291,597,,,,
334,5,Wilker@lemmy.blahaj.zone,292,595,,,,
335,1,Tenthrow@lemmy.world,293,593,,,,
336,3,michl@sh.itjust.works,294,592,,,,
337,1,wowsa@lemmy.world,295,589,,,,
338,153,alaliliiso@casavaga.com,296,587,,,,
339,4,Navarian@lemm.ee,297,585,,,,
340,38,colares@lemmy.eco.br,298,582,495,242,,
341,1,ekZepp@lemmy.world,299,579,582,134,,
342,1,Prince_Jacko@lemmy.world,300,578,,,,
343,10,bolleeer@programming.dev,300,578,,,,
344,2,Psyblader@feddit.de,301,575,,,,
345,3,iso@sh.itjust.works,302,573,,,,
346,39,v0id@lemmy.fmhy.net,302,573,,,,
347,1,StoneyDcrew@lemmy.world,303,572,,,,
348,1,DerpyMan@lemmy.world,304,569,,,,
349,10,GGG@programming.dev,305,567,,,,
350,1,Cringedrif@lemmy.world,306,566,,,250,202
351,5,homestuckalt@lemmy.blahaj.zone,306,566,,,,
352,1,baked_horse@lemmy.world,307,565,,,,
353,11,ellypony@toast.ooo,308,564,,,,
354,6,aradgus@lemmy.ml,309,563,707,2,,
355,14,GeekFTW@beehaw.org,310,562,,,,
356,11,Sidge@toast.ooo,311,560,,,,
357,10,avk11@programming.dev,312,558,,,,
358,8,baggins@lemmy.ca,313,557,622,89,,
359,2,Vereinsmeier@feddit.de,314,556,,,,
360,1,Kid4today@lemmy.world,315,555,,,,
361,1,obbot@lemmy.world,316,553,,,,
362,154,LucidAurora@burggit.moe,316,553,,,,
363,39,yato@lemmy.fmhy.net,317,551,,,,
364,20,useless_modern_god@aussie.zone,317,551,,,,
365,10,radar@programming.dev,317,551,,,,
366,2,Flugratte@feddit.de,317,551,,,,
367,1,halferect@lemmy.world,318,549,,,,
368,1,ThePowerOfGeek@lemmy.world,319,547,,,369,3
369,6,Anissem@lemmy.ml,320,546,,,,
370,15,SmallAlmond@lemmy.dbzer0.com,321,545,,,,
371,1,Xai@lemmy.world,321,545,,,,
372,20,rustyraven@aussie.zone,322,544,,,,
373,11,sugar@toast.ooo,323,542,211,865,168,487
374,14,fortified_banana@beehaw.org,324,535,,,,
375,3,walderan@sh.itjust.works,325,528,,,,
376,14,lionir@beehaw.org,326,526,,,,
377,1,wertnert80@lemmy.world,327,522,,,,
378,26,null@slrpnk.net,328,520,,,,
379,2,CoLa666@feddit.de,329,519,,,,
380,1,Behelitus@lemmy.world,330,518,,,,
381,1,Polobu@lemmy.world,331,517,,,,
382,2,Dschingis_Pelikan@feddit.de,332,515,,,,
383,1,Ward4sh@lemmy.world,332,515,,,,
384,279,romano@lemmy.shtuf.eu,333,513,,,,
385,2,Cevedale@feddit.de,334,510,,,,
386,1,whatsinausername@lemmy.world,335,506,,,,
387,15,Redjard@lemmy.dbzer0.com,336,505,,,42,1975
388,1,bmatrix@lemmy.world,337,500,708,1,,
389,1,s0up@lemmy.world,337,500,,,,
390,5,12510198@lemmy.blahaj.zone,338,494,224,838,,
391,1,kyle03@lemmy.world,338,494,,,,
392,19,OADINC@feddit.nl,339,491,,,,
393,14,chloyster@beehaw.org,340,489,,,,
394,1,brawleryukon@lemmy.world,341,486,,,,
395,6,johnhamelink@lemmy.ml,341,486,,,,
396,37,1011@lemmy.one,342,483,,,,
397,2,InternationalKnee69@feddit.de,343,481,,,,
398,4,duckyluuk@lemm.ee,344,480,,,,
399,1,myedition8@lemmy.world,345,477,632,79,,
400,35,Robaque@feddit.it,346,474,,,,
401,1,hitwright@lemmy.world,346,474,607,105,87,1186
402,3,lutillian@sh.itjust.works,347,473,,,,
403,1,NoHopeUnderBlackSun@lemmy.world,347,473,,,,
404,1,hark@lemmy.world,348,471,,,367,5
405,4,JudahBenHur@lemm.ee,348,471,,,,
406,1,Redjard@lemmy.world,349,470,,,,
407,6,morrowind@lemmy.ml,350,469,409,373,,
408,23,brgo@lemmy.nz,350,469,703,6,297,96
409,6,Redjard@lemmy.ml,351,465,,,,
410,3,larktreblig@sh.itjust.works,352,462,,,,
411,104,norwedish@lemmy.federated.club,352,462,,,,
412,1,Manwaffles@lemmy.world,352,462,,,,
413,1,NoToPropaganda@lemmy.world,353,460,,,,
414,6,osrsneedsf2p@lemmy.ml,353,460,708,1,,
415,1,EldradUlthran@lemmy.world,353,460,,,,
416,14,memementor@beehaw.org,354,458,,,,
417,19,OtherPetard@feddit.nl,354,458,,,,
418,1,Hikyuri@lemmy.world,355,457,,,,
419,1,itsyourmom@lemmy.world,356,456,,,,
420,69,Xamrica@lemmings.world,356,456,,,,
421,2,Xkdrxodrixkr@feddit.de,357,454,,,,
422,1,sidecar@lemmy.world,358,453,,,,
423,312,itszednotzee@lemmy.antemeridiem.xyz,358,453,,,,
424,5,sarahnya@lemmy.blahaj.zone,359,451,,,,
425,1,BoltSlayer@lemmy.world,360,450,,,,
426,1,Gingernate@lemmy.world,361,448,,,,
427,5,lexihexi@lemmy.blahaj.zone,361,448,,,,
428,10,Tilted@programming.dev,362,445,,,,
429,1,ThatVeganTeacher@lemmy.world,362,445,,,,
430,1,TwinkleSprinkle@lemmy.world,362,445,,,,
431,4,pine@lemm.ee,363,442,,,,
432,1,kindernacht@lemmy.world,364,441,,,,
433,1,WinniesButthole@lemmy.world,365,440,,,,
434,1,carpark2@lemmy.world,365,440,,,,
435,214,thomsbe@red.cyberhase.de,366,439,,,,
436,4,sparky678348@lemm.ee,366,439,,,,
437,35,kilgore_trout@feddit.it,367,438,,,,
438,3,brightfadeddog@sh.itjust.works,368,437,,,,
439,3,SharkEatingBreakfast@sh.itjust.works,368,437,,,,
440,5,EldradUlthran@lemmy.blahaj.zone,368,437,,,,
441,2,vgnbsxl@feddit.de,369,435,,,,
442,1,AntiHeroChris@lemmy.world,370,432,,,,
443,1,StomachGraveyard@lemmy.world,370,432,,,,
444,6,shukufuku@lemmy.ml,371,431,,,,
445,1,Gamer_Lab2@lemmy.world,371,431,,,,
446,86,PLS_PM_ME_UR_NUDEZ@szmer.info,372,429,,,,
447,49,freddo@feddit.nu,373,428,49,2117,140,649
448,5,CoachDom@lemmy.blahaj.zone,374,425,,,,
449,311,Snipe_AT@lemmy.atay.dev,374,425,,,,
450,12,chop@discuss.tchncs.de,375,424,,,,
451,1,Wilta3r_@lemmy.world,375,424,,,,
452,1,larktreblig@lemmy.world,376,422,,,,
453,2,Lokoschade@feddit.de,377,420,,,,
454,1,Blue_eyed_Fox@lemmy.world,377,420,,,,
455,2,Elchi@feddit.de,377,420,,,,
456,5,StarMage@lemmy.blahaj.zone,377,420,,,,
458,23,sortofblue@lemmy.nz,379,417,,,,
459,47,Wolferatu@feddit.ch,380,414,,,,
460,30,stuckbylightning@reddthat.com,381,412,,,,
461,1,xenotor@lemmy.world,381,412,,,,
462,1,lailxd@lemmy.world,382,409,,,,
463,4,julianh@lemm.ee,382,409,703,6,,
464,3,GravityRushed@sh.itjust.works,383,408,,,,
465,2,Grishaix@feddit.de,383,408,,,,
466,24,lay@lemmy.sdf.org,384,407,,,,
467,1,Plaz_ma@lemmy.world,385,406,,,,
468,3,Quills@sh.itjust.works,386,405,,,,
469,3,borke@sh.itjust.works,386,405,,,,
470,76,SNeedlewoods@monero.town,387,404,,,,
471,14,Jwhardcastle@beehaw.org,388,403,,,,
472,4,bringtogethernow@lemm.ee,389,402,,,,
473,1,anonymous1691294527@lemmy.world,389,402,,,,
474,1,KeepssMe@lemmy.world,390,400,,,,
475,44,Kuroame@ani.social,390,400,,,,
476,5,Jesster@lemmy.blahaj.zone,391,399,,,,
477,1,Ad5001@lemmy.world,391,399,347,497,,
478,1,thebluecorner@lemmy.world,391,399,,,,
479,27,SandyCheeks@lemmynsfw.com,391,399,,,,
480,1,Nittick@lemmy.world,392,398,,,,
481,5,alextheturtle@lemmy.blahaj.zone,392,398,,,,
482,1,anonymous1691295108@lemmy.world,393,396,,,,
483,19,CadburyCream@feddit.nl,393,396,,,,
484,1,PdizzleParker@lemmy.world,394,394,194,935,101,983
485,1,anonymous1691293996@lemmy.world,394,394,,,,
486,103,legomannetje@lemmy.henknet.org,395,393,,,,
487,1,VenyX@lemmy.world,395,393,,,,
488,23,Manger@lemmy.nz,396,392,,,,
489,2,beezlebug@feddit.de,396,392,,,,
490,1,fr75s@lemmy.world,397,391,,,,
491,1,beezlebug@lemmy.world,398,388,,,,
492,17,popol_monopol@jlai.lu,398,388,453,306,,
493,6,bamboozledgoblin@lemmy.ml,398,388,,,,
494,1,imonboard@lemmy.world,399,383,,,,
495,16,koorool@sopuli.xyz,400,382,,,,
496,2,Drukob@feddit.de,401,381,,,,
497,42,Setarkus@mander.xyz,401,381,,,,
498,5,bb010g@lemmy.blahaj.zone,401,381,,,,
499,1,magichorse@lemmy.world,402,380,,,,
500,6,56_@lemmy.ml,403,377,135,1250,,
501,5,aaa@lemmy.blahaj.zone,404,376,,,,
502,1,anonymous1691296202@lemmy.world,405,375,,,,
503,50,Max@nano.garden,406,374,,,,
504,4,GFish@lemm.ee,406,374,,,,
505,4,L_Take@lemm.ee,407,372,,,,
506,89,mike@postit.quantentoast.de,408,371,,,,
507,154,porn@burggit.moe,409,370,,,,
508,29,KargarocP4@startrek.website,410,369,,,,
509,8,Romben@lemmy.ca,410,369,,,,
510,4,mokpo@lemm.ee,411,368,,,,
511,1,LightnyCrimson@lemmy.world,412,366,,,,
512,2,Grumer@feddit.de,412,366,,,,
513,4,Claymore@lemm.ee,413,365,,,,
514,2,beteigeuze@feddit.de,413,365,,,,
515,2,chris261090@feddit.de,414,364,,,,
516,100,Aloso@lemmyrs.org,415,362,,,,
517,28,President_Pyrus@feddit.dk,415,362,,,,
518,2,mitkah@feddit.de,416,361,,,,
519,1,rookiCookie@lemmy.world,417,358,,,,
520,1,glim@lemmy.world,418,356,,,,
521,1,AbsolutDestruction@lemmy.world,419,355,,,,
522,1,CatotheCat@lemmy.world,419,355,,,,
523,1,rexvizsla@lemmy.world,420,354,,,,
524,11,drbluefall@toast.ooo,421,352,623,88,,
525,30,pornalt@reddthat.com,421,352,,,,
526,1,Solaryo@lemmy.world,421,352,,,,
527,13,sami@lemmy.zip,421,352,,,,
528,313,ace@lemmy.ananace.dev,422,349,,,,
529,47,Snek@feddit.ch,423,348,,,,
530,27,pronalt@lemmynsfw.com,424,347,,,,
531,103,opperhenk@lemmy.henknet.org,424,347,,,,
532,2,diemehrheit@feddit.de,425,346,,,,
533,1,Gam3r_Lab3@lemmy.world,425,346,,,,
534,1,GaWran@lemmy.world,425,346,,,,
535,38,tinhoso_indolente@lemmy.eco.br,426,345,,,,
536,5,totally_notAcat@lemmy.blahaj.zone,426,345,219,849,,
537,4,TemeK@lemm.ee,427,343,,,,
538,10,lavafroth@programming.dev,427,343,,,,
539,89,Nate@postit.quantentoast.de,428,342,,,,
540,120,pronalt@pornlemmy.com,428,342,,,,
541,5,Zephyr@lemmy.blahaj.zone,429,340,,,,
542,2,windeule@feddit.de,430,339,,,,
543,2,squaresinger@feddit.de,430,339,,,,
544,4,mjdiliscia@lemm.ee,430,339,,,,
545,14,cwilliams@beehaw.org,431,338,,,,
546,1,Lhlmarques@lemmy.world,432,337,,,,
547,1,scew@lemmy.world,433,334,,,,
548,39,ThetaDev@lemmy.fmhy.net,434,333,,,,
549,70,A10@kerala.party,434,333,,,,
550,1,idkwhattoputasmyusername@lemmy.world,434,333,,,,
551,17,inlandempire@jlai.lu,435,331,370,461,148,588
552,73,lemmyrob23@geddit.social,436,329,,,,
553,1,Hondadude719@lemmy.world,437,328,145,1153,,
554,50,slowpowke@nano.garden,438,327,,,,
555,70,sherman@kerala.party,438,327,,,,
556,50,admin@nano.garden,439,326,,,,
557,1,Henk4Life@lemmy.world,439,326,,,,
558,3,Ow0cast@sh.itjust.works,439,326,,,,
559,1,SuperApples@lemmy.world,440,325,,,,
560,1,NotSpez@lemmy.world,441,324,,,,
561,1,soullioness@lemmy.world,442,323,,,,
562,1,Tekomepossenomo@lemmy.world,442,323,,,,
563,33,Fish@midwest.social,442,323,,,,
564,1,Kagemaru@lemmy.world,443,322,,,,
565,2,CriticalSilence@feddit.de,444,321,,,,
566,47,1henno1@feddit.ch,445,317,,,,
567,1,Brickhead92@lemmy.world,446,316,,,,
568,49,SicParvisMagna@feddit.nu,446,316,,,,
569,1,heeeeeeee@lemmy.world,447,313,,,,
570,1,kencombos@lemmy.world,448,312,,,,
571,24,WhatThaFudge@lemmy.sdf.org,448,312,572,144,,
572,1,Olgratin_Magmatoe@lemmy.world,449,311,,,,
573,10,spread@programming.dev,449,311,,,,
574,1,President_Pyrus@lemmy.world,450,309,,,,
575,1,SMB@lemmy.world,451,308,,,,
576,5,mr_buscemi@lemmy.blahaj.zone,452,307,,,,
577,45,varikvalefor@yiffit.net,452,307,,,,
578,1,rookiDev@lemmy.world,452,307,,,,
579,6,Mystimorphix@lemmy.ml,453,303,,,,
580,6,usuario@lemmy.ml,453,303,,,,
581,1,Traditional_Stick_49@lemmy.world,453,303,,,,
582,1,DrDerrek@lemmy.world,453,303,,,,
583,8,lambdabeta@lemmy.ca,454,301,707,2,,
584,6,0xmrtt@lemmy.ml,454,301,,,,
585,5,LadyAutumn@lemmy.blahaj.zone,455,300,,,,
586,3,kersploosh@sh.itjust.works,455,300,675,34,205,336
587,1,swordthensnow@lemmy.world,456,299,,,,
588,1,cyyypher@lemmy.world,457,298,,,,
589,6,zurchpet@lemmy.ml,458,297,,,,
590,2,embit@feddit.de,459,295,,,,
591,1,Froot_lloop@lemmy.world,459,295,,,,
592,15,stebo02@lemmy.dbzer0.com,459,295,,,,
593,1,GAHZT@lemmy.world,460,294,,,,
594,1,Doremy@lemmy.world,460,294,,,,
595,20,18107@aussie.zone,461,293,,,,
596,1,alis@lemmy.world,462,292,,,,
597,1,miketocool@lemmy.world,462,292,,,,
598,1,kali_hero@lemmy.world,463,291,,,,
599,1,techie@lemmy.world,463,291,,,277,144
600,4,weew@lemm.ee,463,291,,,,
601,1,kamad@lemmy.world,463,291,,,,
602,1,bappity@lemmy.world,463,291,,,,
603,1,neonridex@lemmy.world,463,291,,,,
604,11,0xmrtt@toast.ooo,464,290,,,,
605,50,AGWallace@nano.garden,464,290,,,,
606,4,American_Jesus@lemm.ee,465,288,,,,
607,1,chunk@lemmy.world,465,288,,,,
608,2,Waluigi@feddit.de,466,287,,,,
609,8,tavarin@lemmy.ca,466,287,,,,
610,1,Fireplant@lemmy.world,467,286,,,,
611,6,mmagian@lemmy.ml,467,286,531,196,,
612,3,Ziggurat@sh.itjust.works,468,285,,,,
613,5,Gizmodeus@lemmy.blahaj.zone,469,284,,,,
614,1,ytrav@lemmy.world,469,284,,,,
615,4,StarMage27@lemm.ee,469,284,,,,
616,1,Lyrosel@lemmy.world,469,284,,,,
617,2,burrito82@feddit.de,470,283,,,,
618,1,MebHi@lemmy.world,471,282,,,,
619,1,Daudix@lemmy.world,471,282,,,,
620,1,bibliotectress@lemmy.world,472,281,,,,
621,1,ThetaDev@lemmy.world,472,281,,,,
622,1,Monologue@lemmy.world,473,276,,,,
623,3,klaymore@sh.itjust.works,474,275,677,32,,
624,6,tanker405th@lemmy.ml,474,275,,,,
625,8,mp3@lemmy.ca,474,275,673,36,,
626,22,SmirkSergal@pawb.social,475,272,,,,
627,27,lvl3_eroticism@lemmynsfw.com,475,272,,,,
628,14,ludw@beehaw.org,475,272,,,,
629,1,DutchPowerFuckAll@lemmy.world,475,272,,,,
630,1,freo3579@lemmy.world,476,271,,,,
631,1,sashimi@lemmy.world,476,271,,,,
632,22,dakerDraws@pawb.social,477,270,,,,
633,2,jo3rn@feddit.de,477,270,,,,
634,89,418@postit.quantentoast.de,477,270,,,,
635,1,enjoy_slurm@lemmy.world,478,269,,,,
636,8,Slayan@lemmy.ca,479,268,,,,
637,5,kala_telo@lemmy.blahaj.zone,479,268,441,323,,
638,1,lemmonadeguy@lemmy.world,480,266,,,,
639,1,GrantFive@lemmy.world,380,414,178,1000,,
640,1,Oxnvat@lemmy.world,481,265,,,,
641,23,samc@lemmy.nz,482,264,,,,
642,1,AdrianTheFrog@lemmy.world,482,264,352,488,119,777
643,1,ithilwen@lemmy.world,483,262,,,,
644,1,p9j823f@lemmy.world,484,261,,,,
645,120,DeepCockGalactic@pornlemmy.com,485,260,,,,
646,1,JudeH@lemmy.world,485,260,,,,
647,27,Hikyuri@lemmynsfw.com,485,260,,,,
648,33,SeeStars@midwest.social,486,259,,,,
649,1,kvothelu@lemmy.world,487,258,,,,
650,6,beta_tester@lemmy.ml,487,258,,,,
651,2,kat@feddit.de,488,257,,,,
652,294,johnnei@lemmy.johnnei.org,488,257,,,,
653,20,Nath@aussie.zone,489,256,499,237,,
654,44,hitagi@ani.social,490,255,,,,
655,1,duckington@lemmy.world,490,255,,,,
656,161,user68k@wired.bluemarch.art,491,254,,,,
657,5,starflower@lemmy.blahaj.zone,491,254,,,,
658,1,raposia@lemmy.world,492,253,,,,
659,4,dddw@lemm.ee,493,252,,,,
660,5,pickles@lemmy.blahaj.zone,493,252,,,,
661,1,Shizukan@lemmy.world,494,249,,,,
662,2,Xotor@feddit.de,495,248,,,,
663,1,lemmyrob23@lemmy.world,496,246,,,,
664,1,LeftRedditOnJul1@lemmy.world,496,246,,,,
665,16,deras@sopuli.xyz,497,245,707,2,,
666,42,Sal@mander.xyz,497,245,,,,
667,2,Zeku@feddit.de,498,244,,,,
668,5,Seroel@lemmy.blahaj.zone,498,244,,,,
669,1,Rukmer@lemmy.world,499,243,,,,
670,6,Dreyns@lemmy.ml,500,242,,,,
671,1,ImTiagoSousa@lemmy.world,500,242,,,,
672,1,drunnells@lemmy.world,500,242,,,,
673,1,mauzg0d@lemmy.world,500,242,,,,
674,1,gtaEPIC@lemmy.world,501,241,,,,
675,13,Demigodrick@lemmy.zip,501,241,704,5,,
676,4,atake@lemm.ee,501,241,,,,
677,4,Jayvmou@lemm.ee,501,241,,,,
678,5,Vivhai@lemmy.blahaj.zone,502,240,,,,
679,13,dabster291@lemmy.zip,503,238,565,155,191,411
680,1,20wontons@lemmy.world,503,238,,,,
681,2,Aras@feddit.de,503,238,538,187,,
682,2,Kokaut@feddit.de,503,238,,,,
683,1,L5s@lemmy.world,504,237,,,,
684,4,Chloyster@lemm.ee,505,235,,,,
685,1,Ritsu4Life@lemmy.world,505,235,708,1,,
686,1,IPimpMickeyMouse@lemmy.world,505,235,,,,
687,1,ClamDrinker@lemmy.world,505,235,,,175,465
688,1,Coaster@lemmy.world,506,234,,,,
689,1,L4s@lemmy.world,506,234,,,,
690,10,Jax@programming.dev,506,234,,,,
691,290,Rainbow@lemmy.myserv.one,507,232,,,,
692,1,ChadThunderCock@lemmy.world,507,232,,,,
693,8,nevergonnagive@lemmy.ca,507,232,,,,
694,59,portside@monyet.cc,507,232,,,,
695,12,Kleysley@discuss.tchncs.de,507,232,,,,
696,5,Xelnoc@lemmy.blahaj.zone,508,231,,,,
697,4,warehouse@lemm.ee,508,231,,,,
698,5,massivepixler@lemmy.blahaj.zone,509,230,,,,
699,1,l6s@lemmy.world,509,230,,,,
700,16,purplepudding@sopuli.xyz,510,228,,,,
701,37,ThatOneBatTurd@lemmy.one,510,228,,,,
702,1,Blue_Spark@lemmy.world,511,227,,,,
703,1,Pixelsuppe@lemmy.world,511,227,,,,
704,46,ijeff@lemdro.id,512,226,,,,
705,1,Fisk400@lemmy.world,512,226,,,,
706,1,amplified@lemmy.world,512,226,,,,
707,1,cheesorist@lemmy.world,513,225,,,,
708,27,beezlebug@lemmynsfw.com,513,225,,,,
709,1,Nicu@lemmy.world,513,225,,,,
710,1,oihd@lemmy.world,514,224,,,,
711,1,Darxium@lemmy.world,514,224,,,,
712,70,admin@kerala.party,514,224,,,,
713,1,bolleeer@lemmy.world,515,223,,,,
714,318,vint@l.antiope.link,516,221,,,,
715,12,bolleeer@discuss.tchncs.de,516,221,,,,
716,5,Ery@lemmy.blahaj.zone,516,221,,,,
717,1,Parad1se@lemmy.world,517,220,,,,
718,3,ecbG6@sh.itjust.works,517,220,,,,
719,5,Nuage@lemmy.blahaj.zone,517,220,560,160,,
720,5,akariii@lemmy.blahaj.zone,518,217,,,,
721,3,Cinderbutt@sh.itjust.works,518,217,,,,
722,1,GothicLlama@lemmy.world,518,217,,,,
723,1,Pancito@lemmy.world,518,217,628,83,,
724,3,Dindonmasker@sh.itjust.works,519,216,,,,
725,1,Tasio@lemmy.world,519,216,,,,
726,13,jawdetective@lemmy.zip,520,215,,,,
727,8,0xmrtt@lemmy.ca,521,214,,,,
728,104,painterr34@lemmy.federated.club,521,214,,,,
729,1,Xmaximus10@lemmy.world,522,213,,,,
730,3,MurphysPaw@sh.itjust.works,522,213,,,,
731,1,UhBell@lemmy.world,523,212,,,,
732,1,ANameOnTheInternet@lemmy.world,524,210,,,,
733,1,Derpy@lemmy.world,524,210,,,,
734,1,Kaliber50Kuchen@lemmy.world,524,210,,,,
736,50,terminator@nano.garden,524,210,,,,
737,62,PonE@discuss.online,525,209,,,,
738,31,StrawberrySocial@infosec.pub,525,209,,,,
739,5,anton@lemmy.blahaj.zone,525,209,698,11,,
740,31,muix@infosec.pub,525,209,,,,
741,304,thomas@lemmy.douwes.co.uk,526,207,,,,
742,17,kaput@jlai.lu,526,207,,,,
743,5,Smorty@lemmy.blahaj.zone,527,206,479,270,,
744,62,Snuffleungus@discuss.online,528,204,,,,
745,3,Rez@sh.itjust.works,528,204,,,,
746,302,oleorun@lemmy.fan,528,204,,,,
747,6,Gingernate@lemmy.ml,528,204,,,,
748,4,ddd_w@lemm.ee,528,204,,,,
749,6,TheGuyTM3@lemmy.ml,528,204,40,2291,44,1965
750,8,axmo@lemmy.ca,529,203,,,,
751,1,flatrute@lemmy.world,529,203,,,,
752,2,Grosshirn@feddit.de,530,202,,,,
753,1,willowsdsrising@lemmy.world,531,201,,,,
754,1,pedrito@lemmy.world,531,201,,,,
755,1,bunbun@lemmy.world,531,201,,,,
756,2,Albert180@feddit.de,532,200,,,,
757,49,hanke@feddit.nu,532,200,,,,
758,1,Katzenfleischlasagne@lemmy.world,533,198,,,,
759,2,t0mmel@feddit.de,533,198,,,,
760,46,jeff@lemdro.id,534,196,,,,
761,1,rich8n@lemmy.world,534,196,,,,
762,342,nIi7WJVZwktT4Ze@fost.hu,535,194,,,,
763,1,FallingHorizontally@lemmy.world,536,193,,,,
764,1,Siegfried@lemmy.world,536,193,,,,
765,8,pulverizedcoccyx@lemmy.ca,536,193,,,,
766,1,tourist@lemmy.world,536,193,,,,
767,3,YodaDaCoda@sh.itjust.works,537,192,,,,
768,1,eggrror404@lemmy.world,537,192,,,,
769,2,Manfredolin@feddit.de,537,192,,,,
770,33,Bquintb@midwest.social,537,192,,,,
771,5,fakeCheese@lemmy.blahaj.zone,538,191,,,,
772,3,jballs@sh.itjust.works,538,191,,,,
773,1,BonfireOvDreams@lemmy.world,539,190,,,,
774,10,ssebastianoo@programming.dev,540,189,,,,
775,2,Micromot@feddit.de,540,189,,,,
776,27,daskibby@lemmynsfw.com,541,188,,,,
777,5,hungryphrog@lemmy.blahaj.zone,542,186,702,7,,
778,2,noobdoomguy8658@feddit.de,542,186,,,,
779,42,astronaut_sloth@mander.xyz,543,185,,,,
780,1,Putykat@lemmy.world,543,185,,,,
781,46,Curated_Android@lemdro.id,543,185,,,,
782,1,batmancer@lemmy.world,543,185,,,,
783,1,Haneul@lemmy.world,543,185,,,,
784,1,dephyre@lemmy.world,544,184,,,,
785,1,Vanshaj@lemmy.world,544,184,,,,
786,22,exec@pawb.social,545,183,,,,
787,14,Rez@beehaw.org,545,183,,,,
788,42,mookulator@mander.xyz,545,183,,,,
789,1,Deme@lemmy.world,546,182,,,,
790,3,enil5@sh.itjust.works,547,180,,,,
791,1,DustyNipples@lemmy.world,547,180,,,,
792,1,SpeedrunnerG55@lemmy.world,548,179,,,,
793,149,ptz@dubvee.org,548,179,452,307,,
794,10,roze_sha@programming.dev,548,179,,,,
795,6,lvxferre@lemmy.ml,549,178,,,,
796,1,Alenalda@lemmy.world,550,176,,,,
797,5,Protogen32@lemmy.blahaj.zone,551,175,,,,
798,22,match@pawb.social,551,175,688,21,,
799,26,adalesio@slrpnk.net,552,174,,,,
800,4,kenotron@lemm.ee,552,174,,,,
801,1,gintokisama@lemmy.world,553,173,,,,
802,5,wander@lemmy.blahaj.zone,553,173,,,,
803,63,Neshura@bookwormstory.social,554,172,690,19,,
804,1,CYCLR@lemmy.world,555,171,,,,
805,68,Generator@lemmy.pt,555,171,,,,
806,17,Teabow49@jlai.lu,555,171,705,4,,
807,11,Hash@toast.ooo,555,171,,,,
808,1,green_pyroxene@lemmy.world,556,170,,,,
809,8,yads@lemmy.ca,556,170,,,,
810,19,Buzztiger@feddit.nl,556,170,,,,
811,1,al4s@lemmy.world,556,170,,,,
812,2,PaleVulpo@feddit.de,556,170,,,,
813,2,Aceton05@feddit.de,557,169,,,,
814,11,Verwirrte_Verwirrung@toast.ooo,558,168,,,,
815,6,raubarno@lemmy.ml,558,168,,,,
816,8,NicoCharrua@lemmy.ca,559,167,,,,
817,17,Gotteme@jlai.lu,559,167,,,,
818,8,mars@lemmy.ca,559,167,,,,
819,12,Tntgamer12341@discuss.tchncs.de,560,166,,,,
820,1,TvanBuuren@lemmy.world,560,166,,,,
821,1,Nephets@lemmy.world,561,165,,,,
822,23,luthis@lemmy.nz,562,164,,,,
823,8,lemonadebunny@lemmy.ca,562,164,,,,
824,1,woelkchen@lemmy.world,562,164,708,1,,
825,17,hellottie@jlai.lu,563,163,,,,
826,1,olicvb@lemmy.world,565,161,,,,
827,3,greta@sh.itjust.works,566,160,,,,
828,1,reichtangle@lemmy.world,568,157,,,,
829,6,demystify@lemmy.ml,568,157,,,,
830,1,Dufurson@lemmy.world,568,157,,,,
831,296,pebble@lemmy.jigoku.us.to,568,157,,,,
832,50,test@nano.garden,568,157,,,,
833,2,ChaoticNeutralCzech@feddit.de,568,157,123,1347,,
834,1,intothemoose@lemmy.world,568,157,,,,
835,8,Mack@lemmy.ca,569,156,,,,
836,13,nave@lemmy.zip,569,156,,,,
837,45,nope@yiffit.net,569,156,,,,
838,1,neuralnerd@lemmy.world,570,155,,,,
839,1,henkie@lemmy.world,570,155,,,,
840,1,Phlogiston99@lemmy.world,570,155,,,,
841,8,esty@lemmy.ca,571,154,,,,
842,27,Simple_Bodybuilder82@lemmynsfw.com,571,154,,,,
843,1,lemmonade_man15@lemmy.world,572,153,,,,
844,5,cat_in_socks@lemmy.blahaj.zone,572,153,,,,
845,14,Iama_fish_ama@beehaw.org,572,153,,,,
846,44,anisphia@ani.social,573,152,,,,
847,14,beepnoise@beehaw.org,574,151,,,,
848,2,MilderRichter@feddit.de,574,151,,,,
849,1,raytch@lemmy.world,574,151,,,,
850,1,workisslow@lemmy.world,575,150,,,,
851,2,Triadager@feddit.de,575,150,699,10,,
852,10,miv403@programming.dev,576,149,,,,
853,10,gamma@programming.dev,577,148,669,40,,
854,30,dogboy@reddthat.com,577,148,,,,
855,20,mupAus@aussie.zone,577,148,,,,
856,5,Mikarific@lemmy.blahaj.zone,577,148,,,,
857,1,randomaccount43543@lemmy.world,577,148,499,237,,
858,1,demondude@lemmy.world,578,147,,,,
859,1,dbt@lemmy.world,578,147,,,,
860,4,Rin@lemm.ee,579,146,,,,
861,1,hmmmmlmao@lemmy.world,579,146,,,,
862,268,aevumdecessus@lm.bittervets.org,579,146,,,,
863,4,Wilshire@lemm.ee,580,145,,,,
864,1,Dazza@lemmy.world,580,145,,,,
865,1,OttoMaddox@lemmy.world,580,145,,,,
866,1,kaotic@lemmy.world,580,145,,,,
867,5,outofemailaliases@lemmy.blahaj.zone,580,145,,,,
868,6,Catsrules@lemmy.ml,581,144,,,,
869,1,Blackrox1411@lemmy.world,581,144,,,,
870,2,Paul_279@feddit.de,582,143,,,,
871,1,ImInLoveWithLife@lemmy.world,582,143,,,,
872,14,tinker@beehaw.org,582,143,,,,
873,2,Ciryamo@feddit.de,583,142,,,,
874,1,osoLian@lemmy.world,583,142,,,,
875,1,Bandu@lemmy.world,583,142,,,,
876,5,Shimozu@lemmy.blahaj.zone,583,142,,,,
877,1,alizard@lemmy.world,583,142,,,,
878,3,amSour@sh.itjust.works,584,140,,,,
879,1,eatham@lemmy.world,584,140,,,,
880,2,abcd@feddit.de,585,139,,,,
881,2,lostmypasswordanew@feddit.de,585,139,,,,
882,3,independantiste@sh.itjust.works,585,139,,,,
883,19,mushanga@feddit.nl,585,139,,,,
884,1,Sigurd@lemmy.world,585,139,,,,
885,5,Tyy@lemmy.blahaj.zone,585,139,,,,
886,2,JustBrian7872@feddit.de,585,139,,,,
887,4,massiveasseffect@lemm.ee,585,139,,,,
888,6,SimpleSyrup@lemmy.ml,586,137,,,,
889,1,ForeverAGnome@lemmy.world,586,137,,,,
890,8,CanadianCorhen@lemmy.ca,587,136,686,23,,
891,6,dragfyre@lemmy.ml,587,136,,,,
892,5,miryem@lemmy.blahaj.zone,587,136,,,,
893,10,alphapuggle@programming.dev,588,135,,,,
894,1,doublythumbs@lemmy.world,588,135,,,,
895,4,bigkix@lemm.ee,588,135,,,,
896,289,aranym@lemmy.name,589,134,,,,
897,2,h4wk3y3@feddit.de,590,133,,,,
898,100,deebster@lemmyrs.org,590,133,,,,
899,8,VectorGraphics@lemmy.ca,590,133,,,,
900,2,30p87@feddit.de,590,133,,,,
901,12,OrdinaryFantasy@discuss.tchncs.de,590,133,,,,
902,47,Nido@feddit.ch,591,132,,,,
903,1,Tierry@lemmy.world,591,132,,,,
904,4,Moonwalk@lemm.ee,592,131,,,,
905,1,cowcow@lemmy.world,592,131,,,,
906,5,binomialchicken@lemmy.blahaj.zone,592,131,,,,
907,1,razinc@lemmy.world,592,131,,,,
908,99,ace@lib.lgbt,593,130,,,,
909,6,Terr@lemmy.ml,593,130,,,,
910,2,Lyo@feddit.de,593,130,,,,
911,5,SharkEatingBreakfast@lemmy.blahaj.zone,594,129,,,,
912,22,TheThing@pawb.social,594,129,,,,
913,355,stanford@discuss.as200950.com,595,128,,,,
914,280,shino@lemmy.shinomoroll.net,595,128,,,,
915,27,YodaDaCoda@lemmynsfw.com,596,127,,,,
916,3,krosta@sh.itjust.works,596,127,,,,
917,1,Ski77en@lemmy.world,597,126,,,,
918,13,NeoZet@lemmy.zip,597,126,,,,
919,17,Picodon@jlai.lu,597,126,645,64,,
920,1,Azal@lemmy.world,597,126,,,,
921,1,ventusx@lemmy.world,598,125,,,,
922,4,jayv43@lemm.ee,598,125,,,,
923,6,Nath@lemmy.ml,598,125,567,153,,
924,1,decadentrebel@lemmy.world,598,125,,,,
925,1,IngeniousCrab@lemmy.world,598,125,,,,
926,1,Pinky135@lemmy.world,599,124,,,,
927,46,spez@lemdro.id,599,124,,,,
928,1,hubobes@lemmy.world,600,123,,,,
929,2,nx2@feddit.de,600,123,,,,
930,1,Sunkiller@lemmy.world,600,123,,,,
931,6,Autocrat@lemmy.ml,600,123,,,,
932,38,Brisolo32@lemmy.eco.br,601,122,,,,
933,1,bolt@lemmy.world,601,122,,,,
934,6,beezlebug@lemmy.ml,601,122,,,,
935,2,ijeff@feddit.de,601,122,,,,
936,3,gamma@sh.itjust.works,602,121,,,,
937,2,orangered@feddit.de,602,121,,,,
938,1,Temriel@lemmy.world,602,121,,,,
939,1,Wolfiexo@lemmy.world,603,120,,,,
940,1,mrlavallee@lemmy.world,603,120,,,,
941,3,FigMcLargehuge@sh.itjust.works,603,120,665,44,,
942,46,Android@lemdro.id,603,120,,,,
943,37,Death2lois@lemmy.one,604,119,,,,
944,8,ijeff@lemmy.ca,604,119,,,,
945,2,Cloudkettle@feddit.de,604,119,,,,
946,1,fruity@lemmy.world,604,119,,,,
947,14,dragfyre@beehaw.org,604,119,,,,
948,3,ijeff@sh.itjust.works,604,119,,,,
949,1,TeckFire@lemmy.world,605,118,,,,
950,4,ijeff@lemm.ee,605,118,,,,
951,236,nebulr@nebu.land,605,118,,,,
952,1,watersword@lemmy.world,605,118,,,,
953,1,SomeDudeOnLemmy@lemmy.world,605,118,,,,
954,1,SiKCLeR@lemmy.world,606,117,335,518,366,6
955,1,statue_smudge@lemmy.world,607,116,,,,
956,1,tippl@lemmy.world,607,116,,,,
957,1,haraldtoepfer@lemmy.world,607,116,,,,
958,12,Wistful@discuss.tchncs.de,607,116,708,1,,
959,2,Little8Lost@feddit.de,607,116,,,,
960,1,DevCuber@lemmy.world,608,115,,,,
961,8,Shadow@lemmy.ca,609,114,707,2,,
962,6,mFcGlNBcfr@lemmy.ml,609,114,,,,
963,2,cows_are_underrated@feddit.de,610,113,,,,
964,3,loppwn@sh.itjust.works,610,113,,,,
965,4,mzbean@lemm.ee,610,113,,,,
966,14,ijeff@beehaw.org,611,112,,,,
967,16,allywilson@sopuli.xyz,611,112,,,,
968,1,Rustybot@lemmy.world,611,112,,,,
969,1,jfcode@lemmy.world,612,111,,,,
970,1,littleshyfim@lemmy.world,612,111,,,,
971,1,nebula42@lemmy.world,612,111,,,,
972,2,JakobDev@feddit.de,612,111,,,,
973,3,dscratch@sh.itjust.works,612,111,,,,
974,3,felykiosa@sh.itjust.works,612,111,,,,
975,1,Dusktor@lemmy.world,612,111,,,,
976,1,Choparts@lemmy.world,612,111,,,,
977,4,LeTak@lemm.ee,613,110,,,,
978,1,retake@lemmy.world,614,109,,,,
979,4,haohao@lemm.ee,614,109,,,,
980,39,Johanno@lemmy.fmhy.net,614,109,,,,
981,12,adam@discuss.tchncs.de,615,108,,,,
982,1,EmArts101@lemmy.world,615,108,,,,
983,1,balance_sheet@lemmy.world,615,108,,,,
984,20,paradoxvoid@aussie.zone,616,107,,,,
985,12,pruwybn@discuss.tchncs.de,616,107,665,44,369,3
986,24,perennial@lemmy.sdf.org,616,107,,,,
987,2,SniperFred@feddit.de,616,107,,,,
988,35,Drifkialeon@feddit.it,616,107,,,,
989,1,Gimly@lemmy.world,617,106,,,,
990,179,galactix@thegarden.land,617,106,,,,
991,28,GreenGreatDragon@feddit.dk,618,105,,,,
992,1,arudesalad@lemmy.world,618,105,,,,
993,12,SporraticConversion@discuss.tchncs.de,618,105,,,,
994,1,noresih713@lemmy.world,618,105,,,,
995,4,shrugal@lemm.ee,618,105,,,,
996,6,rustyricotta@lemmy.ml,618,105,,,,
997,1,yogurtwrong@lemmy.world,618,105,,,,
998,2,FlyingOtter@feddit.de,619,104,,,,
999,4,thundercunt@lemm.ee,619,104,,,,
1000,1,xiyere298@lemmy.world,620,103,,,,
1001,16,PrivateNoob@sopuli.xyz,620,103,570,146,,
1002,16,Obi@sopuli.xyz,620,103,,,,
1003,5,spaduf@lemmy.blahaj.zone,620,103,,,,
1004,1,Hallainzil@lemmy.world,620,103,,,,
1005,6,Kaiki_Devil@lemmy.ml,620,103,,,,
1006,23,evanuggetpi@lemmy.nz,620,103,,,,
1007,1,gokaya6667@lemmy.world,621,102,,,,
1008,1,lazycouchpotato@lemmy.world,621,102,,,360,12
1009,23,bevan@lemmy.nz,621,102,,,,
1010,1,Grungeehamster@lemmy.world,622,101,,,,
1011,281,kerplink@lemmy.sedimentarymountains.com,622,101,,,,
1012,1,skabunkel@lemmy.world,622,101,,,,
1013,55,wiftoff93@lemmy.today,622,101,,,,
1014,1,jajeje3923@lemmy.world,623,100,,,,
1015,1,hyper@lemmy.world,623,100,,,,
1016,5,SorryforSmelling@lemmy.blahaj.zone,623,100,,,,
1017,6,Dromnom@lemmy.ml,624,99,,,,
1018,147,brokengood@endlesstalk.org,624,99,,,,
1019,6,pacogens@lemmy.ml,624,99,,,,
1020,24,medgremlin@lemmy.sdf.org,625,98,,,,
1021,16,similideano@sopuli.xyz,625,98,149,1133,,
1022,83,cilantro_is_good@waveform.social,625,98,,,,
1023,1,daudi@lemmy.world,625,98,,,,
1024,5,ady@lemmy.blahaj.zone,626,97,,,,
1025,2,fauli1221@feddit.de,626,97,,,,
1026,1,NeoTheFolf@lemmy.world,626,97,,,,
1027,5,sgtsilverlining@lemmy.blahaj.zone,626,97,,,,
1028,6,i_cant_sports@lemmy.ml,626,97,,,,
1029,6,airradda_@lemmy.ml,626,97,,,,
1030,24,mdwhite999@lemmy.sdf.org,627,96,674,35,,
1031,88,Xortarnation@pricefield.org,627,96,,,,
1032,134,whatsgoodwisconsin@lemmy.tf,627,96,,,,
1033,5,Rubix@lemmy.blahaj.zone,627,96,,,,
1034,6,artlin@lemmy.ml,627,96,,,,
1035,20,Mortymcfry@aussie.zone,627,96,,,,
1036,1,SkrillyD@lemmy.world,628,95,,,,
1037,50,nano@nano.garden,628,95,,,,
1038,362,ChaoticNeutralCzech@czech-lemmy.eu,628,95,,,,
1039,2,derFensterputzer@feddit.de,629,94,,,,
1040,4,SocialPhilosopher@lemm.ee,629,94,,,,
1041,31,Quik@infosec.pub,629,94,705,4,,
1042,88,MisterUrsus@pricefield.org,630,93,,,,
1043,14,TheRtRevKaiser@beehaw.org,630,93,,,,
1044,37,xradeon@lemmy.one,630,93,,,,
1045,2,kommerzbert@feddit.de,631,92,,,,
1046,49,Johannes@feddit.nu,631,92,,,248,207
1047,3,only0218@sh.itjust.works,631,92,,,,
1048,30,Redjard@reddthat.com,554,172,,,,
1049,39,Redjard@lemmy.fmhy.net,558,168,,,,
1050,2,rmean@feddit.de,632,90,,,,
1051,1,speculater@lemmy.world,632,90,,,,
1052,2,Darbot@feddit.de,633,89,,,,
1053,306,donnachaidh@lemmy.dcmrobertson.com,633,89,,,,
1054,1,blau1476@lemmy.world,633,89,,,,
1055,308,gamarus@lemmy.cat,633,89,,,,
1056,3,Redjard@sh.itjust.works,564,162,,,,
1057,24,zghva@lemmy.sdf.org,633,89,,,,
1058,1,HeckGazer@lemmy.world,634,88,,,,
1059,3,XioXis@sh.itjust.works,634,88,,,,
1060,31,Arthur@infosec.pub,634,88,,,,
1061,62,Redjard@discuss.online,561,165,,,,
1062,117,ty3r0x@social.dn42.us,635,87,,,,
1063,1,Jim_Greece@lemmy.world,635,87,,,,
1064,4,Redjard@lemm.ee,563,163,,,,
1065,1,Astrealix@lemmy.world,636,86,80,1723,20,2730
1066,38,invader_from_saturn@lemmy.eco.br,636,86,,,,
1067,4,abbadon420@lemm.ee,636,86,,,,
1068,1,hvc_fogey34@lemmy.world,636,86,,,,
1069,10,willycode@programming.dev,636,86,,,,
1070,1,AomoriRingo@lemmy.world,636,86,,,,
1071,46,Redjard@lemdro.id,567,159,,,,
1072,1,mr_alkaline_vegans@lemmy.world,637,85,,,,
1073,1,00_Evan@lemmy.world,637,85,,,,
1074,298,mhzawadi@lemmy.horwood.cloud,637,85,,,,
1075,3,Pixelsuppe@sh.itjust.works,637,85,,,,
1076,1,jarim60367@lemmy.world,638,84,,,,
1077,2,captainskipper@feddit.de,638,84,,,,
1078,1,Trippin@lemmy.world,638,84,,,,
1079,13,efwis@lemmy.zip,639,83,,,,
1080,4,JTStrikesBack@lemm.ee,639,83,,,,
1081,16,plactagonic@sopuli.xyz,639,83,612,100,,
1082,4,SlowDancer@lemm.ee,639,83,,,,
1083,49,LittleSpark@feddit.nu,639,83,,,,
1084,3,Prismey@sh.itjust.works,640,82,,,,
1085,2,flower3@feddit.de,640,82,,,,
1086,1,Nath@lemmy.world,640,82,508,224,,
1087,1,Tyaida@lemmy.world,640,82,,,,
1088,5,nak@lemmy.blahaj.zone,641,81,,,,
1089,8,sam@lemmy.ca,641,81,,,,
1090,4,megane_kun@lemm.ee,641,81,,,,
1091,1,HeyMacaroni@lemmy.world,641,81,,,,
1092,6,Faresh@lemmy.ml,642,80,,,,
1093,15,photonic_sorcerer@lemmy.dbzer0.com,642,80,,,,
1094,2,Johnathan_Snake@feddit.de,642,80,,,,
1095,1,cralder@lemmy.world,642,80,,,,
1096,3,Kaerell_@sh.itjust.works,642,80,,,,
1097,3,EdherJr@sh.itjust.works,642,80,,,,
1098,16,blujan@sopuli.xyz,642,80,,,,
1099,73,Daudix@geddit.social,643,79,,,,
1100,1,PM_CTD2@lemmy.world,643,79,,,,
1101,1,jocarnail@lemmy.world,643,79,,,,
1102,1,Sargteapot@lemmy.world,644,78,,,,
1103,2,Anonym271@feddit.de,644,78,,,,
1104,3,turboturtle@sh.itjust.works,644,78,,,,
1105,4,Oxandeath@lemm.ee,644,78,,,,
1106,1,BitSound@lemmy.world,644,78,538,187,,
1107,19,Freakazoid@feddit.nl,645,77,,,,
1108,16,Sibbo@sopuli.xyz,645,77,560,160,154,575
1109,1,Doctorspike@lemmy.world,645,77,,,,
1110,1,sag@lemmy.world,646,76,,,,
1111,1,habimij971@lemmy.world,646,76,,,,
1112,153,Dan@casavaga.com,646,76,,,,
1113,14,kodoku@beehaw.org,646,76,676,33,,
1114,100,0xmrtt@lemmyrs.org,647,75,,,,
1115,2,tschuuuls@feddit.de,647,75,,,,
1116,1,kurondie@lemmy.world,647,75,,,,
1117,6,eye@lemmy.ml,647,75,,,,
1118,6,mic@lemmy.ml,647,75,,,,
1119,2,Ritschiratschi@feddit.de,647,75,,,,
1120,2,inductor@feddit.de,647,75,680,29,,
1121,5,r00bot@lemmy.blahaj.zone,647,75,,,,
1122,45,hreflex@yiffit.net,647,75,,,,
1123,1,dadam@lemmy.world,648,74,,,,
1124,2,flatworm0084@feddit.de,648,74,,,,
1125,13,Thoxy@lemmy.zip,648,74,,,,
1126,49,johandea@feddit.nu,649,73,615,96,,
1127,1,KenDoStudios@lemmy.world,649,73,,,,
1128,14,JillyB@beehaw.org,649,73,,,,
1129,3,Compn12@sh.itjust.works,649,73,,,,
1130,1,SigneowTheCat@lemmy.world,649,73,,,,
1131,3,threelonmusketeers@sh.itjust.works,649,73,159,1093,16,2905
1132,3,mregorkaul@sh.itjust.works,650,72,,,,
1133,20,calhoon2005@aussie.zone,650,72,,,,
1134,10,SteveTech@programming.dev,651,71,,,,
1135,1,Danterious@lemmy.world,651,71,,,,
1136,5,flamingmongoose@lemmy.blahaj.zone,652,70,,,,
1137,1,Dashi52@lemmy.world,652,70,,,,
1138,307,VeryEpicPotato@lemmy.comfysnug.space,652,70,,,,
1139,1,confluence@lemmy.world,652,70,,,,
1140,5,CatLikeLemming@lemmy.blahaj.zone,653,69,,,,
1141,27,DowntownQuality@lemmynsfw.com,653,69,,,,
1142,2,darukhnarn@feddit.de,653,69,,,,
1143,1,RayNheartZ@lemmy.world,653,69,,,,
1144,305,dormedas@lemmy.dormedas.com,653,69,,,,
1145,1,sotis@lemmy.world,654,68,,,,
1146,8,codebam@lemmy.ca,654,68,,,,
1147,34,osrsneedsf2p@lemmygrad.ml,654,68,,,,
1148,1,AnimalsR4Eating@lemmy.world,654,68,,,,
1149,12,Jomosoto@discuss.tchncs.de,655,67,471,281,,
1150,5,Lileath@lemmy.blahaj.zone,655,67,,,,
1151,8,SnootypantsEh@lemmy.ca,655,67,,,,
1152,5,dadam@lemmy.blahaj.zone,655,67,,,,
1153,1,deras@lemmy.world,655,67,,,,
1154,1,quarlow@lemmy.world,656,66,,,,
1155,1,emenac@lemmy.world,656,66,,,,
1156,2,Ananas77@feddit.de,656,66,,,,
1157,1,skelper@lemmy.world,656,66,,,,
1158,2,freeman@feddit.de,657,65,,,,
1159,11,Trustacean@toast.ooo,657,65,,,,
1160,19,PhiliPdB@feddit.nl,657,65,,,,
1161,5,StarShocked@lemmy.blahaj.zone,657,65,,,,
1162,4,fouc@lemm.ee,657,65,,,,
1163,1,Username02@lemmy.world,658,64,,,,
1164,1,aetrix@lemmy.world,659,63,,,,
1165,19,NeilZar@feddit.nl,659,63,,,,
1166,63,thewitchofcalamari@bookwormstory.social,659,63,,,,
1167,1,Jmr@lemmy.world,660,62,,,,
1168,1,ademos@lemmy.world,660,62,,,,
1169,1,hackitfast@lemmy.world,660,62,,,,
1170,1,amansman@lemmy.world,660,62,,,,
1171,30,RandomRobot@reddthat.com,660,62,,,,
1172,14,f5xs_bhw0a@beehaw.org,660,62,,,,
1173,10,bsdguy0@programming.dev,660,62,,,,
1174,1,anothercat434@lemmy.world,660,62,,,,
1175,1,Nugget359@lemmy.world,661,61,,,,
1176,1,FairyZombie@lemmy.world,661,61,329,533,79,1295
1177,1,ehsan301@lemmy.world,661,61,,,,
1178,8,jjagaimo@lemmy.ca,661,61,635,76,,
1179,1,the_yaya@lemmy.world,662,60,,,,
1180,5,0x4576616e@lemmy.blahaj.zone,662,60,,,,
1181,80,ArcticAmphibian@lemmus.org,662,60,,,,
1182,1,Chill_ninja@lemmy.world,662,60,,,,
1183,2,der_die_und_in_den@feddit.de,662,60,,,,
1184,2,theoretiker@feddit.de,662,60,,,,
1185,1,reisen@lemmy.world,663,59,,,,
1186,80,0xmrtt@lemmus.org,663,59,,,,
1187,1,awyzza@lemmy.world,663,59,,,,
1188,37,Trex202@lemmy.one,663,59,,,,
1189,4,alekks09@lemm.ee,663,59,,,,
1190,1,Taku@lemmy.world,663,59,,,,
1191,14,not_a_king@beehaw.org,663,59,,,,
1192,1,botorfj@lemmy.world,663,59,,,,
1193,37,Y2K38@lemmy.one,664,58,686,23,,
1194,2,Anonymoose@feddit.de,664,58,,,,
1195,12,theamazing0@discuss.tchncs.de,664,58,,,,
1196,1,shrugal@lemmy.world,665,57,,,,
1197,30,IYeetKids@reddthat.com,665,57,,,,
1198,33,pelotron@midwest.social,665,57,,,,
1199,5,vinceman@lemmy.blahaj.zone,665,57,,,,
1200,5,HappyFrog@lemmy.blahaj.zone,665,57,,,,
1201,2,quantenzitrone@feddit.de,665,57,,,,
1202,2,lauthals@feddit.de,666,56,,,,
1203,1,qwarta_l@lemmy.world,666,56,,,,
1204,1,ssalovaa@lemmy.world,666,56,,,,
1205,1,SpecGeo@lemmy.world,666,56,,,,
1206,55,tubiq@lemmy.today,666,56,,,,
1207,1,snax420@lemmy.world,666,56,,,,
1208,39,dekatron@lemmy.fmhy.net,667,55,,,,
1209,5,aranea@lemmy.blahaj.zone,667,55,,,,
1210,1,AtHeartEngineer@lemmy.world,667,55,,,,
1211,350,moonleay@etaorion.org,667,55,,,,
1212,367,Dyggvi@compuverse.uk,667,55,,,,
1213,1,erranto@lemmy.world,668,54,,,,
1214,1,bz2486@lemmy.world,668,54,,,,
1215,30,monsterpiece42@reddthat.com,668,54,,,,
1216,1,TheSpookiestUser@lemmy.world,668,54,,,,
1217,55,pupa@lemmy.today,668,54,,,,
1218,1,MelodicBeam@lemmy.world,668,54,,,,
1219,1,tippamytongue@lemmy.world,668,54,,,,
1220,1,Bludd3@lemmy.world,669,53,,,,
1221,5,dire_rhea@lemmy.blahaj.zone,669,53,,,,
1222,2,Rhabuko@feddit.de,669,53,,,,
1223,13,Lost@lemmy.zip,670,52,,,,
1224,1,Rezback@lemmy.world,670,52,,,,
1225,10,ruffsl@programming.dev,670,52,,,,
1226,1,slyme@lemmy.world,670,52,,,,
1227,24,sqw@lemmy.sdf.org,670,52,,,,
1228,1,HomerAtTheBat@lemmy.world,671,51,,,,
1229,4,refugee_pirate@lemm.ee,671,51,,,,
1230,6,toastedenough@lemmy.ml,671,51,,,,
1231,2,endomorph@feddit.de,671,51,,,,
1232,5,AnxiousDuck@lemmy.blahaj.zone,672,50,,,,
1233,1,IAmAPeach@lemmy.world,673,49,,,,
1234,14,Ericskiff@beehaw.org,673,49,,,,
1235,5,Kastelt@lemmy.blahaj.zone,673,49,,,,
1236,282,quat@lemmy.sdfeu.org,673,49,,,,
1237,1,Latuga17@lemmy.world,674,48,,,,
1238,11,lokiposter@toast.ooo,674,48,,,,
1239,1,GRRRRR@lemmy.world,674,48,,,,
1240,5,puchaczyk@lemmy.blahaj.zone,674,48,702,7,,
1241,1,prumbles@lemmy.world,674,48,,,,
1242,10,RandomVideos@programming.dev,675,47,606,107,,
1243,2,rasensprenger@feddit.de,675,47,702,7,,
1244,1,MetaDoggo@lemmy.world,675,47,,,,
1245,30,theffabot@reddthat.com,675,47,,,,
1246,11,SlyFox@toast.ooo,676,46,,,,
1247,3,girsaysdoom@sh.itjust.works,676,46,,,,
1248,59,Benot@monyet.cc,676,46,,,,
1249,1,CandyMeow@lemmy.world,676,46,,,,
1250,2,YetiHafen@feddit.de,677,45,,,,
1251,20,Narc082@aussie.zone,677,45,,,,
1252,84,ClassyAmoeba@ttrpg.network,677,45,,,,
1253,12,Zard@discuss.tchncs.de,677,45,,,,
1254,1,syrelash@lemmy.world,678,44,,,,
1255,10,CameronDev@programming.dev,678,44,,,345,28
1256,6,henrywong327@lemmy.ml,678,44,,,,
1257,22,Stumblinbear@pawb.social,678,44,,,,
1258,27,lanadelgay@lemmynsfw.com,678,44,,,,
1259,1,laser@lemmy.world,678,44,,,,
1260,321,jeena@jemmy.jeena.net,678,44,,,,
1261,1,Theognephie@lemmy.world,678,44,,,,
1262,2,Yondan@feddit.de,678,44,,,,
1263,2,DaveDavesen@feddit.de,679,43,,,,
1264,20,w2qw@aussie.zone,679,43,,,,
1265,1,Staz@lemmy.world,679,43,,,,
1266,5,h3wastooshort@lemmy.blahaj.zone,679,43,,,,
1267,2,BurningCat@feddit.de,680,42,,,,
1268,2,hstde@feddit.de,680,42,,,,
1269,13,corvus@lemmy.zip,680,42,,,,
1270,1,zaine00@lemmy.world,681,41,,,,
1271,1,BeAware@lemmy.world,681,41,,,,
1272,26,pizzaiolo@slrpnk.net,681,41,,,,
1273,1,urzu_se7en@lemmy.world,681,41,,,,
1274,8,greg@lemmy.ca,681,41,,,,
1275,39,GasMaskedLunatic@lemmy.fmhy.net,681,41,,,,
1276,5,qwrox@lemmy.blahaj.zone,681,41,,,,
1277,1,DMNC1998@lemmy.world,682,40,,,,
1278,1,danpcz@lemmy.world,682,40,,,,
1279,34,AlbigensianGhoul@lemmygrad.ml,682,40,697,12,,
1280,1,reelay@lemmy.world,682,40,,,,
1281,2,Mixel@feddit.de,682,40,,,,
1282,2,Boeschmann@feddit.de,683,39,,,,
1283,1,hikarulsi@lemmy.world,683,39,,,,
1284,228,russjr08@outpost.zeuslink.net,683,39,,,,
1285,2,phillipo6@feddit.de,683,39,,,,
1286,1,suodrazah@lemmy.world,683,39,,,,
1287,8,LesMotsBalaises@lemmy.ca,683,39,,,,
1288,27,flute@lemmynsfw.com,683,39,,,,
1289,1,cyde@lemmy.world,684,38,,,,
1290,1,Periwinkledot@lemmy.world,684,38,,,,
1291,1,SeeStars@lemmy.world,684,38,,,,
1292,1,auro@lemmy.world,684,38,,,,
1293,1,Pnda@lemmy.world,684,38,,,,
1294,14,dadam@beehaw.org,684,38,,,,
1295,47,_Frog@feddit.ch,684,38,,,,
1296,38,GigaWerts@lemmy.eco.br,684,38,,,,
1297,86,magmaus3@szmer.info,684,38,,,,
1298,3,patryk3211@sh.itjust.works,684,38,707,2,,
1299,1,mesamunefire@lemmy.world,685,37,688,21,,
1300,13,Sarmale@lemmy.zip,685,37,685,24,,
1301,1,mvirts@lemmy.world,685,37,708,1,,
1302,285,J_C___@lemmy.place,685,37,,,,
1303,11,JackLotus@toast.ooo,685,37,,,,
1304,10,biosfood@programming.dev,685,37,,,,
1305,1,necrxfagivs@lemmy.world,685,37,,,,
1306,12,omma@discuss.tchncs.de,686,36,,,,
1308,3,5redie8@sh.itjust.works,686,36,,,,
1309,1,peanut_boy@lemmy.world,686,36,,,,
1310,1,Pietrasagh@lemmy.world,686,36,,,,
1311,2,wienerschnitzel@feddit.de,686,36,,,,
1312,5,RoseTwiddler@lemmy.blahaj.zone,686,36,,,,
1313,8,House5@lemmy.ca,687,35,,,,
1314,6,_danny@lemmy.ml,687,35,,,,
1315,1,Leftings@lemmy.world,687,35,,,,
1316,19,prince_equis_49@feddit.nl,687,35,,,,
1317,30,Yendor@reddthat.com,688,34,,,,
1318,1,257m@lemmy.world,688,34,,,,
1319,1,Feathercrown@lemmy.world,688,34,,,,
1320,1,Yonrak@lemmy.world,688,34,,,,
1321,215,floppy@rabbitea.rs,688,34,,,,
1322,4,randint@lemm.ee,688,34,,,,
1323,3,Iliketoast@sh.itjust.works,688,34,,,,
1324,5,maxy@lemmy.blahaj.zone,689,33,587,129,,
1325,11,jellyworm@toast.ooo,689,33,,,,
1326,6,depreciated_cost@lemmy.ml,689,33,670,39,,
1327,1,indomara@lemmy.world,689,33,,,,
1328,1,SkidFace@lemmy.world,690,32,,,,
1329,3,danifold@sh.itjust.works,690,32,,,,
1330,1,ijeff@lemmy.world,690,32,,,,
1331,1,Dinosara@lemmy.world,690,32,,,,
1332,2,herbinator@feddit.de,690,32,,,,
1333,10,2014mu69@programming.dev,690,32,,,,
1334,33,Thedogspaw@midwest.social,690,32,,,,
1335,13,ShovelLiz@lemmy.zip,690,32,,,,
1336,4,fer0n@lemm.ee,690,32,,,,
1337,8,Gaudi@lemmy.ca,691,31,,,,
1338,11,StormDasher@toast.ooo,691,31,,,,
1339,19,sepiroth154@feddit.nl,691,31,,,,
1340,84,there1snospoon@ttrpg.network,691,31,,,,
1341,1,catsunrisesaltcarrot@lemmy.world,691,31,,,,
1342,3,atewithouttable@sh.itjust.works,691,31,,,,
1343,1,astrarenae@lemmy.world,692,30,,,,
1344,1,marsokod@lemmy.world,692,30,,,,
1345,1,TroubledVegan@lemmy.world,692,30,,,,
1346,1,SirXer6xes@lemmy.world,692,30,,,,
1347,6,Majora@lemmy.ml,692,30,,,,
1348,1,Dlofoshow@lemmy.world,692,30,,,,
1349,2,BurritoBooster@feddit.de,692,30,,,,
1350,1,Vector@lemmy.world,693,29,,,264,164
1351,1,Hydro@lemmy.world,693,29,,,,
1352,38,macacoprego@lemmy.eco.br,693,29,,,,
1353,2,monsdar@feddit.de,693,29,,,,
1354,1,Sterile_Technique@lemmy.world,693,29,684,25,,
1355,276,CoffeeDev@lemmy.studio,693,29,,,,
1356,17,wiltur@jlai.lu,694,28,,,,
1357,5,Anahkiasen@lemmy.blahaj.zone,694,28,,,370,2
1358,2,Cacktus@feddit.de,694,28,,,,
1359,1,pixl_xip@lemmy.world,694,28,,,,
1360,6,ymalki@lemmy.ml,694,28,,,,
1361,11,Cr0ssley@toast.ooo,694,28,,,,
1362,1,hydrox@lemmy.world,695,27,,,,
1363,35,rufusloacker@feddit.it,695,27,,,,
1364,2,hotdoge42@feddit.de,695,27,,,,
1365,28,SorteKanin@feddit.dk,695,27,708,1,,
1366,2,u202307011927@feddit.de,695,27,,,,
1367,13,bestonecrazy@lemmy.zip,695,27,,,,
1368,1,Subnuggurat@lemmy.world,695,27,,,,
1369,44,SplopoDop@ani.social,695,27,,,,
1370,1,iguanajuice@lemmy.world,695,27,,,,
1371,4,conditional_soup@lemm.ee,695,27,503,230,,
1372,3,Fishy@sh.itjust.works,695,27,,,,
1373,8,Bleach7297@lemmy.ca,695,27,,,,
1374,30,Vatorrr@reddthat.com,695,27,,,,
1375,2,Zulasas@feddit.de,695,27,,,,
1376,6,XPost3000@lemmy.ml,695,27,,,,
1377,1,fredofox@lemmy.world,696,26,,,,
1378,1,Kiyya@lemmy.world,696,26,,,,
1379,4,MoonlitKnight@lemm.ee,696,26,,,,
1380,2,BanthaFood@feddit.de,696,26,,,,
1381,2,BigBorner@feddit.de,696,26,,,,
1382,83,goosehorse@waveform.social,696,26,,,,
1383,5,alisu@lemmy.blahaj.zone,696,26,,,,
1384,1,weeoooweeooo@lemmy.world,697,25,,,,
1385,1,Seth95@lemmy.world,697,25,,,,
1386,19,Akasazh@feddit.nl,697,25,,,,
1387,10,sleeping@programming.dev,697,25,,,,
1388,10,emma@programming.dev,697,25,,,,
1389,17,citron@jlai.lu,697,25,,,,
1390,10,schneemensch@programming.dev,697,25,,,,
1391,13,President@lemmy.zip,697,25,,,,
1392,1,base@lemmy.world,697,25,,,,
1393,1,mostvexingparse@lemmy.world,697,25,,,,
1394,2,laghum@feddit.de,697,25,,,,
1395,1,Supercool22323@lemmy.world,697,25,,,,
1396,16,nailbar@sopuli.xyz,698,24,,,,
1397,4,bram@lemm.ee,698,24,,,,
1398,124,emuspawn@orbiting.observer,698,24,517,214,,
1399,1,slowturtle@lemmy.world,698,24,,,,
1400,14,silva@beehaw.org,698,24,,,,
1401,1,catshit_dogfart@lemmy.world,698,24,,,,
1402,1,Floufym@lemmy.world,698,24,,,,
1403,1,echinop@lemmy.world,698,24,,,,
1404,1,chapper2@lemmy.world,698,24,,,,
1405,4,Terevos@lemm.ee,698,24,,,,
1406,5,Seliaste@lemmy.blahaj.zone,698,24,,,,
1407,1,Yn37@lemmy.world,699,23,,,,
1408,1,Mcsudds_@lemmy.world,699,23,,,,
1409,264,ElBarto@lzrprt.sbs,699,23,,,,
1410,20,AMAMazing@aussie.zone,699,23,,,,
1411,1,lesserprophet@lemmy.world,699,23,,,,
1412,3,hatchet@sh.itjust.works,699,23,,,,
1413,27,verysaxy@lemmynsfw.com,699,23,,,,
1414,39,silverdiamond@lemmy.fmhy.net,699,23,,,,
1415,20,Vendofridge@aussie.zone,700,22,,,,
1416,1,Zulasas@lemmy.world,700,22,,,,
1417,104,Noah@lemmy.federated.club,700,22,,,,
1418,14,CatotheCat@beehaw.org,700,22,,,,
1419,1,JUSTaDUDE177013@lemmy.world,700,22,,,,
1420,2,LittleWizard@feddit.de,700,22,,,,
1421,13,Maciek@lemmy.zip,700,22,611,101,,
1422,4,narc0tic_bird@lemm.ee,700,22,,,,
1423,2,TomatoCake@feddit.de,700,22,,,,
1424,1,ChaosEnjoyer@lemmy.world,700,22,,,,
1425,1,xbhaktapur@lemmy.world,700,22,,,,
1426,13,HeavyRaptor@lemmy.zip,700,22,,,,
1427,1,Kobrakent@lemmy.world,700,22,,,,
1428,4,Pistacchio2211@lemm.ee,701,21,,,,
1429,6,semi@lemmy.ml,701,21,,,,
1430,4,k0mprssd@lemm.ee,701,21,,,,
1431,1,Steeve9@lemmy.world,701,21,,,,
1432,73,retoor@geddit.social,701,21,,,,
1433,1,Kelo@lemmy.world,701,21,25,2581,70,1359
1435,6,s8m1t@lemmy.ml,701,21,,,,
1436,2,lemmyrob23@feddit.de,701,21,,,,
1437,42,16mmPrecisely@mander.xyz,701,21,,,,
1438,4,andres_os@lemm.ee,701,21,,,,
1439,1,azu@lemmy.world,701,21,,,,
1440,1,TheFrictionConstant@lemmy.world,701,21,,,,
1441,1,skipgang@lemmy.world,702,20,,,,
1442,1,rising_tony@lemmy.world,702,20,,,,
1443,2,WolfhunterGer@feddit.de,702,20,,,,
1444,3,vulnerability@sh.itjust.works,702,20,,,,
1445,27,Nata@lemmynsfw.com,702,20,,,,
1446,1,jws_shadotak@lemmy.world,702,20,,,,
1447,14,smoochypit@beehaw.org,702,20,,,,
1448,59,whynotnat@monyet.cc,702,20,,,,
1449,10,popcar2@programming.dev,702,20,,,,
1450,1,herrwoland@lemmy.world,702,20,,,,
1451,3,Lucidlethargy@sh.itjust.works,702,20,,,,
1452,1,DSAlKota@lemmy.world,702,20,,,,
1453,1,LenEnjoyer@lemmy.world,702,20,,,,
1454,1,bavragor@lemmy.world,703,19,,,,
1455,15,GlitchyDigiBun@lemmy.dbzer0.com,703,19,,,,
1456,3,theoware@sh.itjust.works,703,19,,,,
1457,1,mlp888@lemmy.world,703,19,,,,
1458,6,gnugeorgelewis@lemmy.ml,703,19,,,,
1459,35,fran@feddit.it,703,19,,,,
1460,1,ST5000@lemmy.world,704,18,,,,
1461,1,Mookulator@lemmy.world,704,18,,,,
1462,2,Peter_Arbeitslos@feddit.de,704,18,,,,
1463,5,PaigePalisade@lemmy.blahaj.zone,704,18,,,,
1464,4,karth_vader@lemm.ee,704,18,,,,
1465,5,femboycuddles@lemmy.blahaj.zone,704,18,695,14,,
1466,1,Mephir0@lemmy.world,704,18,673,36,,
1467,10,oessessnex@programming.dev,704,18,,,,
1468,2,Bademantel@feddit.de,704,18,,,,
1469,88,skymtf@pricefield.org,704,18,,,,
1470,3,neutrinophage@sh.itjust.works,704,18,,,,
1471,1,OmniProto@lemmy.world,704,18,,,,
1472,33,xpsking@midwest.social,705,17,,,,
1473,12,ehsan301@discuss.tchncs.de,705,17,,,,
1474,3,mlsus@sh.itjust.works,705,17,,,,
1475,1,Mowcherie@lemmy.world,705,17,,,,
1476,1,zeroxhunter@lemmy.world,705,17,,,,
1477,1,moorey@lemmy.world,705,17,,,,
1478,1,anosym@lemmy.world,705,17,,,,
1479,1,TechLich@lemmy.world,705,17,,,,
1480,15,idge@lemmy.dbzer0.com,705,17,,,,
1481,2,butiloveu@feddit.de,705,17,,,,
1482,3,AlphaWizard@sh.itjust.works,705,17,,,,
1483,2,TerraArk@feddit.de,705,17,,,,
1484,1,Darkness4@lemmy.world,705,17,,,,
1485,3,CareHare@sh.itjust.works,706,16,,,,
1486,1,CaptainBlagbird@lemmy.world,706,16,606,107,,
1487,6,MrOzwaldMan@lemmy.ml,706,16,,,,
1488,20,Bluebanrigh@aussie.zone,706,16,,,,
1489,1,CurtisIAmCorn@lemmy.world,706,16,,,,
1490,1,redeyeflightcontrol@lemmy.world,706,16,,,,
1491,2,MaKraMc@feddit.de,706,16,,,,
1492,2,ArcticLynx@feddit.de,706,16,,,,
1493,1,Ashesinlalaland@lemmy.world,706,16,,,,
1494,13,GhostOfElectricity@lemmy.zip,706,16,,,,
1495,2,attero@feddit.de,706,16,,,,
1496,2,masterX244@feddit.de,706,16,,,,
1497,1,blurryken@lemmy.world,706,16,,,,
1498,4,Lobo6780@lemm.ee,706,16,,,,
1499,16,JimboJr@sopuli.xyz,706,16,,,,
1500,1,Brainschaden@lemmy.world,706,16,,,,
1501,47,ajyflt@feddit.ch,707,15,,,,
1502,4,billgates@lemm.ee,707,15,,,,
1503,6,Street_E@lemmy.ml,707,15,,,,
1504,10,akisamb@programming.dev,707,15,,,,
1505,2,jannis@feddit.de,707,15,,,,
1506,12,tartas1995@discuss.tchncs.de,707,15,,,,
1507,1,ConfidentLonely@lemmy.world,707,15,,,,
1508,6,auro@lemmy.ml,707,15,,,,
1509,1,Lobohobo@lemmy.world,707,15,,,,
1510,2,emhl@feddit.de,707,15,,,,
1511,14,depersonable@beehaw.org,707,15,,,,
1512,19,vimzim@feddit.nl,707,15,,,,
1513,1,Yotagama@lemmy.world,707,15,,,,
1514,23,Fizz@lemmy.nz,707,15,706,3,104,950
1515,6,joanellex@lemmy.ml,708,14,,,,
1516,1,no_me_jodas@lemmy.world,708,14,,,,
1517,1,schademo@lemmy.world,708,14,,,,
1518,22,bignuts700@pawb.social,708,14,,,,
1519,6,kid4today@lemmy.ml,708,14,,,,
1520,35,huginn@feddit.it,708,14,,,,
1521,6,valkyrie@lemmy.ml,708,14,,,,
1522,1,Jlafs@lemmy.world,708,14,,,,
1523,16,Zelaf@sopuli.xyz,708,14,,,,
1524,26,BastingChemina@slrpnk.net,708,14,,,,
1525,4,un4@lemm.ee,708,14,,,,
1526,19,magical@feddit.nl,708,14,,,,
1527,1,chaosppe@lemmy.world,708,14,,,,
1528,1,Mahiro@lemmy.world,708,14,,,,
1529,17,Samouille@jlai.lu,708,14,,,,
1530,1,cottonmon@lemmy.world,708,14,,,,
1531,1,jas@lemmy.world,708,14,,,,
1532,5,anangrierterrarian@lemmy.blahaj.zone,708,14,,,,
1533,1,tugash@lemmy.world,708,14,,,,
1534,14,nfld0001@beehaw.org,708,14,,,,
1535,2,DarthManantee@feddit.de,708,14,,,,
1536,2,A2PKXG@feddit.de,708,14,,,,
1537,8,Skyhighatrist@lemmy.ca,708,14,674,35,,
1538,1,user1919@lemmy.world,709,13,,,,
1539,1,jenbat@lemmy.world,709,13,,,,
1540,12,Dfirebug@discuss.tchncs.de,709,13,691,18,,
1541,1,c3pwned@lemmy.world,709,13,,,,
1542,1,faceula@lemmy.world,709,13,,,369,3
1543,14,catcarlson@beehaw.org,709,13,,,,
1544,2,superkret@feddit.de,709,13,,,,
1545,6,nin0dev@lemmy.ml,709,13,,,,
1546,1,Thaurin@lemmy.world,709,13,,,,
1547,8,Crocrodile@lemmy.ca,709,13,,,,
1548,2,running_squirrel@feddit.de,709,13,,,,
1549,35,Reborn2966@feddit.it,709,13,,,,
1550,2,overfox@feddit.de,709,13,,,,
1551,4,ClemaX@lemm.ee,709,13,,,,
1552,2,Onion6068@feddit.de,709,13,,,,
1553,5,GloopBloop@lemmy.blahaj.zone,709,13,,,,
1554,4,Goodman@lemm.ee,710,12,,,,
1555,1,whoxtank28@lemmy.world,710,12,,,,
1556,31,TeamAssimilation@infosec.pub,710,12,,,,
1557,13,JohnnyLX91@lemmy.zip,710,12,,,,
1558,1,kadjiis@lemmy.world,710,12,,,,
1559,37,janAkali@lemmy.one,710,12,,,,
1560,1,polite_cat@lemmy.world,710,12,,,,
1561,19,Chaphasilor@feddit.nl,710,12,,,,
1562,114,susssu@thelemmy.club,710,12,,,,
1563,265,krdo@lmmy.net,710,12,,,,
1564,3,LudwigvanBeethoven@sh.itjust.works,710,12,,,,
1565,2,Txmyx@feddit.de,710,12,,,,
1566,8,RyanXero@lemmy.ca,710,12,,,,
1567,1,Maeric@lemmy.world,710,12,,,,
1568,1,NikkiDimes@lemmy.world,710,12,,,,
1569,1,Picodon@lemmy.world,710,12,,,,
1570,22,name_NULL111653@pawb.social,710,12,,,,
1571,1,walfron@lemmy.world,711,11,,,,
1572,2,Areexor@feddit.de,711,11,,,,
1573,1,IrishPotato@lemmy.world,711,11,,,,
1574,1,sojh@lemmy.world,711,11,,,,
1575,4,Nil@lemm.ee,711,11,,,,
1576,1,ObservingTrain@lemmy.world,711,11,,,,
1577,1,WhiskeyAndBackPain@lemmy.world,711,11,,,,
1578,349,jcm@feddit.jcm.re,711,11,,,,
1579,14,ChaoticNeutralCzech@beehaw.org,711,11,,,,
1580,1,Allqns@lemmy.world,711,11,,,,
1581,1,v7x@lemmy.world,711,11,,,,
1582,2,paurix@feddit.de,711,11,,,,
1583,6,Lukerator@lemmy.ml,711,11,,,,
1584,1,Rolcam@lemmy.world,711,11,,,,
1585,10,mckean@programming.dev,711,11,,,307,76
1586,1,semaj@lemmy.world,711,11,,,,
1587,3,burgersc12@sh.itjust.works,711,11,,,,
1588,1,themakara@lemmy.world,711,11,,,,
1589,3,JohnDClay@sh.itjust.works,711,11,38,2330,,
1590,1,Imhotep@lemmy.world,711,11,,,,
1591,5,Qwynt@lemmy.blahaj.zone,711,11,,,,
1592,12,ShadowDragon@discuss.tchncs.de,711,11,678,31,,
1593,1,Warmwhisky@lemmy.world,711,11,,,,
1594,1,Lemmywinks666@lemmy.world,711,11,,,,
1595,19,Blubton@feddit.nl,711,11,,,,
1596,8,mySFWaccount@lemmy.ca,712,10,,,,
1597,17,Interesting_Test_814@jlai.lu,712,10,,,,
1598,1,artillect@lemmy.world,712,10,,,,
1599,1,MowFord@lemmy.world,712,10,,,,
1600,6,Avin@lemmy.ml,712,10,,,,
1601,1,One01x@lemmy.world,712,10,,,,
1602,6,AK56xXx@lemmy.ml,712,10,,,,
1603,14,UrLogicFails@beehaw.org,712,10,,,,
1604,1,RuskPrick@lemmy.world,712,10,,,,
1605,14,brightwave@beehaw.org,712,10,,,,
1606,1,_pete_@lemmy.world,712,10,,,,
1607,1,snip@lemmy.world,712,10,,,,
1608,1,lackluster007@lemmy.world,712,10,,,,
1609,2,coretrax@feddit.de,712,10,,,,
1610,1,poiqzy@lemmy.world,712,10,,,,
1611,11,MKtC1@toast.ooo,712,10,,,,
1612,20,Zagorath@aussie.zone,712,10,,,,
1613,83,Binette@waveform.social,712,10,,,,
1614,1,Esjee@lemmy.world,712,10,,,,
1615,1,Zalzabar@lemmy.world,713,9,,,,
1616,5,stella@lemmy.blahaj.zone,713,9,,,,
1617,1,Dreadfighter23@lemmy.world,713,9,,,,
1618,2,grallo@feddit.de,713,9,,,,
1619,301,lenny@lemmy.federa.net,704,18,,,,
1620,2,bocian67@feddit.de,713,9,,,,
1621,37,Sentinian@lemmy.one,713,9,,,,
1622,19,Feable@feddit.nl,713,9,,,,
1623,30,Boogeyman4325@reddthat.com,713,9,,,,
1624,14,cduke23@beehaw.org,713,9,,,,
1625,2,GiM@feddit.de,713,9,,,,
1626,1,hbk@lemmy.world,713,9,,,,
1627,33,EntropicalVacation@midwest.social,713,9,,,,
1628,14,KoiKo514@beehaw.org,713,9,,,,
1629,5,Xtallll@lemmy.blahaj.zone,713,9,,,,
1630,2,CjP4rker@feddit.de,713,9,,,,
1631,4,pudel@lemm.ee,713,9,,,,
1632,2,zorgger@feddit.de,713,9,,,,
1633,1,Rhodin@lemmy.world,713,9,,,,
1634,6,musaoruc@lemmy.ml,713,9,,,,
1635,1,somedaysoon@lemmy.world,713,9,,,,
1636,12,ddenis@discuss.tchncs.de,713,9,,,,
1637,303,theamigan@lemmy.dynatron.me,713,9,,,,
1638,1,toiletmaster69@lemmy.world,713,9,,,,
1639,1,quazar@lemmy.world,713,9,,,,
1640,62,crazystuff@discuss.online,713,9,,,,
1641,16,Tope@sopuli.xyz,713,9,,,,
1642,4,varaki@lemm.ee,713,9,,,,
1643,28,farsinuce@feddit.dk,714,8,,,,
1644,1,tara@lemmy.world,714,8,,,,
1645,4,halbgebildeter@lemm.ee,714,8,,,,
1646,6,Transform2942@lemmy.ml,714,8,300,595,,
1647,2,horse@feddit.de,714,8,,,,
1648,4,rbits@lemm.ee,714,8,,,,
1649,22,KiranWells@pawb.social,714,8,,,,
1650,39,ryannathans@lemmy.fmhy.net,714,8,,,,
1651,6,cryoistalline@lemmy.ml,714,8,510,221,265,163
1652,69,Cake@lemmings.world,714,8,,,,
1653,84,StarshipBistromath@ttrpg.network,714,8,,,,
1654,1,Ilgatto@lemmy.world,714,8,,,,
1655,1,AresUII@lemmy.world,714,8,,,,
1656,5,Alloy@lemmy.blahaj.zone,714,8,,,,
1657,17,ox0r@jlai.lu,714,8,,,,
1658,5,DingDongDitch@lemmy.blahaj.zone,714,8,,,,
1659,1,Branzananza@lemmy.world,714,8,,,,
1660,1,moosetwin@lemmy.world,714,8,,,,
1661,26,calebcharles@slrpnk.net,714,8,,,,
1662,1,OptimusPhillip@lemmy.world,714,8,,,,
1663,5,StarLuigi@lemmy.blahaj.zone,714,8,,,,
1664,1,TheMagicalTimonini@lemmy.world,714,8,,,,
1665,12,Saarik@discuss.tchncs.de,714,8,,,,
1666,1,Madbrad200@lemmy.world,714,8,,,,
1667,1,delaenya@lemmy.world,714,8,669,40,,
1668,3,ScottMeme@sh.itjust.works,714,8,,,,
1669,5,ezri@lemmy.blahaj.zone,714,8,,,,
1670,1,reentry@lemmy.world,714,8,,,,
1671,4,PM_CTD7@lemm.ee,714,8,,,,
1672,1,latency@lemmy.world,714,8,,,,
1673,1,cley_faye@lemmy.world,714,8,,,,
1674,3,SiyahGuraag@sh.itjust.works,714,8,,,,
1675,3,xxcarpaii@sh.itjust.works,714,8,,,,
1676,1,kcilc@lemmy.world,714,8,,,,
1677,1,treeofnik@lemmy.world,714,8,,,,
1678,20,inhale_vegetables@aussie.zone,714,8,,,,
1679,1,tomcatt360@lemmy.world,715,7,650,59,,
1680,48,Timkmz@lemy.lol,715,7,,,,
1681,45,lucario_owo@yiffit.net,715,7,,,,
1682,1,xrellx@lemmy.world,715,7,,,,
1683,4,Derpendicular@lemm.ee,715,7,,,,
1684,46,Sorr@lemdro.id,715,7,,,,
1685,23,shards@lemmy.nz,715,7,,,,
1686,2,GalataBridge@feddit.de,715,7,,,,
1687,26,SolarNialamide@slrpnk.net,715,7,,,,
1688,1,InfiniteFlow@lemmy.world,715,7,680,29,,
1689,12,Yeromon@discuss.tchncs.de,715,7,,,,
1690,15,gggobro@lemmy.dbzer0.com,715,7,,,,
1691,6,AbsorbLineage@lemmy.ml,715,7,,,,
1692,1,ammonium@lemmy.world,715,7,,,,
1693,1,rookuk@lemmy.world,715,7,,,,
1694,4,Mefek@lemm.ee,715,7,,,,
1695,27,Pronian@lemmynsfw.com,715,7,,,,
1696,1,frustrated_badger@lemmy.world,715,7,,,,
1697,1,tabtomi@lemmy.world,715,7,,,,
1698,1,Theykeeponrising@lemmy.world,715,7,,,,
1699,2,erkaf@feddit.de,715,7,,,,
1700,2,Provider@feddit.de,715,7,,,,
1701,6,SubArcticTundra@lemmy.ml,715,7,,,,
1702,6,shinysquirrel@lemmy.ml,715,7,,,,
1703,2,WriterDE@feddit.de,715,7,,,,
1704,14,martreides@beehaw.org,715,7,,,,
1705,1,removed@lemmy.world,715,7,,,,
1706,10,fnmain@programming.dev,715,7,,,,
1707,1,llama_spit@lemmy.world,715,7,,,,
1708,2,SebiLetPlay@feddit.de,715,7,,,,
1709,277,andrew@lemmy.stuart.fun,715,7,,,,
1710,1,chainweasel@lemmy.world,715,7,,,,
1711,1,blaster_m@lemmy.world,715,7,,,,
1712,1,medvedev@lemmy.world,715,7,,,,
1713,1,skysurfer@lemmy.world,715,7,,,,
1714,1,Weborl@lemmy.world,715,7,,,,
1715,4,jasdemi@lemm.ee,715,7,,,,
1716,17,un_aristocrate@jlai.lu,715,7,703,6,,
1717,2,zbeeblebrot@feddit.de,715,7,,,,
1718,39,LeylaLove@lemmy.fmhy.net,715,7,,,,
1719,16,late_night@sopuli.xyz,715,7,696,13,,
1720,1,hidden_splendor@lemmy.world,716,6,,,,
1721,19,hobble_bobble@feddit.nl,716,6,,,,
1722,300,felix@lemmy.felixperron.com,716,6,,,,
1723,134,anniahilatronv9000@lemmy.tf,716,6,,,,
1724,1,Crackhappy@lemmy.world,716,6,,,,
1725,29,JoeWrench1023@startrek.website,716,6,599,114,,
1726,24,JusticeForPorygon@lemmy.sdf.org,716,6,,,,
1727,3,Alitero@sh.itjust.works,716,6,,,,
1728,24,marduk@lemmy.sdf.org,716,6,,,,
1729,1,AntiApple4life@lemmy.world,716,6,,,,
1730,8,bushparty@lemmy.ca,716,6,,,,
1731,3,yoshipunk123456@sh.itjust.works,716,6,,,,
1732,8,apprehensively_human@lemmy.ca,716,6,,,,
1733,1,dBnx@lemmy.world,716,6,,,,
1734,1,shashi154263@lemmy.world,716,6,,,,
1735,16,naeap@sopuli.xyz,716,6,,,,
1736,2,HerrNetzwerk@feddit.de,716,6,,,,
1737,6,Boentrough@lemmy.ml,716,6,,,,
1738,8,Trashboat@lemmy.ca,716,6,,,,
1739,16,hellfire103@sopuli.xyz,716,6,,,,
1740,1,dopeshark@lemmy.world,716,6,,,,
1741,1,Jarlsburg@lemmy.world,716,6,,,,
1742,23,ChewbaccasClitoris@lemmy.nz,716,6,701,8,,
1743,22,lordamplifier@pawb.social,716,6,376,445,237,241
1744,4,muhaaliss@lemm.ee,716,6,,,,
1745,5,sayjess@lemmy.blahaj.zone,716,6,708,1,,
1746,10,jeff@programming.dev,716,6,,,,
1748,6,krimsonbun@lemmy.ml,717,5,,,,
1749,5,Limonene@lemmy.blahaj.zone,717,5,,,,
1750,1,Qwazpoi@lemmy.world,717,5,,,,
1751,1,katnip@lemmy.world,717,5,,,,
1752,22,Flowertree@pawb.social,717,5,,,,
1753,4,Zerodya@lemm.ee,717,5,,,,
1754,4,atlasraven31@lemm.ee,717,5,,,,
1755,24,DNAmaster10@lemmy.sdf.org,717,5,,,,
1756,4,Iunnrais@lemm.ee,717,5,,,,
1757,23,z2k_@lemmy.nz,717,5,,,,
1758,1,ShadowCat@lemmy.world,717,5,,,,
1759,1,blooddemon40k@lemmy.world,717,5,,,,
1760,3,bash@sh.itjust.works,717,5,,,,
1761,1,luis123456@lemmy.world,717,5,,,,
1762,1,aevironis@lemmy.world,717,5,,,,
1763,2,mamasch19@feddit.de,717,5,,,,
1764,6,ChaoticNeutralCzech@lemmy.ml,717,5,166,1053,,
1765,37,catsup@lemmy.one,717,5,,,,
1766,8,NotSteve_@lemmy.ca,717,5,,,,
1767,1,Wade@lemmy.world,717,5,,,,
1768,1,bogus@lemmy.world,717,5,,,,
1769,1,Vake@lemmy.world,717,5,,,,
1770,10,astraeus@programming.dev,717,5,,,,
1771,1,sad@lemmy.world,717,5,,,,
1772,2,elfuchso@feddit.de,717,5,,,,
1773,8,lxpw@lemmy.ca,717,5,,,,
1774,6,tanka@lemmy.ml,717,5,,,,
1775,1,Afiresword@lemmy.world,717,5,,,,
1776,1,zabil@lemmy.world,717,5,,,,
1777,2,akulium@feddit.de,717,5,,,,
1778,23,Xcf456@lemmy.nz,717,5,,,,
1779,24,CNC@lemmy.sdf.org,717,5,,,,
1780,8,Remotedev@lemmy.ca,717,5,,,,
1781,1,Peepo___@lemmy.world,717,5,,,,
1782,1,Pika@lemmy.world,717,5,,,,
1783,1,ColtenGamer9@lemmy.world,717,5,,,,
1784,3,whyNotSquirrel@sh.itjust.works,717,5,,,,
1785,1,Padarom@lemmy.world,717,5,,,,
1786,14,sludge@beehaw.org,717,5,,,,
1787,1,drmoose@lemmy.world,718,4,,,,
1788,3,2stovez@sh.itjust.works,718,4,,,,
1789,1,shadowh@lemmy.world,718,4,,,,
1790,1,MisterCD@lemmy.world,718,4,,,,
1791,31,teatime@infosec.pub,718,4,,,,
1792,37,encode8062@lemmy.one,718,4,,,,
1793,1,Manzas@lemmy.world,718,4,,,,
1794,1,zovits@lemmy.world,718,4,,,,
1795,37,I_like_cats@lemmy.one,718,4,,,,
1796,1,pavlov@lemmy.world,718,4,,,,
1797,1,rovingfox@lemmy.world,718,4,,,,
1798,1,THEPINKBANG@lemmy.world,718,4,,,,
1799,1,DampMoss@lemmy.world,718,4,,,,
1800,10,gogosempai@programming.dev,718,4,,,,
1801,2,gunnar@feddit.de,718,4,,,,
1802,8,no_eponym@lemmy.ca,718,4,,,,
1803,1,thedoginthewok@lemmy.world,718,4,,,371,1
1804,6,Frippa@lemmy.ml,718,4,685,24,,
1805,1,Electric_Druid@lemmy.world,718,4,,,,
1806,2,Test@feddit.de,718,4,,,,
1807,10,gitpsuh@programming.dev,718,4,,,,
1808,2,swoos@feddit.de,718,4,,,,
1809,2,kleeritter@feddit.de,718,4,,,,
1810,1,Rollio@lemmy.world,718,4,,,,
1811,1,Omgarm@lemmy.world,718,4,,,,
1812,8,preussischblau@lemmy.ca,718,4,,,305,80
1813,1,Abbrahan@lemmy.world,718,4,,,,
1814,5,Emi621@lemmy.blahaj.zone,718,4,,,,
1815,1,NorthWestWind@lemmy.world,718,4,261,704,275,146
1816,3,Desani@sh.itjust.works,718,4,,,,
1817,1,Better_than_nothin@lemmy.world,718,4,,,,
1818,4,Alfiegerner@lemm.ee,718,4,707,2,,
1819,1,Hitchie_Rawtin@lemmy.world,718,4,,,,
1820,1,not_someone_else@lemmy.world,718,4,,,,
1821,3,ButWhatDoesItAllMean@sh.itjust.works,718,4,693,16,368,4
1822,1,gredo@lemmy.world,718,4,,,,
1823,1,mholiv@lemmy.world,718,4,,,,
1824,8,WiseThat@lemmy.ca,718,4,708,1,,
1825,2,TecCheck@feddit.de,718,4,,,,
1826,1,johnrambo321@lemmy.world,718,4,,,,
1827,1,qwrrrt@lemmy.world,718,4,,,,
1828,1,keropoktasen@lemmy.world,718,4,,,,
1829,2,z3n0x@feddit.de,718,4,,,,
1830,2,ndsvw@feddit.de,718,4,,,,
1831,5,germanatlas@lemmy.blahaj.zone,719,3,,,,
1832,15,sircheesethethird@lemmy.dbzer0.com,719,3,,,,
1833,6,Tobi@lemmy.ml,719,3,,,,
1834,4,RustnRuin@lemm.ee,719,3,,,,
1835,34,muaddib@lemmygrad.ml,719,3,,,,
1836,314,rschecht@lemm.live,719,3,,,,
1837,4,victron@lemm.ee,719,3,,,,
1838,1,Earnest@lemmy.world,719,3,,,,
1839,2,retardgerman@feddit.de,719,3,,,,
1840,8,Ashley@lemmy.ca,719,3,,,,
1841,4,MrSqueezles@lemm.ee,719,3,,,,
1842,327,failex234@i.d0ntknow.me,719,3,,,,
1843,31,testgoofy@infosec.pub,719,3,,,,
1844,1,twoweebles@lemmy.world,719,3,,,,
1845,1,gnomesaiyan@lemmy.world,719,3,,,,
1846,14,aiykfgdkatfkduftya@beehaw.org,719,3,,,,
1847,39,Xypev@lemmy.fmhy.net,719,3,,,,
1848,2,Solaki@feddit.de,719,3,,,,
1849,1,sam_uk@lemmy.world,719,3,,,,
1850,73,CheeseRaider@geddit.social,719,3,,,,
1851,1,TheBeef@lemmy.world,719,3,,,,
1852,1,vdyasode@lemmy.world,719,3,,,,
1853,2,Sternout@feddit.de,719,3,,,,
1854,4,nuclear@lemm.ee,719,3,,,,
1855,12,skaverat@discuss.tchncs.de,719,3,607,105,,
1856,2,lukstru@feddit.de,719,3,,,,
1857,1,slugworth@lemmy.world,719,3,,,,
1858,26,Terminarchs@slrpnk.net,719,3,,,,
1859,10,dukk@programming.dev,719,3,,,,
1860,275,tiebe@lemmy.tiebe.dev,719,3,,,,
1861,33,cynetri@midwest.social,719,3,,,,
1862,8,diego@lemmy.ca,719,3,,,,
1863,4,Zyratoxx@lemm.ee,719,3,,,,
1864,35,lrnz92@feddit.it,719,3,,,,
1865,1,trollface@lemmy.world,719,3,,,,
1866,20,Baku@aussie.zone,719,3,,,,
1867,1,MudSkipperKisser@lemmy.world,719,3,,,,
1868,10,programphoenix@programming.dev,719,3,,,,
1869,1,nlhstm@lemmy.world,719,3,,,,
1870,1,crl@lemmy.world,719,3,,,,
1871,15,SpookyPeppers@lemmy.dbzer0.com,719,3,,,,
1872,5,hollyberries@lemmy.blahaj.zone,719,3,,,,
1873,2,Rayleigh@feddit.de,719,3,,,,
1874,1,Trev625@lemmy.world,719,3,,,,
1875,10,odin@programming.dev,719,3,,,,
1876,8,cheerytext1981@lemmy.ca,719,3,,,,
1877,317,NeonWoofGenesis@l.henlo.fi,719,3,,,,
1878,1,crampon@lemmy.world,719,3,,,,
1879,14,d4rko@beehaw.org,719,3,,,,
1880,1,dvonik@lemmy.world,719,3,,,,
1881,1,siyuze@lemmy.world,719,3,,,,
1882,6,nale@lemmy.ml,719,3,,,,
1883,1,merci3@lemmy.world,719,3,,,,
1884,47,Foxientist@feddit.ch,719,3,,,,
1885,4,original_ish_name@lemm.ee,719,3,,,,
1886,5,cinnamorollyy@lemmy.blahaj.zone,719,3,,,,
1887,1,Fjern@lemmy.world,719,3,,,287,118
1888,19,Pazzie@feddit.nl,719,3,,,,
1889,4,SuddenTrash@lemm.ee,719,3,,,,
1890,6,slus@lemmy.ml,719,3,,,,
1891,10,ShayKStage@programming.dev,719,3,,,,
1892,2,gummistiefel1000@feddit.de,719,3,,,,
1893,6,ferk@lemmy.ml,719,3,,,,
1894,1,Laice@lemmy.world,719,3,,,,
1895,15,kalahlora@lemmy.dbzer0.com,719,3,,,,
1896,8,Vex_Detrause@lemmy.ca,719,3,,,,
1897,8,meatcar@lemmy.ca,719,3,,,,
1898,1,dditty@lemmy.world,719,3,,,,
1899,3,fallstop@sh.itjust.works,719,3,,,,
1900,35,Rinox@feddit.it,719,3,,,,
1901,1,Myriad@lemmy.world,719,3,,,,
1902,1,Shameless@lemmy.world,719,3,,,,
1903,1,senslayer@lemmy.world,719,3,,,,
1904,1,Downcount@lemmy.world,720,2,705,4,,
1905,12,trex@discuss.tchncs.de,720,2,,,,
1906,3,spankinspinach@sh.itjust.works,720,2,,,,
1907,35,Utzmetah@feddit.it,720,2,,,,
1908,1,KHN45@lemmy.world,720,2,,,,
1909,4,Bit@lemm.ee,720,2,,,,
1910,35,tetraodon@feddit.it,720,2,,,,
1911,27,Billy@lemmynsfw.com,720,2,,,,
1912,316,Rickebo@l.rickebo.com,720,2,,,,
1913,1,ryry1985@lemmy.world,720,2,,,,
1914,1,Rockyrikoko@lemmy.world,720,2,,,,
1915,14,ege@beehaw.org,720,2,,,,
1916,19,Bananable@feddit.nl,720,2,605,108,,
1917,6,datavoid@lemmy.ml,720,2,,,,
1918,5,shiggs@lemmy.blahaj.zone,720,2,,,,
1919,8,gleddified@lemmy.ca,720,2,,,,
1920,12,Certainly_No_Brit@discuss.tchncs.de,720,2,438,327,,
1921,6,TheWeirdo@lemmy.ml,720,2,,,,
1922,1,i_have_no_idea@lemmy.world,720,2,,,,
1923,1,ralothar@lemmy.world,720,2,,,,
1924,2,NiGe21202@feddit.de,720,2,,,,
1925,1,daninet@lemmy.world,720,2,,,,
1926,4,flameguy21@lemm.ee,720,2,,,,
1927,19,koen01@feddit.nl,720,2,,,,
1928,4,Mi2gob4islp@lemm.ee,720,2,,,,
1929,13,AI_toothbrush@lemmy.zip,720,2,,,362,10
1930,1,GlowHuddy@lemmy.world,720,2,,,,
1931,3,mbeezy@sh.itjust.works,720,2,699,10,,
1932,6,downdaemon@lemmy.ml,720,2,,,,
1933,1,Wanderscout@lemmy.world,720,2,,,,
1934,1,jsvh@lemmy.world,720,2,,,,
1935,14,OpenSecret@beehaw.org,720,2,,,,
1936,13,eternity_html@lemmy.zip,720,2,,,,
1937,2,Stirnlappenbasilisk@feddit.de,720,2,,,,
1938,16,rammer@sopuli.xyz,720,2,,,,
1939,3,Eww@sh.itjust.works,720,2,,,,
1940,1,OldWorldOrder@lemmy.world,720,2,,,,
1941,3,RVGamer06@sh.itjust.works,720,2,689,20,,
1942,11,xGealD24@toast.ooo,720,2,,,,
1943,42,1stTime4MeInMCU@mander.xyz,720,2,,,,
1944,20,Doop@aussie.zone,720,2,,,,
1945,5,Beaker@lemmy.blahaj.zone,720,2,,,287,118
1946,2,ProcurementCat@feddit.de,720,2,,,,
1947,1,RVGamer06@lemmy.world,720,2,,,,
1948,3,mistermonday@sh.itjust.works,720,2,,,,
1949,8,ramjambamalam@lemmy.ca,720,2,,,,
1950,3,remus989@sh.itjust.works,720,2,,,,
1951,33,theredroom@midwest.social,720,2,,,,
1952,1,yozhfyfyfy@lemmy.world,720,2,,,,
1953,2,MucherBucher@feddit.de,720,2,,,,
1954,1,ollie@lemmy.world,720,2,,,,
1955,1,MCForTheBest@lemmy.world,720,2,,,,
1956,6,Jiirbo@lemmy.ml,720,2,,,,
1957,1,ilikemoney@lemmy.world,720,2,,,,
1958,13,Slowjoe@lemmy.zip,720,2,,,,
1959,1,MisterMonster@lemmy.world,720,2,,,,
1960,39,Yorokobii@lemmy.fmhy.net,720,2,,,,
1961,1,Garfieldinator@lemmy.world,720,2,,,,
1962,1,Thisone@lemmy.world,720,2,,,,
1963,1,danieldeer@lemmy.world,720,2,,,,
1964,13,fr33man@lemmy.zip,720,2,,,,
1965,5,mercury@lemmy.blahaj.zone,720,2,,,,
1966,1,Vlyn@lemmy.world,720,2,,,,
1967,1,Gizmo@lemmy.world,720,2,,,,
1968,1,manuel19@lemmy.world,720,2,,,,
1969,1,NoName@lemmy.world,720,2,,,,
1970,1,badrobot@lemmy.world,720,2,,,,
1971,1,PhoenixRising@lemmy.world,720,2,,,,
1972,14,astronot@beehaw.org,720,2,,,,
1973,1,Marcus@lemmy.world,720,2,,,,
1974,1,whileloop@lemmy.world,720,2,,,,
1975,8,gamer191@lemmy.ca,720,2,,,,
1976,6,ref209@lemmy.ml,720,2,,,,
1977,3,notasandwich1948@sh.itjust.works,720,2,,,,
1978,1,h4milt0n@lemmy.world,720,2,,,,
1979,1,Sparky_@lemmy.world,720,2,,,,
1980,210,Kuro@sha1.nl,720,2,,,,
1981,5,pewgar_seemsimandroid@lemmy.blahaj.zone,720,2,408,374,339,34
1982,267,rutrum@lm.paradisus.day,720,2,,,,
1983,16,ZestycloseReception8@sopuli.xyz,720,2,,,,
1984,2,asap@feddit.de,720,2,,,,
1985,1,pileofbricks@lemmy.world,720,2,,,,
1986,6,lelgenio@lemmy.ml,720,2,,,,
1987,1,helloharu@lemmy.world,720,2,,,,
1988,1,RunawayTrain@lemmy.world,720,2,,,,
1989,80,abc@lemmus.org,720,2,,,,
1990,8,galim@lemmy.ca,720,2,,,,
1991,24,ziviz@lemmy.sdf.org,720,2,,,,
1992,22,atomicpeach@pawb.social,720,2,,,,
1993,5,Obsidiman@lemmy.blahaj.zone,720,2,,,,
1994,2,mantelmann@feddit.de,720,2,,,,
1995,4,MajinBlayze@lemm.ee,720,2,,,,
1996,2,d_k_bo@feddit.de,720,2,,,,
1997,4,Mercival@lemm.ee,720,2,,,,
1998,3,Shit@sh.itjust.works,720,2,,,,
1999,284,pastthepixels@lemmy.potatoe.ca,720,2,,,,
2000,28,cc42@feddit.dk,720,2,,,,
2001,2,DoctorMarques@feddit.de,720,2,,,,
2002,1,Person_Unavailible@lemmy.world,720,2,,,,
2003,3,httpjames@sh.itjust.works,720,2,,,,
2004,1,LadyFreya@lemmy.world,720,2,,,,
2005,4,Szy@lemm.ee,720,2,,,,
2006,4,golli@lemm.ee,720,2,,,,
2007,1,leekleak@lemmy.world,720,2,,,,
2008,3,noodle@sh.itjust.works,720,2,313,562,,
2009,14,PRIMALmarauder@beehaw.org,720,2,,,,
2010,1,RedstoneWasTaken@lemmy.world,720,2,,,,
2011,6,Ascend910@lemmy.ml,720,2,,,,
2012,1,Patuleia@lemmy.world,720,2,,,,
2013,4,pineapplelover@lemm.ee,720,2,,,,
2014,1,joeybub@lemmy.world,720,2,,,,
2015,1,izzel@lemmy.world,720,2,,,,
2016,33,But_Class_War@midwest.social,720,2,,,,
2017,14,Nimfi@beehaw.org,720,2,,,,
2018,1,jackhp95@lemmy.world,720,2,,,,
2019,13,Devoid@lemmy.zip,720,2,,,,
2020,33,brenstar@midwest.social,720,2,,,,
2021,136,domi@lemmy.secnd.me,720,2,696,13,,
2022,14,xilliah@beehaw.org,720,2,,,,
2023,70,KuttappanKalifornia@kerala.party,720,2,,,,
2024,105,jana@leminal.space,720,2,,,,
2025,6,Sept@lemmy.ml,720,2,,,,
2026,5,tasho@lemmy.blahaj.zone,720,2,,,,
2027,1,Knossos@lemmy.world,721,1,,,,
2028,1,ProtonEvoker@lemmy.world,721,1,,,,
2029,59,MASBall8415@monyet.cc,721,1,,,,
2030,5,Nowitsabby@lemmy.blahaj.zone,721,1,,,,
2031,1,lnid@lemmy.world,721,1,,,,
2032,1,shaulliv@lemmy.world,721,1,,,,
2033,8,tired8281@lemmy.ca,721,1,,,,
2034,2,slushy@feddit.de,721,1,,,,
2035,1,gfrewqpoiu@lemmy.world,721,1,,,,
2036,20,TrippaSnippa@aussie.zone,721,1,,,,
2037,1,ThrowawayInTheYear23@lemmy.world,721,1,,,,
2038,1,Jordan117@lemmy.world,721,1,,,,
2039,5,cuddles@lemmy.blahaj.zone,721,1,,,,
2040,16,kspatlas@sopuli.xyz,721,1,,,,
2041,1,gio1135@lemmy.world,721,1,,,,
2042,6,dakr@lemmy.ml,721,1,,,,
2043,5,SolomonTheMagnificent@lemmy.blahaj.zone,721,1,,,,
2044,30,WtfEvenIsExistence@reddthat.com,721,1,,,,
2045,19,Lewistrick@feddit.nl,721,1,,,,
2046,1,Booker@lemmy.world,721,1,,,,
2047,217,CurlyWurlies4all@prxs.site,721,1,,,,
2048,2,KotFlinte@feddit.de,721,1,,,,
2049,45,Duchess@yiffit.net,721,1,,,,
2050,1,schmeckledorfed_even@lemmy.world,721,1,,,,
2051,1,DarthWankstain@lemmy.world,721,1,,,,
2052,293,tubbadu@lemmy.kde.social,721,1,,,,
2053,5,Anti_AirConditioning@lemmy.blahaj.zone,721,1,,,,
2054,1,I_dream_of_pancakes@lemmy.world,721,1,,,,
2055,1,brh@lemmy.world,721,1,,,,
2056,14,offthecrossbar@beehaw.org,721,1,,,,
2057,17,CeJiDe@jlai.lu,721,1,,,,
2058,1,arotrios@lemmy.world,721,1,,,,
2059,1,eyeseyesbaby@lemmy.world,721,1,,,,
2060,33,thegreekgeek@midwest.social,721,1,,,,
2061,1,congalala@lemmy.world,721,1,,,,
2062,8,AFallingAnvil@lemmy.ca,721,1,,,,
2063,1,ObviouslyNotBanana@lemmy.world,721,1,,,,
2064,1,skyler@lemmy.world,721,1,,,,
2065,1,GaleFromCali@lemmy.world,721,1,,,,
2066,1,arda@lemmy.world,721,1,,,,
2067,1,amirul1934@lemmy.world,721,1,,,,
2068,2,Foexle@feddit.de,721,1,,,,
2069,1,bromswolligans@lemmy.world,721,1,,,,
2070,14,liz1328@beehaw.org,721,1,,,,
2071,3,floppydisk@sh.itjust.works,721,1,,,,
2072,1,Raymordius@lemmy.world,721,1,,,,
2073,3,xttweaponttx@sh.itjust.works,721,1,,,,
2074,4,DeltAndy@lemm.ee,721,1,,,,
2075,8,Vilian@lemmy.ca,721,1,,,,
2076,1,moriquende@lemmy.world,721,1,,,,
2077,45,ImJustAKoala@yiffit.net,721,1,,,,
2078,1,Waluigi@lemmy.world,721,1,,,,
2079,1,BeardedWonder02@lemmy.world,721,1,,,,
2080,1,Vegskret@lemmy.world,721,1,,,,
2081,8,Midnightjunkie@lemmy.ca,721,1,,,,
2082,1,TheTeej107@lemmy.world,721,1,,,,
2083,59,imaginelizard@monyet.cc,721,1,,,,
2084,3,nLuLukna@sh.itjust.works,721,1,,,,
2085,6,Aal456@lemmy.ml,721,1,,,,
2086,1,abfarid@lemmy.world,721,1,,,,
2087,6,Quasibrodo@lemmy.ml,721,1,,,,
2088,28,Isbjerg@feddit.dk,721,1,,,,
2089,5,SheWhoExists@lemmy.blahaj.zone,721,1,,,,
2090,1,TimDEnchanter@lemmy.world,721,1,,,,
2091,2,nukul4r@feddit.de,721,1,,,,
2092,292,andi_waffen@lemmy.loomy.li,721,1,,,,
2093,1,kalteliebe@lemmy.world,721,1,,,,
2094,6,Pacrat173@lemmy.ml,721,1,,,,
2095,68,Waker@lemmy.pt,721,1,,,,
2096,1,XioR112@lemmy.world,721,1,,,,
2097,3,The_Hideous_Orgalorg@sh.itjust.works,721,1,,,,
2098,1,jesusrp98@lemmy.world,721,1,,,,
2099,5,beta@lemmy.blahaj.zone,721,1,,,,
2100,47,Cannizzaro@feddit.ch,721,1,,,,
2101,14,alcyoneous@beehaw.org,721,1,,,,
2102,1,cheeseblintzes@lemmy.world,721,1,,,,
2103,1,bearded_zero@lemmy.world,721,1,,,,
2104,68,Cabodastormentas@lemmy.pt,721,1,,,,
2105,12,spike@discuss.tchncs.de,721,1,,,,
2106,1,lorkano@lemmy.world,721,1,,,,
2107,1,DavidMason9995@lemmy.world,721,1,,,,
2108,28,Max@feddit.dk,721,1,121,1381,,
2109,1,itsAsin@lemmy.world,721,1,,,,
2110,1,signposthead@lemmy.world,721,1,,,,
2111,1,Pepperonisalami@lemmy.world,721,1,,,,
2112,30,Bangs42@reddthat.com,721,1,,,,
2113,5,technicolours@lemmy.blahaj.zone,721,1,,,,
2114,1,samc@lemmy.world,721,1,,,,
2115,1,Qvest@lemmy.world,721,1,,,,
2116,6,tonyn@lemmy.ml,721,1,,,267,158
2117,4,ajay@lemm.ee,721,1,,,,
2118,4,ggnoredo@lemm.ee,721,1,,,,
2119,24,DarkDarkHouse@lemmy.sdf.org,721,1,,,,
2120,1,pureness@lemmy.world,721,1,,,,
2121,10,Mir@programming.dev,721,1,,,,
2122,22,codalafin@pawb.social,721,1,,,,
2123,2,blackris@feddit.de,721,1,,,,
2124,59,Bauh@monyet.cc,721,1,,,,
2125,1,getallen@lemmy.world,721,1,,,,
2126,1,lemur12@lemmy.world,721,1,,,,
2127,4,macbean@lemm.ee,721,1,,,,
2128,26,dillekant@slrpnk.net,721,1,,,,
2129,39,Voltage@lemmy.fmhy.net,721,1,,,,
2130,4,PM_CTD4@lemm.ee,721,1,,,,
2131,1,alfredalpaca@lemmy.world,721,1,,,,
2132,1,Severith@lemmy.world,721,1,,,,
2133,4,PM_CTD3@lemm.ee,721,1,,,,
2134,114,bdonvr@thelemmy.club,721,1,,,,
2135,42,Christmaslemonade@mander.xyz,721,1,,,,
2136,1,rknx@lemmy.world,721,1,,,,
2137,1,Mitchacho74@lemmy.world,721,1,,,,
2138,283,Sammy@lemmy.run,721,1,,,,
2139,14,cobra89@beehaw.org,721,1,,,,
2140,266,kense@lmmy.dk,721,1,,,,
2141,4,gNarkbrain@lemm.ee,721,1,,,,
2142,1,Redecco@lemmy.world,721,1,,,,
2143,6,bigredwolf@lemmy.ml,721,1,,,,
2144,1,Isillios@lemmy.world,721,1,,,,
2145,6,samsy@lemmy.ml,721,1,,,,
2146,1,Secret300@lemmy.world,721,1,,,,
2147,26,Lockenbert@slrpnk.net,721,1,,,,
2148,4,PM_CTD5@lemm.ee,721,1,,,,
2149,14,graphito@beehaw.org,721,1,,,,
2150,1,TornadoRex@lemmy.world,721,1,,,,
2151,1,athaki@lemmy.world,721,1,,,,
2152,3,RedHat@sh.itjust.works,721,1,,,,
2153,1,theambitiouscow@lemmy.world,721,1,,,,
2154,11,violezine@toast.ooo,721,1,,,,
2155,1,vaderhoff@lemmy.world,721,1,,,,
2156,13,adanisi@lemmy.zip,721,1,707,2,,
2157,1,konalt@lemmy.world,721,1,,,,
2158,1,NotAGuyInAHat@lemmy.world,721,1,,,,
2159,44,afa1425@ani.social,721,1,,,,
2160,1,CeruleanRuin@lemmy.world,721,1,,,,
2161,15,Appoxo@lemmy.dbzer0.com,721,1,,,,
2162,14,fishy_2_0@beehaw.org,721,1,,,,
2163,12,pojankolli@discuss.tchncs.de,721,1,,,,
2164,1,PFShady@lemmy.world,721,1,,,,
2165,4,RobotDaniel@lemm.ee,721,1,,,,
2166,10,kryllic@programming.dev,721,1,,,,
2167,1,Chellomere@lemmy.world,721,1,,,,
2168,3,joshlaserbeam@sh.itjust.works,721,1,,,,
2169,8,nesth@lemmy.ca,721,1,,,,
2170,19,macumbamacaca@feddit.nl,721,1,,,,
2171,1,fxl@lemmy.world,721,1,,,,
2172,1,Medinja@lemmy.world,721,1,,,,
2173,274,tim@lemmy.timwaterhouse.com,721,1,,,,
2174,6,Tatar_Nobility@lemmy.ml,721,1,,,,
2175,4,PM_CTD6@lemm.ee,721,1,,,,
2176,47,phexinator@feddit.ch,721,1,,,,
2177,8,Yoddel_Hickory@lemmy.ca,721,1,,,,
2178,4,Feugnis@lemm.ee,721,1,,,,
2179,29,YoshiBashirOBrien@startrek.website,721,1,,,,
2180,4,h3lp@lemm.ee,721,1,,,,
2181,4,Serv@lemm.ee,721,1,,,,
2182,1,faebe2222@lemmy.world,721,1,,,,
2183,297,tony@lemmy.hoyle.me.uk,721,1,,,,
2184,31,Gilmour1009@infosec.pub,721,1,,,,
2185,45,cheet@yiffit.net,721,1,,,,
2186,2,Leamaya@feddit.de,721,1,,,,
2187,1,thekingoflorda@lemmy.world,721,1,,,,
2188,1,Surya@lemmy.world,721,1,,,,
2189,1,runswithjedi@lemmy.world,721,1,,,,
2190,11,nickname@toast.ooo,721,1,,,,
2191,1,eldritch_lich@lemmy.world,721,1,,,,
2192,1,Nrezcm@lemmy.world,721,1,,,,
2193,6,zet@lemmy.ml,721,1,,,,
2194,15,BigHungryChicken@lemmy.dbzer0.com,721,1,,,,
2195,1,Erectsunshine@lemmy.world,721,1,,,,
2196,1,elbarto777@lemmy.world,721,1,,,,
2197,2,Spectrism@feddit.de,721,1,,,,
2198,1,m0re@lemmy.world,721,1,,,,
2199,8,lautrebeacon@lemmy.ca,721,1,694,15,,
2200,2,beatbrot@feddit.de,721,1,,,,
2201,1,Edge004@lemmy.world,721,1,,,,
2202,34,Drewfro66@lemmygrad.ml,721,1,,,,
2203,1,erdnaqwe@lemmy.world,721,1,,,,
2204,6,foxymulder@lemmy.ml,721,1,,,,
2205,4,GamerNoek@lemm.ee,722,0,,,,
2206,1,Icarus@lemmy.world,722,0,,,,
2207,6,ReakDuck@lemmy.ml,722,0,,,,
2208,1,ixoid@lemmy.world,722,0,,,,
2209,11,142446@toast.ooo,,,1,6588,,
2211,17,Snoopy@jlai.lu,,,6,4091,27,2472
2212,16,0_0@sopuli.xyz,,,8,3628,136,664
2213,11,hdggDalton@toast.ooo,,,9,3475,,
2216,15,hemko@lemmy.dbzer0.com,,,13,3165,,
2218,5,sandr44@lemmy.blahaj.zone,,,15,3106,,
2219,1,doktahsatan@lemmy.world,,,18,3028,,
2220,1,BroBot9000@lemmy.world,,,19,2932,,
2221,13,siv9939@lemmy.zip,,,20,2929,23,2530
2222,3,BluePower@sh.itjust.works,,,21,2818,,
2224,21,Vaporek@mas.to,,,23,2662,13,3182
2225,26,vudu@slrpnk.net,,,24,2587,,
2226,12,mirodir@discuss.tchncs.de,,,27,2564,,
2227,9,ohsin@mastodon.social,,,28,2558,58,1633
2228,42,lvxferre@mander.xyz,,,29,2545,10,3250
2229,1,thonofpy@lemmy.world,,,31,2473,,
2230,235,tynstar@nerdculture.de,,,32,2451,40,2138
2231,7,flughoernchen@feddit.org,,,33,2440,12,3183
2232,7,Peter_Arbeitslos@feddit.org,,,35,2376,,
2233,21,PixelAnimeArtist@mas.to,,,36,2366,124,756
2234,126,macniel@norden.social,,,37,2333,,
2235,21,tetsuyayu@mas.to,,,39,2324,341,32
2237,253,marius851000@mastodon.mariusdavid.fr,,,41,2277,,
2238,11,starpup@toast.ooo,,,42,2268,1,5184
2239,4,LukeS26@lemm.ee,,,43,2256,,
2240,56,Pemanil@equestria.social,,,44,2251,,
2241,55,AutumnSpark1226@lemmy.today,,,45,2198,,
2242,7,chaoticneutralczech@feddit.org,,,46,2175,188,416
2243,5,shadowglider@lemmy.blahaj.zone,,,47,2169,,
2244,21,MayhemWizard@mas.to,,,48,2120,,
2245,7,tamero@feddit.org,,,50,2115,,
2246,3,battleshack@sh.itjust.works,,,51,2092,,
2247,90,0x0079@possum.city,,,52,2083,,
2248,5,wh0_cares@lemmy.blahaj.zone,,,54,2077,261,167
2249,12,squirrel@discuss.tchncs.de,,,55,2076,,
2250,336,Ariethefloof@glaceon.social,,,58,2019,,
2251,18,ellenkelly@hexbear.net,,,59,2018,,
2252,9,ACatAndPonyShow@mastodon.social,,,60,2013,346,27
2253,106,antoined@kwak.cab,,,61,2008,,
2254,10,DragonM97@programming.dev,,,62,2004,,
2255,1,hellz@lemmy.world,,,63,1964,,
2256,21,marisamoment01@mas.to,,,65,1949,,
2257,106,kwak@kwak.cab,,,66,1942,,
2258,11,Setarkus@toast.ooo,,,67,1935,149,585
2259,32,ns1@feddit.uk,,,68,1918,253,197
2260,8,Mindtraveller@lemmy.ca,,,69,1865,,
2261,3,zipitydew@sh.itjust.works,,,70,1864,,
2262,92,black0ut@meow.social,,,71,1839,,
2263,20,veroxii@aussie.zone,,,72,1831,,
2264,66,lumidaub@social.tchncs.de,,,73,1828,,
2265,10,deebster@programming.dev,,,75,1798,,
2266,9,HelisHere@mastodon.social,,,76,1794,,
2267,22,Staden_@pawb.social,,,77,1775,99,993
2268,32,eggy_dreams@feddit.uk,,,78,1767,,
2269,16,divergentharmonics@sopuli.xyz,,,79,1747,,
2270,10,my_hat_stinks@programming.dev,,,81,1719,,
2271,6,monstanner@lemmy.ml,,,82,1691,336,37
2272,5,ToastedPlanet@lemmy.blahaj.zone,,,83,1687,,
2273,13,GeekFTW@lemmy.zip,,,83,1687,53,1777
2274,3,punkfungus@sh.itjust.works,,,84,1686,,
2275,123,justfortestglitch@pipou.academy,,,85,1683,,
2276,44,nondanya@ani.social,,,86,1660,254,185
2277,3,Kalcifer@sh.itjust.works,,,87,1649,226,276
2278,11,piXelBow@toast.ooo,,,88,1647,,
2279,69,MBM@lemmings.world,,,89,1644,,
2280,7,instantnudel@feddit.org,,,90,1610,,
2281,1,DrDuskSaw@lemmy.world,,,91,1608,51,1821
2282,4,atlas@lemm.ee,,,92,1593,,
2283,10,OGE@programming.dev,,,93,1584,257,177
2284,146,lulutestudo@esperanto.masto.host,,,94,1573,,
2285,6,captainbasculin@lemmy.ml,,,95,1568,368,4
2286,32,emperor@feddit.uk,,,96,1565,,
2287,125,arudy@octodon.social,,,97,1563,,
2288,12,unexposedhazard@discuss.tchncs.de,,,98,1560,230,263
2289,1,veroxii@lemmy.world,,,99,1558,,
2290,43,grant@grants.cafe,,,100,1554,126,746
2291,171,aroom@tooting.ch,,,101,1550,,
2292,10,jpdev@programming.dev,,,102,1549,,
2293,1,shuni64@lemmy.world,,,104,1525,,
2294,269,misericordiae@literature.cafe,,,106,1508,28,2449
2295,11,TheWaffleLord@toast.ooo,,,107,1495,81,1270
2296,17,anhkagi@jlai.lu,,,108,1486,334,39
2297,3,mindbleach@sh.itjust.works,,,110,1475,46,1955
2298,138,BlueKey@kbin.run,,,111,1468,,
2300,15,db0@lemmy.dbzer0.com,,,113,1437,,
2301,21,RayeMoth@mas.to,,,114,1426,,
2302,310,Termiboros@lemmy.autism.place,,,115,1419,,
2303,7,No_Money_Just_Change@feddit.org,,,116,1417,,
2304,9,smithkm@mastodon.social,,,116,1417,,
2305,9,arrohed@mastodon.social,,,117,1410,,
2306,1,iceblade02@lemmy.world,,,118,1402,,
2307,11,cloud@toast.ooo,,,119,1399,,
2308,27,desuer@lemmynsfw.com,,,120,1382,,
2309,17,jakylla@jlai.lu,,,122,1380,,
2311,10,fishtune@programming.dev,,,124,1320,,
2312,3,nuke@sh.itjust.works,,,124,1320,,
2313,1,RealBot@lemmy.world,,,125,1308,,
2314,85,faely@tilde.zone,,,126,1304,,
2315,7,gemeinebirne@feddit.org,,,127,1298,,
2316,10,Indefinitely_Bug_Mom@programming.dev,,,128,1293,,
2317,13,sleepingoddish@lemmy.zip,,,129,1291,67,1435
2318,9,dimine@mastodon.social,,,131,1273,,
2319,1,PugJesus@lemmy.world,,,132,1271,,
2320,113,peotr26@todon.eu,,,133,1269,,
2321,4,vatniksplatnik@lemm.ee,,,134,1251,,
2322,1,LiquidVicinity@lemmy.world,,,136,1243,,
2323,4,sag@lemm.ee,,,137,1240,,
2324,1,UxyIVrljPeRl@lemmy.world,,,137,1240,,
2325,325,shkolopendre@imaginair.es,,,138,1228,,
2326,248,lebout2canap@mastodon.tedomum.net,,,139,1220,,
2327,97,iaotsam@masto.ai,,,140,1217,,
2328,299,dfyx@lemmy.helios42.de,,,141,1211,,
2329,45,jimbo@yiffit.net,,,142,1182,,
2330,1,Linus_Torvalds@lemmy.world,,,143,1172,,
2331,85,el@tilde.zone,,,144,1167,,
2332,13,TriLinder@lemmy.zip,,,146,1149,,
2333,4,FocusFire@lemm.ee,,,147,1141,,
2334,1,synapse1278@lemmy.world,,,148,1136,41,2097
2335,11,Falken@toast.ooo,,,150,1128,,
2336,3,DevCuber@sh.itjust.works,,,151,1127,,
2337,1,dronarnia@lemmy.world,,,152,1123,209,327
2338,21,HaruhiFan18@mas.to,,,153,1119,,
2339,1,razer@lemmy.world,,,154,1117,,
2340,109,ianbkulin@c.im,,,155,1112,,
2341,11,RetroBoi128@toast.ooo,,,156,1108,,
2342,27,smuttylad@lemmynsfw.com,,,156,1108,,
2343,5,kiara@lemmy.blahaj.zone,,,157,1103,,
2344,11,False@toast.ooo,,,158,1099,,
2345,1,emb@lemmy.world,,,160,1091,116,807
2346,4,grozzle@lemm.ee,,,161,1084,,
2347,12,1rre@discuss.tchncs.de,,,162,1082,,
2348,295,jlh@lemmy.jlh.name,,,162,1082,,
2349,32,flamingos@feddit.uk,,,163,1077,,
2350,7,7eter@feddit.org,,,163,1077,,
2351,12,AllrightImmaHeadOut@discuss.tchncs.de,,,164,1073,,
2352,7,Zwiebel@feddit.org,,,165,1069,,
2355,155,taaz@biglemmowski.win,,,167,1044,371,1
2356,11,greenwizard@toast.ooo,,,168,1041,179,453
2357,1,thirdBreakfast@lemmy.world,,,170,1031,83,1244
2358,48,meh@lemy.lol,,,171,1029,,
2359,96,Th3s3us@mastodon.art,,,171,1029,,
2360,11,Tide@toast.ooo,,,172,1022,,
2361,202,mark@social.cool110.xyz,,,174,1015,,
2362,3,trollercoaster@sh.itjust.works,,,175,1010,,
2363,7,Stitch0815@feddit.org,,,176,1007,161,540
2364,8,myusernameis@lemmy.ca,,,177,1006,,
2365,6,cinnamonTea@lemmy.ml,,,179,997,,
2366,1,frozen_flaps@lemmy.world,,,180,996,,
2367,10,recursive_recursion@programming.dev,,,181,989,,
2368,34,bloubz@lemmygrad.ml,,,182,986,,
2369,85,dax@tilde.zone,,,183,985,,
2370,102,cypress@lemmy.hogru.ch,,,184,981,,
2371,81,onceuponaban@fedia.io,,,185,980,,
2372,9,MoonlitChaser@mastodon.social,,,185,980,,
2373,24,pmk@lemmy.sdf.org,,,186,973,,
2374,11,CRIMMReaper@toast.ooo,,,187,971,,
2375,1,RoyaltyInTraining@lemmy.world,,,188,968,,
2376,183,silverface@strangeobject.space,,,190,951,,
2377,7,Green21Black@feddit.org,,,191,949,54,1770
2378,1,crtbob@lemmy.world,,,192,945,,
2379,19,neidu2@feddit.nl,,,193,944,,
2380,51,zoe@mastodon.de,,,195,929,241,225
2381,67,saturn@oddballs.online,,,196,926,,
2382,135,smash@lemmy.self-hosted.site,,,198,911,,
2383,1,psyop@lemmy.world,,,199,908,,
2384,7,federalreverse@feddit.org,,,199,908,,
2385,148,fir@eepy.express,,,200,904,,
2387,233,Takara_orca@oc.todon.fr,,,201,899,,
2388,15,FeelThePower@lemmy.dbzer0.com,,,202,895,,
2389,7,blackjacksepp@feddit.org,,,203,894,,
2390,1,fancysprinkle@lemmy.world,,,204,889,,
2391,148,firmament@eepy.express,,,205,887,,
2392,9,deaddrunk@mastodon.social,,,207,885,,
2393,169,agiel@tummy.town,,,207,885,,
2394,108,agiel@cannibal.cafe,,,208,884,,
2395,7,catatat@feddit.org,,,209,879,356,17
2396,141,rayglittersoft@hooves.social,,,210,871,,
2397,140,meepmew@imouto.pics,,,211,865,,
2398,131,vykend@mastodonczech.cz,,,212,861,,
2399,7,hubi@feddit.org,,,213,858,214,304
2400,15,andromxda@lemmy.dbzer0.com,,,214,855,,
2401,372,kopper@brain.d.on-t.work,,,215,853,,
2402,1,Helium1234@lemmy.world,,,216,852,176,464
2403,8,undearius@lemmy.ca,,,216,852,361,11
2404,17,camus@jlai.lu,,,217,851,,
2405,4,hasecilu@lemm.ee,,,218,850,,
2406,1,LongLive@lemmy.world,,,220,848,357,16
2407,97,mrkazoo@masto.ai,,,220,848,,
2408,38,yum@lemmy.eco.br,,,221,844,,
2409,12,Engineer@discuss.tchncs.de,,,221,844,,
2410,12,tuna@discuss.tchncs.de,,,222,842,,
2411,11,Winderfall@toast.ooo,,,225,821,,
2412,1,propagandalf@lemmy.world,,,226,820,135,672
2413,25,absolutepotato@wetdry.world,,,227,819,,
2414,74,BentiGorlich@wehavecookies.social,,,228,818,,
2415,31,jpablo68@infosec.pub,,,229,815,,
2416,9,ErikUden@mastodon.social,,,229,815,,
2417,7,foexle@feddit.org,,,230,811,,
2418,1,grozzle@lemmy.world,,,231,804,,
2419,11,the_dopamine_fiend@toast.ooo,,,232,801,,
2420,18,manuallybreathing@hexbear.net,,,233,794,,
2421,7,Der_aus_Aux@feddit.org,,,234,793,,
2422,72,Andromxda@hachyderm.io,,,235,792,,
2423,33,Pandantic@midwest.social,,,236,789,128,740
2424,7,passepartout@feddit.org,,,237,785,,
2425,1,psin@lemmy.world,,,238,780,,
2426,7,nicerdicer@feddit.org,,,239,779,,
2427,11,mare@toast.ooo,,,240,777,,
2428,5,Mr_Mofu@lemmy.blahaj.zone,,,241,775,,
2429,160,chaoticneutralczech@witter.cz,,,242,773,,
2430,27,Hardened4416@lemmynsfw.com,,,243,771,237,241
2431,7,JorgosOrgflakis@feddit.org,,,244,769,,
2432,4,Hydrogen@lemm.ee,,,245,766,,
2433,6,charger8232@lemmy.ml,,,246,764,,
2434,181,aroom@swiss.social,,,247,757,,
2435,6,Icell@lemmy.ml,,,247,757,,
2436,1,saintmark@lemmy.world,,,248,756,,
2437,4,inventa@lemm.ee,,,249,750,,
2438,57,Lisoo@eldritch.cafe,,,251,744,,
2439,13,Lazorne@lemmy.zip,,,252,741,,
2440,116,ManiacMarmotte@social.linux.pizza,,,253,739,,
2441,247,Mokona@mastodon.zaclys.com,,,254,737,,
2442,78,chaoticneutralczech@mastodon.gamedev.place,,,255,727,,
2443,4,jonathanvmv8f@lemm.ee,,,256,724,,
2444,7,cron@feddit.org,,,257,720,,
2445,3,praise_idleness@sh.itjust.works,,,258,719,,
2446,7,Matombo@feddit.org,,,258,719,317,61
2447,7,rockmeat@feddit.org,,,259,714,195,392
2448,1,martinbasic@lemmy.world,,,260,709,106,918
2449,16,AutoPastry@sopuli.xyz,,,263,701,204,339
2450,9,c0d3r1@mastodon.social,,,264,697,,
2451,112,arctaxia@toot.garden,,,265,695,,
2452,9,yomikawasenpai@mastodon.social,,,266,690,,
2453,1,Chexmax@lemmy.world,,,267,687,,
2454,21,haruisgood@mas.to,,,269,684,,
2455,4,bombdragon@lemm.ee,,,270,683,,
2456,11,soda_cans@toast.ooo,,,271,677,,
2457,9,FriedFrenchFries@mastodon.social,,,272,675,,
2458,102,JustTesting@lemmy.hogru.ch,,,272,675,,
2459,36,famfo@chaos.social,,,273,672,,
2460,7,caos@feddit.org,,,274,671,,
2461,11,bluphph@toast.ooo,,,275,670,,
2462,13,duckduck@lemmy.zip,,,276,666,,
2463,4,jkozaka@lemm.ee,,,277,660,,
2464,7,ittakestwo@feddit.org,,,279,655,,
2465,9,morgunkorn@mastodon.social,,,280,654,,
2466,51,MastodonDE@mastodon.de,,,281,653,,
2467,74,prequelmemes@wehavecookies.social,,,282,650,,
2468,21,Toastor@mas.to,,,283,648,,
2469,91,aroom@mstdn.io,,,284,643,,
2470,4,ToxicWaste@lemm.ee,,,284,643,,
2471,358,LittleshyFiM@derpy.masto.host,,,285,640,74,1317
2472,9,Rainarch@mastodon.social,,,286,637,,
2473,29,valuesubtracted@startrek.website,,,287,636,52,1778
2474,6,crazyminner@lemmy.ml,,,289,634,276,145
2475,1,Terrance@lemmy.world,,,290,633,202,343
2476,379,charles@akk.de-lacom.be,,,290,633,,
2477,1,EuroNutellaMan@lemmy.world,,,291,631,,
2478,64,ad_test@blahaj.zone,,,292,628,,
2479,9,gaziel@mastodon.social,,,292,628,,
2480,7,Quittenbrot@feddit.org,,,293,626,,
2481,1,FireTower@lemmy.world,,,294,625,,
2482,106,goldensuneur@kwak.cab,,,295,618,,
2483,33,ChaosCoati@midwest.social,,,296,615,93,1111
2484,96,moonglow@mastodon.art,,,297,602,,
2485,54,Shinynews@troet.cafe,,,298,600,,
2486,22,Ethanol@pawb.social,,,299,597,57,1637
2487,5,0x2640@lemmy.blahaj.zone,,,301,593,,
2488,14,apotheotic@beehaw.org,,,301,593,,
2489,1,lemminary@lemmy.world,,,302,592,251,201
2490,7,lesnout27@feddit.org,,,303,591,,
2491,3,livingheart@sh.itjust.works,,,304,585,199,373
2492,13,daudix@lemmy.zip,,,305,583,,
2493,1,Fuzemain@lemmy.world,,,306,582,,
2494,9,linguistgoneforeign@mastodon.social,,,307,579,,
2495,75,testuser@no.lastname.nz,,,307,579,,
2496,1,ricdeh@lemmy.world,,,308,575,,
2497,11,kafuupone@toast.ooo,,,309,574,,
2498,15,moosetwin@lemmy.dbzer0.com,,,309,574,,
2499,21,Moon_man@mas.to,,,310,570,,
2500,1,MechaGrima@lemmy.world,,,311,564,,
2501,15,randomlegend@lemmy.dbzer0.com,,,312,563,,
2502,9,jotvib@mastodon.social,,,314,561,,
2503,2,briefbeschwerer@feddit.de,,,315,560,,
2504,1,Depress_Mode@lemmy.world,176,933,316,558,,
2505,14,mindyabeesnes@beehaw.org,,,317,556,,
2506,36,filmroellchen@chaos.social,,,318,555,186,418
2507,9,Shinybook@mastodon.social,,,318,555,,
2508,15,eya@lemmy.dbzer0.com,,,319,553,,
2509,21,twiggiermango@mas.to,,,320,550,,
2510,3,imaqtpie@sh.itjust.works,,,321,545,,
2511,3,CIARecruiter@sh.itjust.works,,,322,544,,
2512,4,LittleEndu@lemm.ee,,,323,542,,
2513,52,Effet_chimpanze@piaille.fr,,,325,539,,
2514,19,flipflop97@feddit.nl,,,326,536,,
2515,20,fluid@aussie.zone,,,326,536,,
2516,11,ff5@toast.ooo,,,327,535,,
2517,16,rbn@sopuli.xyz,,,328,534,,
2518,48,Kess8a@lemy.lol,,,329,533,,
2519,7,dubbelstokje@feddit.org,,,330,531,,
2520,4,sagan@lemm.ee,,,331,529,,
2521,7,nightm4re@feddit.org,,,331,529,,
2523,1,Wolfdog@lemmy.world,,,333,521,,
2524,5,ada@lemmy.blahaj.zone,,,334,520,,
2525,1,inconcinnity@lemmy.world,,,334,520,,
2526,13,blimpkun@lemmy.zip,,,336,517,,
2527,75,Pride@no.lastname.nz,,,337,516,,
2528,4,naturlychee@lemm.ee,,,338,513,,
2529,1,RoyDubnium@lemmy.world,,,339,512,,
2530,9,Laku95@mastodon.social,,,340,511,,
2531,7,olimitlolli@feddit.org,,,341,508,275,146
2532,11,intraspectre@toast.ooo,,,342,506,,
2533,9,scythemeowz@mastodon.social,,,343,504,,
2534,9,cupidsg@mastodon.social,,,343,504,,
2536,1,Tzar@lemmy.world,,,346,498,,
2537,12,wirr@discuss.tchncs.de,,,346,498,,
2538,206,JohnMadden@skeptics.social,,,346,498,,
2540,20,spielkus@aussie.zone,,,348,496,,
2541,81,moonlight@fedia.io,,,349,494,,
2542,37,chaoticneutralczech@lemmy.one,,,349,494,,
2543,57,feudjais@eldritch.cafe,,,350,491,,
2544,9,deathface@mastodon.social,,,351,489,,
2545,7,EherVielleicht@feddit.org,,,353,487,,
2546,23,Ilovethebomb@lemmy.nz,,,353,487,,
2547,4,CrispyCactus@lemm.ee,,,354,485,,
2548,7,Mrs_deWinter@feddit.org,,,354,485,,
2549,3,Collin@sh.itjust.works,,,354,485,,
2550,3,arudesalad@sh.itjust.works,,,355,484,368,4
2551,187,alex@social.voklen.com,,,356,481,,
2552,7,Zibberzebra@feddit.org,,,356,481,299,92
2553,242,Beringus@misskey.id,,,357,480,,
2554,7,kaida@feddit.org,,,358,478,290,114
2555,270,magic_smoke@links.hackliberty.org,,,359,477,,
2556,11,deceptiveflutters@toast.ooo,,,360,476,,
2557,27,lemmysuckurdick@lemmynsfw.com,,,360,476,,
2558,3,lemming@sh.itjust.works,,,361,475,340,33
2559,71,vykend@infosec.exchange,,,361,475,,
2560,128,blackjacksepp@mstdn.party,,,362,474,90,1153
2561,28,Evilcartyen@feddit.dk,,,363,473,367,5
2562,12,knatschus@discuss.tchncs.de,,,364,470,,
2563,58,aroom@mstdn.social,,,365,469,,
2564,5,eya@lemmy.blahaj.zone,,,366,468,,
2565,227,Phil@paravielfalt.zone,,,367,467,,
2566,15,Danterious@lemmy.dbzer0.com,,,368,466,,
2567,34,DrMarx@lemmygrad.ml,,,368,466,,
2568,213,one_suit_samus@retro.pizza,,,368,466,339,34
2569,7,d_k_bo@feddit.org,,,369,463,337,36
2570,219,manu@pouet.fedi.quebec,,,369,463,,
2571,31,naiboftabr@infosec.pub,,,370,461,,
2572,7,MrFloppy@feddit.org,,,371,458,,
2573,4,makingrain@lemm.ee,,,372,457,,
2574,6,Steal_your_face@lemmy.ml,,,373,452,,
2575,9,mikatakebu@mastodon.social,,,374,449,,
2576,25,grunge_fox@wetdry.world,,,375,448,,
2577,45,eya@yiffit.net,,,377,442,,
2578,36,thefeiter@chaos.social,,,377,442,,
2579,9,Sumida56@mastodon.social,,,378,440,,
2580,354,hkayn@dormi.zone,,,379,439,,
2581,4,Gacrux@lemm.ee,,,379,439,,
2582,10,voklen@programming.dev,,,380,436,,
2583,16,fonji@sopuli.xyz,,,381,430,,
2584,1,emasxp@lemmy.world,,,382,428,,
2585,19,crimeschneck@feddit.nl,,,382,428,,
2586,11,Ash_isbad@toast.ooo,,,383,427,,
2587,6,binette@lemmy.ml,,,384,424,88,1175
2588,3,AnotherFuture@sh.itjust.works,,,384,424,,
2589,1,mayidar@lemmy.world,,,385,423,,
2590,9,skorly@mastodon.social,,,386,422,,
2591,9,pedromakas@mastodon.social,,,386,422,,
2592,14,CasualTee@beehaw.org,,,387,421,,
2593,7,lemming@feddit.org,,,388,420,,
2594,6,everett@lemmy.ml,,,388,420,365,7
2595,27,eya@lemmynsfw.com,,,388,420,,
2596,7,senseless@feddit.org,,,389,418,,
2597,66,mamasch19@social.tchncs.de,,,390,417,,
2598,9,TestAccountPleaseIgnore@mastodon.social,,,390,417,,
2599,2,_Gandalf_the_Black_@feddit.de,,,390,417,,
2600,3,Dufurson@sh.itjust.works,,,391,416,,
2601,1,fartswithanaccent@lemmy.world,,,391,416,,
2602,9,Rqaraal@mastodon.social,,,392,414,,
2603,142,albi@furry.engineer,,,393,409,,
2604,1,c24w@lemmy.world,,,393,409,,
2605,11,Plazma@toast.ooo,,,394,408,,
2606,79,pok@mamot.fr,,,395,407,,
2608,4,muntedcrocodile@lemm.ee,,,397,404,,
2609,9,centuryy@mastodon.social,,,398,403,,
2610,222,lord@pleroma.lord.re,,,398,403,,
2611,25,CeruleanDerpo@wetdry.world,,,398,403,,
2612,13,Micromot@lemmy.zip,,,399,400,,
2613,7,cows_are_underrated@feddit.org,,,400,399,308,75
2614,29,corgana@startrek.website,,,400,399,346,27
2615,60,ealfox@mastodon.online,,,401,398,,
2616,2,onion@feddit.de,,,401,398,,
2617,28,clb92@feddit.dk,,,401,398,,
2618,368,RandomStickman@comicscamp.club,,,402,391,,
2619,55,LodeMike@lemmy.today,,,403,388,,
2620,40,Oliviastarstuff@fosstodon.org,,,404,386,,
2622,96,NorthWestWind@mastodon.art,,,405,384,,
2623,15,drkt@lemmy.dbzer0.com,,,405,384,,
2624,79,pinage404@mamot.fr,,,406,382,231,257
2625,21,KInoCr@mas.to,,,406,382,,
2626,7,enkrod@feddit.org,,,406,382,,
2627,15,deedan06_@lemmy.dbzer0.com,,,406,382,58,1633
2628,3,CommunistDefender@sh.itjust.works,,,406,382,,
2629,18,PaX@hexbear.net,,,407,379,,
2630,8,lemmyng@lemmy.ca,,,408,374,,
2631,9,casualpotat@mastodon.social,,,410,372,,
2632,137,SamSpudd@lemmy.lukeog.com,686,36,411,370,,
2633,3,germste@sh.itjust.works,,,411,370,,
2634,11,peebs@toast.ooo,,,412,369,,
2635,64,butterflyweed@blahaj.zone,,,412,369,,
2636,4,RandomGen1@lemm.ee,,,413,367,,
2637,15,myrumisvodka@lemmy.dbzer0.com,,,414,366,,
2638,52,myah@piaille.fr,,,415,365,,
2639,6,xior112@lemmy.ml,,,416,364,,
2640,9,darkcupid26@mastodon.social,,,417,363,,
2641,309,VladimirLenin@lemmy.cafe,,,418,362,,
2642,1,RandomWalker@lemmy.world,,,419,361,,
2643,230,masago@otakuzatoka.cz,,,420,360,,
2645,14,chipt4@beehaw.org,,,420,360,,
2646,173,victor_sueca@tooter.sftn.eu,,,421,359,,
2647,56,Quilly@equestria.social,,,422,348,143,607
2648,27,muffdiver@lemmynsfw.com,,,423,346,,
2649,74,programmerhumor@wehavecookies.social,,,424,345,,
2650,5,schlemmy@lemmy.blahaj.zone,,,424,345,,
2651,4,gluwu@lemm.ee,,,425,344,,
2652,203,dave@social.cologne,,,426,343,,
2653,1,baldingpudenda@lemmy.world,,,426,343,301,89
2654,1,Mechoselachia@lemmy.world,,,427,341,,
2655,9,jackhadfriends@mastodon.social,,,428,339,,
2656,48,MarxistCatgirl@lemy.lol,,,429,338,,
2657,45,l_b_i@yiffit.net,,,430,337,,
2658,7,TaionTheTram@feddit.org,,,431,336,,
2659,17,paboppa@jlai.lu,,,432,335,,
2660,6,wxnzxn@lemmy.ml,,,433,333,,
2661,74,admin@wehavecookies.social,,,433,333,,
2662,4,Asemundus@lemm.ee,,,434,332,,
2663,229,ark@otherling.social,,,435,331,,
2664,3,Varyk@sh.itjust.works,,,436,329,,
2665,176,misha@toki.social,,,436,329,,
2666,32,GreyShuck@feddit.uk,,,437,328,,
2667,12,whome@discuss.tchncs.de,,,438,327,,
2668,1,112haloboy@lemmy.world,,,438,327,,
2669,2,caos@feddit.de,,,439,326,,
2670,13,Montagge@lemmy.zip,,,440,325,333,40
2671,1,Delta_V@lemmy.world,,,441,323,,
2672,9,malusa@mastodon.social,,,441,323,,
2673,7,Diplomjodler@feddit.org,,,442,320,,
2674,133,xargon@livellosegreto.it,,,443,319,,
2675,29,admin@startrek.website,,,444,317,,
2676,48,fortatech@lemy.lol,,,444,317,,
2677,1,kolorafa@lemmy.world,,,445,315,,
2678,41,Bi@tech.lgbt,,,446,314,,
2679,38,nossaquesapao@lemmy.eco.br,,,447,313,228,271
2680,15,programmer_belch@lemmy.dbzer0.com,,,447,313,,
2681,17,helloyanis@jlai.lu,,,448,312,,
2682,15,Gorillazrule@lemmy.dbzer0.com,,,448,312,,
2683,193,gabik65@social.pixelcave.xyz,,,449,310,,
2684,7,Dunstabzugshaubitze@feddit.org,,,450,309,,
2685,51,ErikUden@mastodon.de,,,450,309,,
2686,1,aggelalex@lemmy.world,,,451,308,,
2687,118,monnie@snug.moe,,,451,308,,
2688,25,NorthWestWind@wetdry.world,,,452,307,302,86
2689,9,Sidges@mastodon.social,,,452,307,,
2690,65,k@transfem.social,,,453,306,,
2691,3,ray@sh.itjust.works,,,453,306,,
2692,3,nanclus@sh.itjust.works,,,453,306,,
2693,13,tigeruppercut@lemmy.zip,,,454,305,,
2694,7,aaaaaaaaargh@feddit.org,,,454,305,,
2695,7,olebla@feddit.org,,,455,302,273,148
2696,17,mat@jlai.lu,,,455,302,361,11
2697,94,amreo@mastodon.uno,,,455,302,,
2698,6,usernamesAreTricky@lemmy.ml,43,1879,456,301,144,601
2699,5,petrol_sniff_king@lemmy.blahaj.zone,,,456,301,,
2700,4,Foni@lemm.ee,,,457,299,,
2701,81,Fitik@fedia.io,,,458,298,,
2702,3,DerTschl0mpf@sh.itjust.works,,,458,298,116,807
2703,87,admetan@social.noleron.com,,,459,297,,
2704,57,emile@eldritch.cafe,,,460,295,,
2705,20,Ringmasterincestuous@aussie.zone,112,1212,461,294,,
2706,3,zippaling@sh.itjust.works,,,462,293,,
2707,10,Daeltam@programming.dev,,,463,292,,
2708,60,mhloppy@mastodon.online,,,463,292,,
2709,15,msgraves@lemmy.dbzer0.com,,,464,291,,
2710,40,volpit@fosstodon.org,,,465,290,,
2711,3,alligatorblizzard@sh.itjust.works,,,465,290,,
2712,22,OmegaMouse@pawb.social,,,465,290,,
2713,107,trick@idic.social,,,465,290,,
2714,7,Sankta@feddit.org,,,465,290,,
2715,4,GoldenCow@lemm.ee,,,465,290,,
2716,17,Gush5310@jlai.lu,,,466,289,,
2717,9,scourgeofgod@mastodon.social,,,467,288,,
2718,35,krusty@feddit.it,,,467,288,,
2719,40,ZeptoAto@fosstodon.org,,,467,288,370,2
2720,30,WaterfallAdventure@reddthat.com,,,468,287,,
2721,82,GunDownGrace@xelebre.com,,,469,285,,
2722,43,ann@grants.cafe,,,470,283,,
2723,3,grntrenchman@sh.itjust.works,,,471,281,,
2725,9,Fire_tower@mastodon.social,,,472,279,,
2726,8,bonsoir@lemmy.ca,,,473,278,,
2727,18,bountifuleggnog@hexbear.net,,,473,278,,
2728,7,BurningTurtle@feddit.org,,,474,277,,
2729,226,minybolito@peculiar.florist,,,475,276,,
2730,3,1boiledpotato@sh.itjust.works,,,476,274,,
2731,330,KommunistVerteidiger@hessen.social,,,476,274,,
2732,5,wazzupdog@lemmy.blahaj.zone,,,477,273,,
2733,8,germste@lemmy.ca,,,478,272,,
2735,159,lafgl@zirk.us,,,479,270,,
2736,57,fedishine@eldritch.cafe,,,480,265,,
2737,1,g0d0fm15ch13f@lemmy.world,,,481,262,,
2738,1,Ekpu@lemmy.world,,,481,262,,
2739,9,T_the_cheet@mastodon.social,,,482,261,118,785
2740,1,Dayroom7485@lemmy.world,,,483,260,,
2741,97,plainoldcheese@masto.ai,,,483,260,,
2742,12,Mrs_deWinter@discuss.tchncs.de,,,484,259,,
2743,11,Daeltam@toast.ooo,,,484,259,258,176
2744,11,itsnooya@toast.ooo,,,485,258,,
2745,4,Signtist@lemm.ee,,,485,258,,
2746,5,HEXN3T@lemmy.blahaj.zone,,,485,258,,
2747,9,0verm0rr0w@mastodon.social,,,485,258,,
2748,19,thorry84@feddit.nl,,,486,256,,
2749,44,CJOtheReal@ani.social,,,487,255,,
2750,7,elchi@feddit.org,,,487,255,,
2751,7,wieson@feddit.org,,,488,253,320,58
2752,1,kr0n@lemmy.world,,,488,253,,
2753,65,iocside@transfem.social,,,489,252,,
2754,10,fuzzy_feeling@programming.dev,,,489,252,,
2755,107,tricky@idic.social,,,490,248,,
2756,12,eco_game@discuss.tchncs.de,,,490,248,,
2757,34,jonathan12345@lemmygrad.ml,,,490,248,,
2758,95,tissek@mastodon.nu,,,491,247,,
2759,188,Geniusak@social.vivaldi.net,,,491,247,,
2760,3,Shieldtoad@sh.itjust.works,,,492,246,,
2761,15,Ravenn@lemmy.dbzer0.com,,,493,244,,
2762,56,hawthornbunny@equestria.social,,,494,243,68,1375
2763,9,blechlawine@mastodon.social,,,494,243,,
2764,6,daniyeg@lemmy.ml,,,494,243,,
2765,12,lifter@discuss.tchncs.de,,,494,243,,
2766,7,wofls@feddit.org,,,495,242,,
2767,5,Salvaria@lemmy.blahaj.zone,,,496,241,,
2768,1,wazzupdog@lemmy.world,,,496,241,,
2769,66,morrowind@social.tchncs.de,,,497,240,,
2770,1,vbb@lemmy.world,,,497,240,244,213
2771,9,cooltoast@mastodon.social,,,498,238,,
2772,5,Ladle@lemmy.blahaj.zone,,,499,237,,
2774,51,WeDotYou@mastodon.de,,,500,235,,
2775,12,morgunkorn@discuss.tchncs.de,,,500,235,,
2776,1,scio@lemmy.world,,,501,233,371,1
2777,9,breanna04@mastodon.social,,,501,233,,
2778,18,Cowbee@hexbear.net,,,501,233,,
2779,11,Potoooooooo@toast.ooo,,,501,233,,
2780,9,yoshinyon@mastodon.social,,,501,233,,
2781,11,Twig_Bug@toast.ooo,,,502,232,,
2782,95,wretman@mastodon.nu,,,502,232,,
2783,9,pumpkinyolo@mastodon.social,,,502,232,,
2784,9,gamer191@mastodon.social,,,503,230,,
2785,37,DaBai@lemmy.one,,,504,229,,
2786,46,temeleh@lemdro.id,,,505,227,,
2787,5,rxin@lemmy.blahaj.zone,,,505,227,,
2788,54,joejoetv@troet.cafe,,,506,226,,
2789,1,glablynon@lemmy.world,,,506,226,,
2790,1,spl@lemmy.world,,,507,225,,
2791,67,foxmorph@oddballs.online,,,507,225,,
2793,24,ssm@lemmy.sdf.org,,,509,223,,
2794,34,polskilumalo@lemmygrad.ml,,,510,221,,
2795,18,dialectical_analysis_of_gock@hexbear.net,,,510,221,,
2796,15,bigboig@lemmy.dbzer0.com,,,511,220,,
2797,21,mir@mas.to,,,511,220,,
2798,16,lseif@sopuli.xyz,,,512,219,,
2799,7,stummgeschaltet@feddit.org,,,512,219,,
2800,1,purple_drank@lemmy.world,,,512,219,156,567
2801,36,hcsch@chaos.social,,,512,219,,
2802,3,sorrybookbroke@sh.itjust.works,,,513,218,,
2803,145,yindrik@f.cz,,,514,217,,
2804,58,ozzelot@mstdn.social,,,515,216,,
2805,1,PigStyle@lemmy.world,,,515,216,,
2806,1,Canyon201@lemmy.world,,,516,215,,
2807,18,wiihappyfew@hexbear.net,,,516,215,,
2808,338,everall@gaygeek.social,,,516,215,,
2809,64,supakaity@blahaj.zone,,,516,215,,
2810,1,UnfairUtan@lemmy.world,,,517,214,,
2811,5,camus@lemmy.blahaj.zone,,,517,214,,
2812,66,lm_41@social.tchncs.de,,,517,214,,
2813,13,we_avoid_temptation@lemmy.zip,,,517,214,,
2814,25,thememesniper@wetdry.world,,,517,214,,
2815,46,botorfj@lemdro.id,,,518,213,,
2816,38,YaxPasaj@lemmy.eco.br,,,519,212,,
2817,3,Jumuta@sh.itjust.works,,,519,212,,
2818,13,Neon_Carnivore@lemmy.zip,,,520,211,,
2819,6,whodoctor11@lemmy.ml,,,520,211,,
2820,1,ChilledPeppers@lemmy.world,,,520,211,,
2821,1,somerandomguyidrk@lemmy.world,,,521,210,,
2822,13,sunglocto@lemmy.zip,,,522,209,,
2823,1,Forne@lemmy.world,,,522,209,,
2824,11,Orcman354@toast.ooo,,,523,208,,
2825,5,natuhhlee@lemmy.blahaj.zone,,,523,208,,
2826,110,maven@woem.men,,,523,208,,
2827,5,Ithral@lemmy.blahaj.zone,,,524,204,,
2828,35,NicKoehler@feddit.it,,,525,203,,
2829,13,possiblylinux127@lemmy.zip,,,525,203,,
2830,3,dudeimmacgyver@sh.itjust.works,,,526,202,,
2831,147,lemmy@endlesstalk.org,,,528,200,,
2832,65,hothrin@transfem.social,,,528,200,,
2833,53,leviathan@nnia.space,,,528,200,,
2834,8,Sunandshadow@lemmy.ca,,,529,198,,
2835,33,explore_broaden@midwest.social,,,530,197,,
2836,9,lake@mastodon.social,,,532,195,,
2837,101,cth@lemmy.wtf,,,533,194,,
2838,105,Kaari@leminal.space,,,533,194,,
2839,46,Manzas@lemdro.id,,,534,193,,
2840,9,SwarmVoid@mastodon.social,,,535,192,,
2841,32,greatalbatross@feddit.uk,,,536,191,,
2842,150,filmroellchen@donotsta.re,,,537,190,327,50
2843,14,Generous1146@beehaw.org,,,538,187,,
2844,1,chrischryse@lemmy.world,,,538,187,,
2845,25,freeplay@wetdry.world,,,538,187,,
2846,15,onoira@lemmy.dbzer0.com,,,539,186,201,352
2847,130,jak2k@mastodontech.de,,,540,185,270,152
2848,57,orange_lux@eldritch.cafe,,,540,185,,
2849,1,LordPinkFloyd@lemmy.world,,,541,184,,
2850,156,misterbngo@awful.systems,,,541,184,,
2851,43,wxmcxdsyjgvpxhjpjn@grants.cafe,,,542,183,,
2852,1,germste@lemmy.world,,,543,180,,
2853,6,wazzupdog@lemmy.ml,,,543,180,,
2854,36,maze@chaos.social,,,543,180,,
2855,15,assa123@lemmy.dbzer0.com,,,544,179,,
2856,1,ProjectPatatoe@lemmy.world,,,544,179,,
2857,10,Gobbel2000@programming.dev,,,545,178,122,762
2858,53,comrade_lecter@nnia.space,,,545,178,,
2859,48,sag@lemy.lol,,,545,178,,
2860,3,idegenszavak@sh.itjust.works,,,546,177,,
2861,12,Black616angel@discuss.tchncs.de,,,547,176,,
2862,31,sudojustwork@infosec.pub,,,547,176,,
2863,32,TIN@feddit.uk,,,547,176,319,59
2864,28,Limfjorden@feddit.dk,,,547,176,,
2865,8,olicvb@lemmy.ca,,,548,175,,
2866,7,__Zess__@feddit.org,,,548,175,,
2867,52,shadeow@piaille.fr,,,548,175,,
2868,16,bleistift2@sopuli.xyz,,,549,174,,
2869,9,SquishyUndead@mastodon.social,,,549,174,,
2870,15,Paschko_mato@lemmy.dbzer0.com,,,550,173,,
2871,22,ponyofwar@pawb.social,,,551,172,,
2872,10,gingernate@programming.dev,,,552,169,,
2873,7,Sonne@feddit.org,,,552,169,351,22
2874,18,WittyProfileName2@hexbear.net,,,553,168,,
2875,5,JPAKx4@lemmy.blahaj.zone,,,553,168,317,61
2876,8,derisionconsulting@lemmy.ca,,,553,168,,
2877,6,Robot_Servo_81@lemmy.ml,,,554,167,,
2878,14,shadowwwind@beehaw.org,,,554,167,,
2879,11,zubb08@toast.ooo,,,555,166,,
2880,26,prunebutt@slrpnk.net,,,555,166,,
2881,1,captaincoupi@lemmy.world,,,555,166,,
2882,9,blueturbo47@mastodon.social,,,556,165,,
2883,43,vegan935@grants.cafe,,,556,165,,
2884,352,kakafarm@emacs.ch,,,557,164,,
2885,51,Test123@mastodon.de,,,557,164,,
2886,1,Disgrace6412@lemmy.world,,,557,164,,
2887,10,jasoncg@programming.dev,,,558,163,,
2888,9,tastytomato1982@mastodon.social,,,558,163,,
2889,7,Localhorst86@feddit.org,,,559,161,370,2
2890,3,PlzGivHugs@sh.itjust.works,,,560,160,,
2892,6,sharkfucker420@lemmy.ml,,,560,160,,
2893,1,314xel@lemmy.world,,,560,160,,
2894,3,can@sh.itjust.works,,,561,159,,
2895,8,syer10@lemmy.ca,,,561,159,,
2896,17,shagshag@jlai.lu,,,562,158,,
2897,382,jpolgesek@101010.pl,,,562,158,206,335
2898,7,SceptrN@feddit.org,,,563,157,353,20
2899,5,madeline@lemmy.blahaj.zone,,,564,156,,
2900,21,haruhisuzumiya@mas.to,,,565,155,,
2901,320,elucid8ion@kolektiva.social,,,565,155,,
2902,11,ColtenG9@toast.ooo,,,566,154,371,1
2903,3,verity_kindle@sh.itjust.works,,,566,154,,
2904,3,_haha_oh_wow_@sh.itjust.works,,,566,154,,
2905,11,jojo@toast.ooo,,,566,154,,
2906,11,legoman6952@toast.ooo,,,566,154,,
2907,343,awooo@floofy.tech,,,566,154,,
2909,10,verstra@programming.dev,,,568,152,,
2910,53,katalyst@nnia.space,,,569,147,,
2911,25,23Sonics@wetdry.world,,,569,147,,
2912,15,Flatworm7591@lemmy.dbzer0.com,,,570,146,,
2914,67,Apologist@oddballs.online,,,570,146,,
2915,18,oscardejarjayes@hexbear.net,,,571,145,,
2916,34,davsc@lemmygrad.ml,,,571,145,,
2917,326,noggynoggy@ieji.de,,,572,144,,
2918,7,Blue_Bee@feddit.org,,,572,144,,
2919,18,Evilphd666@hexbear.net,,,572,144,,
2920,36,rentin@chaos.social,,,572,144,,
2921,218,nilsding@pounced-on.me,,,573,143,,
2922,9,m0xqdci4h1@mastodon.social,,,573,143,,
2923,1,sidewayshighways@lemmy.world,,,574,142,,
2924,119,dok@rivals.space,,,574,142,,
2925,3,mapletree@sh.itjust.works,,,574,142,,
2926,6,chromolium_falcon@lemmy.ml,,,574,142,,
2927,237,ErikUden@muenchen.social,,,575,141,,
2928,41,nonbinaryapps@tech.lgbt,,,575,141,,
2929,9,alixcozmo@mastodon.social,,,576,140,,
2930,24,vlad76@lemmy.sdf.org,,,576,140,,
2931,144,anarchaos@fe.disroot.org,,,577,139,,
2932,111,mascottus@veganism.social,,,577,139,,
2933,44,zabadoh@ani.social,,,577,139,,
2934,5,kittykittycatboys@lemmy.blahaj.zone,,,578,138,,
2935,93,SexyTinyIce@mastodon.world,,,578,138,,
2936,1,kurki93@lemmy.world,,,578,138,,
2937,9,richteas@mastodon.social,,,579,137,,
2938,6,Synthuir@lemmy.ml,,,579,137,,
2939,7,Blechtaler@feddit.org,,,580,136,,
2940,1,ABasilPlant@lemmy.world,,,580,136,,
2941,5,fiat126@lemmy.blahaj.zone,,,581,135,,
2942,9,tarcisio_surdi@mastodon.social,,,581,135,,
2943,31,Deebster@infosec.pub,,,582,134,,
2944,57,divine_lu@eldritch.cafe,,,582,134,,
2945,3,fuckthepolice@sh.itjust.works,,,582,134,,
2946,9,8p9otlwo45@mastodon.social,,,582,134,,
2947,16,Klanky@sopuli.xyz,,,583,133,,
2948,7,ZonenRanslite@feddit.org,,,583,133,100,988
2949,1,pink@lemmy.world,,,583,133,,
2950,10,machinesmith42@programming.dev,,,584,132,,
2951,1,whostosay@lemmy.world,,,584,132,,
2952,9,voidep@mastodon.social,,,585,131,,
2953,6,yynt@lemmy.ml,,,585,131,,
2954,52,lsdog@piaille.fr,,,585,131,,
2955,185,KazukyAkayashi@social.zarchbox.fr,,,586,130,,
2956,9,randomblock1@mastodon.social,,,587,129,,
2957,3,garth@sh.itjust.works,,,587,129,362,10
2958,12,Starfighter@discuss.tchncs.de,,,588,128,178,458
2959,257,gxoja@mastodon.green,,,588,128,,
2960,141,Zodian@hooves.social,,,589,127,,
2961,7,trolske@feddit.org,,,589,127,,
2962,4,gregortactac@lemm.ee,,,590,126,,
2963,24,SpoopyKing@lemmy.sdf.org,,,590,126,,
2964,121,annaaurora@pony.social,,,590,126,,
2965,112,RavenKnight61@toot.garden,,,591,125,,
2966,56,logan9789@equestria.social,,,592,122,165,508
2967,5,Black_Quajutsu@lemmy.blahaj.zone,,,592,122,,
2968,30,Danitos@reddthat.com,,,593,120,,
2969,31,manucode@infosec.pub,,,593,120,,
2970,5,onoira@lemmy.blahaj.zone,,,593,120,,
2971,10,xJunit@programming.dev,,,593,120,,
2972,25,winload_exe@wetdry.world,,,593,120,,
2973,16,rockape@sopuli.xyz,,,593,120,,
2974,101,vimeswk@lemmy.wtf,,,593,120,,
2975,375,fen@antabaka.me,,,594,119,,
2976,17,Dk58@jlai.lu,,,594,119,,
2977,246,bromagosa@mastodont.cat,,,594,119,,
2978,4,wanderingmagus@lemm.ee,,,595,118,,
2979,18,Alaskaball@hexbear.net,,,595,118,,
2980,11,not_jules@toast.ooo,,,596,117,,
2981,135,administrator@lemmy.self-hosted.site,,,596,117,,
2982,69,rikudou@lemmings.world,,,597,116,,
2983,7,JetpackJackson@feddit.org,,,597,116,,
2984,25,Houl@wetdry.world,,,597,116,,
2985,3,ZebraGoose@sh.itjust.works,,,598,115,,
2986,19,F04118F@feddit.nl,,,598,115,,
2987,11,irroc_0001@toast.ooo,,,599,114,,
2988,178,femboytoy@thicc.horse,,,599,114,,
2989,1,deus@lemmy.world,,,600,113,,
2990,54,ErikUden@troet.cafe,,,601,112,,
2991,3,furball@sh.itjust.works,,,601,112,,
2992,158,ari@ak.ari.lt,,,601,112,,
2993,13,Marty_TF@lemmy.zip,,,602,111,364,8
2994,52,gruik@piaille.fr,,,602,111,,
2995,122,nerdsnerd@pone.social,,,603,110,,
2996,12,eberhardt@discuss.tchncs.de,,,603,110,,
2997,15,alsaaas@lemmy.dbzer0.com,,,603,110,,
2998,9,mirkcirk@mastodon.social,,,604,109,,
2999,5,teutotina@lemmy.blahaj.zone,,,605,108,,
3000,11,MatttNguyen@toast.ooo,,,605,108,,
3001,1,jagungal@lemmy.world,,,605,108,,
3002,373,jojo@blobfox.coffee,,,605,108,,
3003,16,Webghost0101@sopuli.xyz,378,419,606,107,140,649
3004,43,Kayway@grants.cafe,,,606,107,,
3005,288,offspec@lemmy.nicknakin.com,,,606,107,,
3007,12,nonap@discuss.tchncs.de,,,606,107,,
3008,101,thedarkness@lemmy.wtf,,,606,107,,
3009,43,rwjffymhlbbypvomkk@grants.cafe,,,607,105,,
3010,162,Poslovitch@wikis.world,,,607,105,,
3011,261,tanguyraton@masto.bike,,,607,105,,
3012,43,vecovywohoefaqddft@grants.cafe,,,608,104,,
3013,21,levit4tion@mas.to,,,609,103,,
3014,1,MarciaLynnDorsett@lemmy.world,,,609,103,,
3015,380,cobra@ak.vern.cc,,,609,103,,
3016,225,chrastecky@phpc.social,,,610,102,,
3017,94,AVI@mastodon.uno,,,610,102,,
3018,40,tkk13909@fosstodon.org,,,610,102,,
3019,11,awesomealt@toast.ooo,,,610,102,,
3020,18,switchywitchyandbitchy@hexbear.net,,,610,102,,
3021,10,MP3Martin@programming.dev,,,611,101,,
3022,1,eth0slash0@lemmy.world,,,611,101,,
3023,28,ben@feddit.dk,,,611,101,,
3024,5,ClusterBomb@lemmy.blahaj.zone,,,611,101,,
3025,6,12_5@lemmy.ml,,,612,100,,
3026,34,ExotiqueMatter@lemmygrad.ml,,,612,100,,
3027,43,layzttmntaxiezkdgy@grants.cafe,,,612,100,,
3028,150,domi@donotsta.re,,,612,100,113,830
3029,32,yen@feddit.uk,,,613,98,,
3030,4,chefdano3@lemm.ee,,,614,97,,
3031,15,disoxlw@lemmy.dbzer0.com,,,614,97,,
3032,128,perdidonavida@mstdn.party,,,614,97,,
3033,7,jakobdev@feddit.org,,,614,97,,
3034,18,Staines@hexbear.net,,,615,96,,
3035,33,sudc@midwest.social,,,615,96,,
3036,9,d3nofury@mastodon.social,,,616,95,,
3037,251,rimu@mastodon.nzoss.nz,,,617,94,,
3038,4,bob@lemm.ee,,,618,93,,
3039,18,thordros@hexbear.net,,,618,93,,
3040,201,daniel@social.dhelonious.de,,,618,93,182,432
3041,139,grgml@indieweb.social,,,619,92,,
3042,322,jasdemi@jasdemi.com,,,620,91,,
3043,9,sirikon@mastodon.social,,,620,91,,
3044,13,catculation@lemmy.zip,,,620,91,,
3045,7,Thunraz@feddit.org,,,621,90,,
3046,2,melooone@feddit.de,,,621,90,,
3047,1,sensiblepuffin@lemmy.world,,,621,90,,
3048,126,tuxonbike@norden.social,,,621,90,,
3049,81,irremarkable@fedia.io,,,621,90,,
3051,18,Edie@hexbear.net,,,622,89,,
3052,142,callyral@furry.engineer,,,622,89,,
3053,12,Tibi@discuss.tchncs.de,,,622,89,,
3054,15,old_machine_breaking_apart@lemmy.dbzer0.com,,,622,89,,
3055,177,georgemoody@tiny.tilde.website,,,622,89,,
3056,68,tmpod@lemmy.pt,,,622,89,,
3057,11,HailTheDarkness@toast.ooo,,,623,88,,
3058,1,bravelittletoaster@lemmy.world,,,623,88,,
3059,341,gratux@furries.club,,,624,87,,
3060,8,JizzmasterD@lemmy.ca,,,624,87,,
3061,5,Sparky@lemmy.blahaj.zone,,,624,87,,
3062,4,jackgreenearth@lemm.ee,,,624,87,,
3063,9,Ikazune@mastodon.social,,,625,86,,
3064,109,ErikUden@c.im,,,625,86,,
3065,40,ErikUden@fosstodon.org,,,625,86,,
3066,18,Pili@hexbear.net,,,626,85,,
3067,345,minecraftchest1@firefish.minecraftchest1.us,,,626,85,,
3068,333,plussoyeureuse@h4.io,,,626,85,,
3069,286,Oha@lemmy.ohaa.xyz,,,627,84,371,1
3070,8,DiabolicalBird@lemmy.ca,,,627,84,,
3071,1,Rikudou_Sage@lemmy.world,,,627,84,,
3072,15,halfway_neko@lemmy.dbzer0.com,,,627,84,,
3073,17,Beryl@jlai.lu,,,627,84,,
3074,19,Vincent@feddit.nl,,,627,84,,
3075,323,rexo@is.horse,,,627,84,,
3076,21,ErikUden@mas.to,,,628,83,,
3078,29,quark42@startrek.website,,,628,83,,
3079,1,mecfs@lemmy.world,,,628,83,,
3080,12,shadeless@discuss.tchncs.de,,,628,83,,
3081,32,AngusTheNerd@feddit.uk,,,629,82,,
3082,18,What_Religion_R_They@hexbear.net,,,629,82,,
3083,8,rbesfe@lemmy.ca,,,629,82,,
3084,144,8nlight@fe.disroot.org,,,629,82,,
3085,43,uvhivanmeenpxbwgag@grants.cafe,,,630,81,,
3086,17,JeanMichelVase@jlai.lu,,,630,81,,
3087,58,virtualmarc@mstdn.social,,,630,81,,
3088,60,esyra@mastodon.online,,,630,81,,
3089,18,EpicKebabEater@hexbear.net,,,630,81,,
3090,8,otter@lemmy.ca,,,631,80,,
3091,3,ThanksForAllTheFish@sh.itjust.works,,,631,80,,
3092,111,bitter_potato@veganism.social,,,631,80,,
3093,115,bookswiftieandrew@techhub.social,,,631,80,,
3094,9,dch82@mastodon.social,,,632,79,,
3095,256,wagesj45@mastodon.jordanwages.com,,,633,78,,
3096,328,richardwalter@hostux.social,,,633,78,,
3097,21,iloveharuhisuzumiya@mas.to,,,633,78,,
3098,7,emhl@feddit.org,,,633,78,,
3099,7,eazykiller@feddit.org,,,633,78,,
3100,41,gabrilend@tech.lgbt,,,634,77,,
3101,5,hummas@lemmy.blahaj.zone,,,634,77,,
3102,357,michael_p@det.social,,,634,77,,
3103,129,caos@metalhead.club,,,635,76,,
3104,12,Nilloc@discuss.tchncs.de,,,636,73,356,17
3105,329,thedaemon@hj.9fs.net,,,636,73,,
3106,9,mikcxjo@mastodon.social,,,636,73,,
3107,58,EdanOsborne@mstdn.social,,,636,73,,
3108,43,xmwmrgqzprxjnptnfd@grants.cafe,,,636,73,,
3109,51,emily@mastodon.de,,,636,73,,
3111,3,socsa@sh.itjust.works,,,637,72,,
3112,16,zaphod@sopuli.xyz,,,638,71,,
3113,56,severith@equestria.social,,,638,71,,
3114,107,trickier@idic.social,,,638,71,,
3115,9,amaki123@mastodon.social,,,638,71,,
3116,1,ddaarroo@lemmy.world,,,639,70,357,16
3117,4,Tower@lemm.ee,,,639,70,,
3118,15,Zurgo@lemmy.dbzer0.com,,,639,70,,
3119,3,r_ffer23@sh.itjust.works,,,639,70,,
3120,9,Imperor@mastodon.social,,,640,69,,
3121,10,technohacker@programming.dev,,,640,69,,
3122,16,guntrigger@sopuli.xyz,,,640,69,,
3123,337,bentigorlich@gehirneimer.de,,,641,68,,
3124,7,saturn@feddit.org,,,641,68,,
3125,1,muntedcrocodile@lemmy.world,,,641,68,,
3126,1,FlyingGayMonkey@lemmy.world,,,642,67,,
3127,132,Frenchie@mastodon.top,,,642,67,,
3128,133,cedmax@livellosegreto.it,,,643,66,,
3129,40,cuboimposible@fosstodon.org,,,643,66,,
3130,26,keepthepace@slrpnk.net,,,643,66,,
3131,26,AccountMaker@slrpnk.net,,,644,65,,
3132,13,all4one@lemmy.zip,,,644,65,,
3133,1,rehydrate@lemmy.world,,,645,64,,
3134,25,boxy@wetdry.world,,,645,64,,
3135,41,kittybwained@tech.lgbt,,,646,63,,
3136,26,midnight@slrpnk.net,,,647,62,,
3137,17,CommationCerebrole@jlai.lu,,,647,62,,
3138,166,ErikUden@uwu.social,,,647,62,,
3139,3,jakylla@sh.itjust.works,,,648,61,,
3140,91,blaue_Fledermaus@mstdn.io,,,648,61,,
3141,7,panamanap@feddit.org,,,648,61,,
3142,1,alguncha@lemmy.world,,,648,61,,
3143,9,sil@mastodon.social,,,648,61,,
3144,9,patrickgold@mastodon.social,,,648,61,,
3145,9,onion@mastodon.social,,,649,60,,
3146,38,perdido@lemmy.eco.br,,,649,60,,
3147,121,sanfierro@pony.social,,,649,60,,
3148,24,raoul@lemmy.sdf.org,,,650,59,,
3149,34,Pili@lemmygrad.ml,,,651,58,,
3150,7,Imnotcreative@feddit.org,,,651,58,,
3151,25,kaiiak@wetdry.world,,,651,58,,
3152,366,ticlagrao@corneill.es,,,652,57,,
3153,3,TheLorax@sh.itjust.works,,,652,57,,
3154,3,unimalion@sh.itjust.works,,,652,57,,
3155,98,consuela@mapsupport.de,,,652,57,,
3156,31,mashbooq@infosec.pub,,,652,57,,
3157,7,LyingCake@feddit.org,,,653,56,,
3158,3,spacemarine@sh.itjust.works,,,653,56,,
3159,18,deinonychus@hexbear.net,,,653,56,,
3160,18,asante@hexbear.net,,,653,56,,
3161,17,jamesNFCN@jlai.lu,,,654,55,,
3162,87,ihor@social.noleron.com,,,654,55,,
3163,115,ErikUden@techhub.social,,,654,55,,
3164,4,Dianoga@lemm.ee,,,654,55,,
3165,9,mcj@mastodon.social,,,655,54,,
3166,5,lqdrchrd@lemmy.blahaj.zone,,,655,54,,
3167,122,firlin@pone.social,,,655,54,,
3168,10,importhappinessdoth@programming.dev,,,655,54,,
3169,4,fruity@lemm.ee,,,655,54,,
3170,30,mrcookierespect@reddthat.com,,,655,54,,
3171,51,brotimc@mastodon.de,,,655,54,,
3172,51,bot@mastodon.de,,,655,54,,
3173,11,HetronicBob@toast.ooo,,,656,53,,
3174,8,yetAnotherUser@lemmy.ca,,,656,53,,
3175,25,Proto@wetdry.world,,,656,53,,
3176,1,SteveNashFan@lemmy.world,,,657,52,,
3177,9,aeweto@mastodon.social,,,657,52,,
3178,370,codl@chitter.xyz,,,657,52,,
3179,13,grimm@lemmy.zip,,,657,52,,
3180,9,bethke@mastodon.social,,,657,52,,
3181,38,hirage@lemmy.eco.br,,,657,52,,
3182,4,Gingernate@lemm.ee,524,210,658,51,,
3183,9,mogoh@mastodon.social,,,659,50,,
3185,30,fernandofig@reddthat.com,,,660,49,,
3186,6,yjr4df0708@lemmy.ml,,,660,49,,
3187,15,NateSwift@lemmy.dbzer0.com,,,660,49,,
3188,92,mausu@meow.social,,,661,48,,
3189,374,bird@birdbox.party,,,661,48,,
3190,14,Zoop@beehaw.org,,,661,48,,
3191,36,yog_sothoth@chaos.social,,,661,48,,
3192,7,bobtimus_prime@feddit.org,,,662,47,319,59
3193,170,ace@toots.ananace.dev,,,662,47,,
3194,91,matthieu@mstdn.io,,,663,46,,
3195,18,gucci_minh@hexbear.net,,,663,46,,
3196,1,Homer1@lemmy.world,,,663,46,,
3197,192,michel@social.recondo.com.br,,,663,46,,
3198,263,ErikUden@m.cmx.im,,,663,46,,
3199,1,NegativeInf@lemmy.world,,,664,45,,
3200,21,bae@mas.to,,,664,45,,
3201,359,stellae@derg.social,,,664,45,,
3202,54,uves@troet.cafe,,,665,44,,
3203,12,ardorhb@discuss.tchncs.de,,,665,44,,
3204,9,nbirckel@mastodon.social,,,665,44,,
3205,16,lugal@sopuli.xyz,,,665,44,,
3206,1,Skyezopen@lemmy.world,,,665,44,,
3207,155,tate@biglemmowski.win,,,665,44,,
3208,7,Addoyy@feddit.org,,,666,43,304,84
3209,1,Apepollo11@lemmy.world,,,666,43,,
3210,10,UlrikHD@programming.dev,,,666,43,,
3211,25,infinitysnapz@wetdry.world,,,666,43,,
3212,82,tesserast@xelebre.com,,,666,43,,
3213,11,Archer@toast.ooo,,,667,42,,
3214,56,Starshine@equestria.social,,,667,42,,
3215,10,AsgerFD@programming.dev,,,667,42,,
3216,10,armchair_progamer@programming.dev,,,667,42,,
3217,221,efyre@potate.space,,,667,42,,
3218,54,brotimc@troet.cafe,,,667,42,,
3219,125,cedmax@octodon.social,,,668,41,,
3220,1,jazdax@lemmy.world,,,668,41,,
3221,41,kite@tech.lgbt,,,668,41,,
3222,3,zeri@sh.itjust.works,,,668,41,,
3223,250,tacostrange@mastodon.radio,,,668,41,,
3224,48,quazaromega@lemy.lol,,,668,41,,
3225,34,comradeed@lemmygrad.ml,,,669,40,,
3226,1,coke38@lemmy.world,,,669,40,,
3227,11,shushue@toast.ooo,,,669,40,,
3228,224,morgunkorn@pixel.tchncs.de,,,669,40,,
3229,9,azestyburger@mastodon.social,,,669,40,,
3230,3,possiblyaperson@sh.itjust.works,,,670,39,,
3231,7,brotundspiele@feddit.org,,,670,39,,
3232,36,mrsmoer@chaos.social,,,670,39,,
3233,15,redditreallysucks@lemmy.dbzer0.com,,,671,38,,
3234,53,consuela@nnia.space,,,671,38,,
3235,10,jonc211@programming.dev,,,671,38,,
3236,4,giantfloppycock@lemm.ee,,,672,37,,
3237,365,phielaidmignon@cornichon.me,,,672,37,,
3238,7,johanno@feddit.org,,,672,37,,
3239,4,kux@lemm.ee,,,672,37,,
3240,1,fothermucker@lemmy.world,,,672,37,,
3241,1,kinggold@lemmy.world,,,672,37,,
3242,13,wolferatu@lemmy.zip,,,673,36,,
3243,1,BedbugCutlefish@lemmy.world,,,673,36,,
3244,3,sirius006@sh.itjust.works,,,673,36,,
3245,9,tizmic@mastodon.social,,,673,36,,
3246,18,wtypstanaccount04@hexbear.net,,,673,36,,
3247,54,Egin@troet.cafe,,,674,35,,
3248,123,Poyo@pipou.academy,,,674,35,,
3249,21,Appleman283@mas.to,,,674,35,,
3250,241,originalucifer@moist.catsweat.com,,,674,35,,
3252,7,jobe@feddit.org,,,675,34,,
3253,16,liam070@sopuli.xyz,,,676,33,,
3254,18,moonworm@hexbear.net,,,676,33,,
3255,26,schmoo@slrpnk.net,,,676,33,,
3256,3,YourNewFavouriteUser@sh.itjust.works,,,676,33,134,684
3257,9,notankies@mastodon.social,,,676,33,,
3258,11,ibtyx@toast.ooo,,,677,32,,
3259,11,ashtoast@toast.ooo,,,677,32,,
3260,1,MrPommeroy@lemmy.world,,,677,32,,
3261,26,fedop@slrpnk.net,,,677,32,,
3262,21,AngelDevil09@mas.to,,,677,32,,
3263,7,miostetsson@feddit.org,,,677,32,306,78
3264,98,katie@mapsupport.de,,,677,32,,
3265,8,rentlar@lemmy.ca,,,678,31,,
3266,18,the_sleepy_woke_dialectic@hexbear.net,,,678,31,,
3267,7,Speiser0@feddit.org,,,678,31,,
3268,53,Necrowkiller@nnia.space,,,678,31,,
3269,353,senjienji@dotnet.social,,,678,31,,
3270,5,trevor@lemmy.blahaj.zone,,,678,31,,
3271,13,jaxiiruff@lemmy.zip,,,678,31,,
3272,346,jamsharp@fedi.jamsharp.net,,,678,31,,
3273,3,tanakaasuka@sh.itjust.works,,,678,31,,
3274,119,nuageceleste@rivals.space,,,678,31,,
3275,5,Catoblepas@lemmy.blahaj.zone,,,679,30,,
3276,1,HerrVincling@lemmy.world,,,679,30,,
3277,19,thedarkfly@feddit.nl,,,679,30,,
3278,1,scholar@lemmy.world,,,679,30,,
3279,53,Pappy@nnia.space,,,679,30,,
3280,53,dubnako@nnia.space,,,679,30,,
3281,1,Lloydxmas@lemmy.world,,,679,30,,
3282,93,pixl_xip@mastodon.world,,,679,30,,
3283,1,sst@lemmy.world,,,680,29,,
3284,7,maggiwuerze@feddit.org,,,680,29,,
3285,351,sunset_sakura@en.osm.town,,,680,29,,
3286,14,sexy_peach@beehaw.org,,,680,29,,
3287,109,everyone@c.im,,,680,29,,
3289,28,JohnOliver@feddit.dk,,,680,29,,
3290,3,best_username_ever@sh.itjust.works,,,680,29,,
3291,8,Kingofthecouch@lemmy.ca,,,680,29,,
3292,25,moki@wetdry.world,,,680,29,,
3293,1,Fondots@lemmy.world,,,681,28,,
3294,3,skillissuer@sh.itjust.works,,,681,28,,
3295,18,FuckyWucky@hexbear.net,,,681,28,,
3296,26,solarpunkgirl@slrpnk.net,,,681,28,,
3297,1,kaiserZak@lemmy.world,,,681,28,,
3298,34,thefreepenguinalt@lemmygrad.ml,,,681,28,,
3299,238,petrescatraian@mstdn.ro,,,682,27,218,296
3300,18,OrlandoDeCabron@hexbear.net,,,682,27,,
3301,32,wren@feddit.uk,,,682,27,,
3302,1,Dfirebug@lemmy.world,701,21,682,27,,
3303,18,professorowl_phd@hexbear.net,,,682,27,,
3304,1,Codandchips@lemmy.world,,,682,27,,
3305,28,snue@feddit.dk,,,682,27,,
3306,36,mossgreeneddie@chaos.social,,,682,27,318,60
3307,220,louisvgn@pouet.chapril.org,,,683,26,,
3308,1,zapsnh@lemmy.world,,,683,26,,
3309,12,swedneck@discuss.tchncs.de,,,683,26,,
3310,1,ReallyBadDev@lemmy.world,,,683,26,,
3311,29,spot@startrek.website,,,683,26,,
3312,64,internutter@blahaj.zone,,,683,26,,
3313,1,hellohotel@lemmy.world,,,683,26,354,19
3314,25,lime360@wetdry.world,,,684,25,,
3315,13,sdcSpade@lemmy.zip,,,684,25,,
3316,339,minneyar@fuzzyfox.social,,,684,25,,
3317,145,xchaos@f.cz,,,684,25,,
3319,13,Geologist@lemmy.zip,,,684,25,,
3320,331,saul@hayu.sh,,,684,25,,
3321,24,polaris64@lemmy.sdf.org,,,684,25,,
3322,7,elvith@feddit.org,,,685,24,169,485
3323,32,PhobosAnomaly@feddit.uk,,,685,24,,
3324,7,lol@feddit.org,,,685,24,,
3325,18,washburn@hexbear.net,,,685,24,,
3326,1,Kokolores@lemmy.world,,,685,24,,
3327,40,OpenLabsAlbania@fosstodon.org,,,685,24,,
3328,1,bluesnail@lemmy.world,,,685,24,,
3330,1,lawnroomba@lemmy.world,,,685,24,,
3331,67,tinselkatalizor@oddballs.online,,,685,24,,
3333,12,JohnyRocket@discuss.tchncs.de,,,686,23,,
3334,7,excral@feddit.org,,,686,23,,
3335,8,doylio@lemmy.ca,,,686,23,,
3336,34,QueerCommie@lemmygrad.ml,,,686,23,,
3337,18,Thistle@hexbear.net,,,686,23,,
3338,41,wolfbytyler@tech.lgbt,,,686,23,,
3339,1,100_universes@lemmy.world,,,686,23,,
3340,3,therealten95@sh.itjust.works,,,686,23,,
3341,1,iAvicenna@lemmy.world,,,686,23,,
3343,35,Zargio@feddit.it,,,687,22,,
3344,12,Emerald@discuss.tchncs.de,,,687,22,,
3345,7,zahtu@feddit.org,,,687,22,,
3346,4,Apothenon1@lemm.ee,,,687,22,,
3347,71,chall8908@infosec.exchange,,,687,22,,
3348,5,kicsiz@lemmy.blahaj.zone,,,687,22,,
3349,58,neonbubble@mstdn.social,,,687,22,,
3350,1,aesecakes@lemmy.world,,,687,22,,
3351,40,redworm@fosstodon.org,,,687,22,,
3352,146,Mielsucxanto@esperanto.masto.host,,,688,21,,
3353,71,ErikUden@infosec.exchange,,,688,21,,
3354,9,Ttimo@mastodon.social,,,688,21,,
3355,4,curled@lemm.ee,,,688,21,,
3356,7,bloor@feddit.org,,,688,21,,
3358,13,Lockne@lemmy.zip,,,688,21,,
3359,8,KitDeMadera@lemmy.ca,,,688,21,,
3360,17,dremor@jlai.lu,,,689,20,,
3361,4,zombyreagan@lemm.ee,,,689,20,,
3362,22,AVincentInSpace@pawb.social,,,689,20,,
3363,25,esm@wetdry.world,,,689,20,,
3364,19,radladerrobbe@feddit.nl,,,689,20,,
3365,27,onlyhuntsbears@lemmynsfw.com,,,689,20,,
3366,1,thilosaur@lemmy.world,,,690,19,,
3367,180,ancho85@terere.social,,,690,19,,
3368,1,izzyscissor@lemmy.world,,,690,19,,
3369,18,FOSS_Propagandist@hexbear.net,,,690,19,,
3370,38,lordemostarda@lemmy.eco.br,,,690,19,,
3371,9,neurofumo@mastodon.social,,,690,19,,
3373,65,silly@transfem.social,,,690,19,,
3374,152,jevans@climatejustice.social,,,691,18,,
3376,7,Aqila@feddit.org,,,691,18,,
3377,7,compact_ravioli@feddit.org,,,691,18,,
3378,6,communism@lemmy.ml,,,691,18,,
3379,38,baalinvoker@lemmy.eco.br,,,691,18,,
3380,23,Badoker@lemmy.nz,,,690,19,,
3381,1,Zwad@lemmy.world,,,691,18,,
3382,22,Foxfire@pawb.social,,,691,18,,
3383,272,OwlknightQuinn@lgbtqia.space,,,691,18,,
3384,1,Hammersbald@lemmy.world,,,691,18,,
3385,10,mcmodknower@programming.dev,,,692,17,,
3386,32,florge@feddit.uk,,,692,17,,
3387,1,lukstru@lemmy.world,,,692,17,,
3388,33,sawdustprophet@midwest.social,,,692,17,,
3389,1,thedeadwalking4242@lemmy.world,,,692,17,,
3390,369,greg@clar.ke,,,692,17,,
3391,40,gabik65@fosstodon.org,,,692,17,,
3392,52,oracle@piaille.fr,,,692,17,,
3393,363,monkeyx@cyberplace.social,,,692,17,,
3394,17,pseudo@jlai.lu,,,693,16,,
3395,273,april@lethallava.land,,,693,16,,
3396,11,hutonahill@toast.ooo,,,693,16,,
3397,16,LordTechnobabble@sopuli.xyz,,,693,16,,
3398,52,poupou24@piaille.fr,,,693,16,,
3399,7,genfood@feddit.org,,,693,16,,
3401,30,simeon@reddthat.com,,,693,16,,
3402,28,HejMedDig@feddit.dk,,,693,16,,
3403,9,vitchapo@mastodon.social,,,693,16,,
3404,4,TheTeej107@lemm.ee,,,693,16,,
3405,8,roadrunner_ex@lemmy.ca,,,693,16,,
3406,9,Vac31@mastodon.social,,,693,16,,
3407,55,skumky@lemmy.today,,,693,16,,
3408,232,kait@ohgodohfuck.fraudulent.link,,,693,16,,
3409,1,baccata@lemmy.world,,,693,16,,
3410,25,glitchy404@wetdry.world,,,693,16,,
3411,18,packet@hexbear.net,,,693,16,,
3412,11,SomeRandomGunner@toast.ooo,,,694,15,,
3413,19,RobotZap10000@feddit.nl,,,694,15,,
3414,10,gsus4@programming.dev,,,694,15,,
3415,40,homo_particeps@fosstodon.org,,,694,15,,
3416,7,rasensprenger@feddit.org,,,694,15,,
3417,6,tetris11@lemmy.ml,,,694,15,,
3418,20,Aussiemandeus@aussie.zone,,,694,15,,
3419,8,CleverNameAndNumbers@lemmy.ca,,,694,15,,
3420,371,knijn@catcatnya.com,,,694,15,,
3421,10,mearce@programming.dev,,,694,15,,
3422,4,rihatsu@lemm.ee,,,694,15,,
3423,1,mrvictory1@lemmy.world,,,694,15,,
3424,78,thacuber2a03@mastodon.gamedev.place,,,694,15,,
3425,245,luke@mastsocial.de,,,694,15,,
3426,38,tarsisurdi@lemmy.eco.br,,,694,15,,
3427,12,servais@discuss.tchncs.de,,,694,15,,
3428,8,kionite231@lemmy.ca,,,695,14,,
3429,6,Warsk@lemmy.ml,,,695,14,,
3430,16,thegreenguy@sopuli.xyz,,,695,14,,
3431,1,DarthFrodo@lemmy.world,,,695,14,,
3432,5,Hedlosa@lemmy.blahaj.zone,,,695,14,,
3433,4,sheepy@lemm.ee,,,695,14,,
3434,1,deathmetal27@lemmy.world,,,695,14,,
3435,20,dumblederp@aussie.zone,,,695,14,,
3436,1,kholby@lemmy.world,,,695,14,,
3437,6,bazsalanszky@lemmy.ml,,,695,14,,
3438,7,Calming_Pants@feddit.org,,,695,14,,
3439,24,hiroyt@lemmy.sdf.org,,,695,14,,
3440,6,Pili@lemmy.ml,,,695,14,,
3441,1,Pili@lemmy.world,,,695,14,,
3442,1,johsny@lemmy.world,,,695,14,,
3443,16,blaze@sopuli.xyz,,,695,14,,
3444,31,nomad@infosec.pub,,,696,13,,
3445,8,dullbananas@lemmy.ca,,,696,13,,
3446,11,blobloblob@toast.ooo,,,696,13,,
3447,2,chrizzly@feddit.de,,,696,13,,
3448,2,Lampenoel@feddit.de,,,696,13,,
3449,262,andypiper@macaw.social,,,696,13,,
3450,1,zoomboingding@lemmy.world,,,696,13,,
3451,7,rumschlumpel@feddit.org,,,696,13,,
3452,7,spatz@feddit.org,,,696,13,,
3453,3,hubobes@sh.itjust.works,,,696,13,,
3454,40,thefreepenguin@fosstodon.org,,,696,13,,
3455,252,magustella@mastodon.ml,,,696,13,,
3456,9,levav@mastodon.social,,,696,13,,
3457,7,Teppichbrand@feddit.org,,,696,13,,
3458,1,frobeniusnorm@lemmy.world,,,696,13,,
3459,4,microw@lemm.ee,,,696,13,,
3460,40,nixyjuppie@fosstodon.org,,,696,13,,
3461,377,io@akko.wtf,,,696,13,,
3462,1,dandimrod@lemmy.world,,,697,12,,
3463,3,Thelie@sh.itjust.works,,,697,12,,
3464,21,pukyuk@mas.to,,,697,12,,
3465,1,trevdog@lemmy.world,,,697,12,,
3466,196,jmcs@social.jsantos.eu,,,697,12,,
3467,157,jerrykan@aus.social,,,697,12,,
3468,34,oppo@lemmygrad.ml,,,697,12,,
3469,1,plunkbrowses@lemmy.world,,,697,12,,
3470,212,arappathor@satzfetzen.de,,,697,12,,
3471,10,naonintendois@programming.dev,,,697,12,,
3472,1,daddledew@lemmy.world,,,697,12,,
3473,356,Shkshkshk@dice.camp,,,697,12,,
3474,376,zoey@anarres.family,,,697,12,,
3475,8,schwoosh@lemmy.ca,,,697,12,367,5
3476,15,logan_hero@lemmy.dbzer0.com,,,697,12,,
3477,21,Kerrytani@mas.to,,,698,11,,
3478,9,djgummikuh@mastodon.social,,,698,11,,
3479,40,imLinguin@fosstodon.org,,,698,11,,
3480,71,Muddobbers@infosec.exchange,,,698,11,,
3481,5,funbreaker@lemmy.blahaj.zone,,,698,11,,
3482,37,technological_elite@lemmy.one,,,698,11,,
3483,1,cobysev@lemmy.world,,,698,11,,
3484,3,dormant_chicken@sh.itjust.works,,,698,11,,
3485,35,eutampieri@feddit.it,,,698,11,,
3486,10,nithanim@programming.dev,,,698,11,,
3487,3,fuck_u_spez_@sh.itjust.works,,,698,11,,
3488,25,unnick@wetdry.world,,,698,11,,
3489,11,snekmuffin@toast.ooo,,,698,11,,
3490,108,kayfaraday@cannibal.cafe,,,698,11,,
3491,3,Sjmarf@sh.itjust.works,,,699,10,,
3492,7,frodz@feddit.org,,,699,10,,
3493,258,star@mastodon.foxfire.dev,,,699,10,,
3494,287,Racine@lemmy.nuage-libre.fr,,,699,10,,
3495,5,toothbrush@lemmy.blahaj.zone,,,699,10,,
3496,1,sandysocks@lemmy.world,,,699,10,,
3497,7,liska@feddit.org,,,699,10,,
3498,4,BossDj@lemm.ee,,,699,10,,
3499,6,spacedout@lemmy.ml,,,699,10,,
3500,5,shaliwolf@lemmy.blahaj.zone,,,699,10,,
3501,16,sneezycat@sopuli.xyz,,,699,10,,
3502,1,zarkosseth@lemmy.world,,,699,10,,
3503,64,ty@blahaj.zone,,,699,10,,
3504,7,Cokes@feddit.org,,,699,10,,
3505,1,fuglyduck@lemmy.world,,,699,10,,
3506,3,srootus@sh.itjust.works,,,699,10,,
3507,231,confusedbunny@oldbytes.space,,,699,10,,
3508,10,wiezy_lrwi@programming.dev,,,699,10,,
3509,41,billboquet@tech.lgbt,,,699,10,,
3510,1,simpliston@lemmy.world,,,699,10,,
3511,167,Skarabrae@universeodon.com,,,700,9,,
3512,239,therealkings@mstdn.myifn.de,,,700,9,,
3513,8,charles@lemmy.ca,,,700,9,,
3514,244,megaleo@mathstodon.xyz,,,700,9,,
3515,3,jack@sh.itjust.works,,,700,9,,
3516,9,definitelynotkaz@mastodon.social,,,700,9,,
3517,1,C3D@lemmy.world,,,700,9,,
3518,18,PointAndClique@hexbear.net,,,700,9,,
3519,20,unionagainstdhmo@aussie.zone,,,700,9,,
3520,24,Boxscape@lemmy.sdf.org,,,700,9,,
3521,15,amphobet@lemmy.dbzer0.com,,,700,9,,
3522,189,trojaner@social.trojaner.dev,,,700,9,,
3523,25,iagondiscord@wetdry.world,,,700,9,,
3524,29,data1701d@startrek.website,,,700,9,328,48
3525,254,lare@mastodon.lare.cc,,,700,9,,
3526,41,pinkcreeper100@tech.lgbt,,,700,9,,
3527,32,zappotek@feddit.uk,,,700,9,,
3528,6,maegul@lemmy.ml,,,701,8,,
3529,9,titanraj@mastodon.social,,,701,8,,
3530,17,Khael@jlai.lu,,,701,8,,
3531,9,jasuu@mastodon.social,,,701,8,,
3532,7,OvrdZe@feddit.org,,,701,8,,
3533,17,jomn@jlai.lu,,,701,8,,
3534,7,fylkenny@feddit.org,,,701,8,369,3
3535,6,devdogg@lemmy.ml,,,701,8,,
3536,43,v3g4n@grants.cafe,,,701,8,,
3537,249,void@mastodon.sdf.org,,,701,8,,
3538,77,Cameleopard@mastodonapp.uk,,,701,8,,
3539,7,hopfenstrudel@feddit.org,,,701,8,,
3540,1,kevindqc@lemmy.world,,,701,8,,
3541,32,its_me_gb@feddit.uk,,,701,8,,
3542,1,MichaelHawkinSnider@lemmy.world,,,701,8,,
3543,1,mke@lemmy.world,,,701,8,,
3544,1,kbrown@lemmy.world,,,701,8,,
3545,5,ibt3321@lemmy.blahaj.zone,,,701,8,,
3546,56,mlptechnerd01@equestria.social,,,701,8,,
3547,36,tyalie@chaos.social,,,701,8,,
3548,20,trk@aussie.zone,,,701,8,,
3549,6,carl_marks_1312@lemmy.ml,,,701,8,,
3550,16,heku@sopuli.xyz,,,701,8,,
3551,25,sheepy0125@wetdry.world,,,701,8,,
3552,113,Mxremy@todon.eu,,,701,8,,
3553,23,absgeeknz@lemmy.nz,,,701,8,,
3554,12,2xsaiko@discuss.tchncs.de,,,701,8,,
3555,158,kali@ak.ari.lt,,,701,8,,
3556,315,tesstherefusinggirl@lea.pet,,,701,8,,
3557,67,aurora@oddballs.online,,,701,8,,
3558,7,shlomek@feddit.org,,,702,7,,
3559,23,sylverstream@lemmy.nz,,,702,7,,
3560,94,matteufo95@mastodon.uno,,,702,7,108,903
3561,8,cerothen@lemmy.ca,,,702,7,,
3562,332,c0debabe@hackers.town,,,702,7,,
3563,13,otter@lemmy.zip,,,702,7,,
3564,9,maheshrijal@mastodon.social,,,702,7,,
3565,10,b_van_b@programming.dev,,,702,7,,
3566,7,chrismit3s@feddit.org,,,702,7,,
3567,9,Purp215152@mastodon.social,,,702,7,,
3568,2,eunieisthebus@feddit.de,,,702,7,,
3569,216,herrlevin_@queer.party,,,702,7,,
3570,18,PentaBear@hexbear.net,,,702,7,,
3571,1,catzoomies@lemmy.world,,,702,7,,
3572,53,Paper_crook@nnia.space,,,702,7,,
3573,44,maxso216@ani.social,,,702,7,,
3574,1,TheGrandNagus@lemmy.world,,,702,7,,
3575,259,antonmoglia@mastodon.design,,,702,7,,
3576,1,hipponline@lemmy.world,,,702,7,,
3577,102,safesyrup@lemmy.hogru.ch,,,702,7,,
3578,3,bricked@sh.itjust.works,,,702,7,,
3579,3,RayJW@sh.itjust.works,,,702,7,,
3580,1,im_at_work_mom@lemmy.world,,,702,7,367,5
3581,21,computergeek@mas.to,,,702,7,,
3582,10,sus@programming.dev,,,702,7,,
3583,19,crassus@feddit.nl,,,702,7,,
3584,18,bennychill@hexbear.net,,,702,7,,
3585,8,waxy@lemmy.ca,,,702,7,,
3586,60,utdbrent@mastodon.online,,,702,7,,
3587,3,cojeva4533@sh.itjust.works,,,702,7,,
3588,340,unfitting@futurology.today,,,702,7,,
3589,5,HatchetHaro@lemmy.blahaj.zone,,,703,6,,
3590,31,RST987@infosec.pub,,,703,6,,
3591,7,rmean@feddit.org,,,703,6,,
3592,8,usr@lemmy.ca,,,703,6,,
3593,41,je@tech.lgbt,,,703,6,,
3594,15,Greendeath13@lemmy.dbzer0.com,,,703,6,,
3595,58,AcidePoulain@mstdn.social,,,703,6,,
3596,335,MBrandtner@gruene.social,,,703,6,,
3597,4,Frosty@lemm.ee,,,703,6,,
3598,1,disguisedjoker@lemmy.world,,,703,6,,
3599,78,tivadar@mastodon.gamedev.place,,,703,6,,
3600,205,Wolfi@social.anoxinon.de,,,703,6,,
3601,255,knightpp@mastodon.knightpp.cc,,,703,6,,
3602,54,siroj42@troet.cafe,,,703,6,,
3603,9,pakruse@mastodon.social,,,703,6,,
3604,13,ducktype@lemmy.zip,,,703,6,,
3605,10,starman@programming.dev,,,703,6,,
3606,1,Lime66@lemmy.world,,,703,6,,
3607,1,fallofturkey@lemmy.world,,,703,6,,
3608,98,Olmill@mapsupport.de,,,703,6,,
3609,8,eric@lemmy.ca,,,703,6,,
3610,10,joby@programming.dev,,,703,6,,
3611,5,bream_stone@lemmy.blahaj.zone,,,703,6,,
3612,151,bubs@defcon.social,,,703,6,,
3613,1,KmlSlmk64@lemmy.world,,,703,6,,
3614,14,TerryTPlatypus@beehaw.org,,,703,6,,
3615,29,sleepdrifter@startrek.website,,,703,6,,
3616,32,twinnie@feddit.uk,,,703,6,,
3617,87,your_aura@social.noleron.com,,,703,6,,
3618,41,lostluma@tech.lgbt,,,703,6,,
3619,1,Harry123457@lemmy.world,,,703,6,,
3620,198,Spaenny@social.fro.ge,,,703,6,,
3621,6,gege999@lemmy.ml,,,703,6,,
3622,61,pili@framapiaf.org,,,703,6,,
3623,260,maxicarlos08@mastodon.chaosfield.at,,,703,6,,
3625,41,spikiii@tech.lgbt,,,703,6,,
3626,72,imjustarock@hachyderm.io,,,703,6,,
3627,65,green@transfem.social,,,703,6,,
3628,4,aninoss@lemm.ee,,,703,6,,
3629,197,helios@social.ggbox.fr,,,703,6,371,1
3630,27,ahoy@lemmynsfw.com,,,703,6,,
3631,140,kayfaraday@imouto.pics,,,703,6,,
3632,381,snuffster@aethy.com,,,703,6,,
3633,8,northendtrooper@lemmy.ca,,,703,6,,
3634,77,swedishwin@mastodonapp.uk,,,703,6,,
3635,108,tireddemigod@cannibal.cafe,,,703,6,,
3636,69,latitude@lemmings.world,,,703,6,,
3637,9,biopractical@mastodon.social,,,703,6,,
3638,3,wuffwuffwuff@sh.itjust.works,,,703,6,,
3639,21,acejoker415@mas.to,,,704,5,,
3640,40,Irevirt@fosstodon.org,,,704,5,,
3641,1,eskimofry@lemmy.world,,,704,5,,
3642,24,dosuser123456@lemmy.sdf.org,,,704,5,,
3643,9,box464@mastodon.social,,,704,5,369,3
3644,234,serendil@nrw.social,,,704,5,,
3645,34,ghost_of_faso2@lemmygrad.ml,,,704,5,,
3646,16,kensand@sopuli.xyz,,,704,5,,
3647,6,gebruikersnaam@lemmy.ml,,,704,5,,
3648,7,schlump@feddit.org,,,704,5,365,7
3649,7,alanceil@feddit.org,,,704,5,370,2
3650,6,LordOsslor@lemmy.ml,,,704,5,,
3651,44,sabata11792@ani.social,,,704,5,,
3652,1,usaleste@lemmy.world,,,704,5,,
3653,18,Coolkidbozzy@hexbear.net,,,704,5,,
3654,29,vacuumfountain@startrek.website,,,704,5,,
3655,32,millerqueen@feddit.uk,,,704,5,,
3656,138,osaerisxero@kbin.run,,,704,5,,
3657,1,Despair@lemmy.world,,,704,5,,
3658,5,nicknonya@lemmy.blahaj.zone,,,704,5,,
3659,26,mhmmm@slrpnk.net,,,704,5,,
3660,5,Estadiol_Enjoyer@lemmy.blahaj.zone,,,704,5,,
3661,12,spectrism@discuss.tchncs.de,,,704,5,,
3662,194,Rairii@social.nano.lgbt,,,704,5,,
3663,61,florck@framapiaf.org,,,704,5,,
3664,1,Krzd@lemmy.world,,,704,5,,
3665,223,ledoian@pleroma.ledoian.cz,,,704,5,,
3666,1,HereToLurk@lemmy.world,,,704,5,,
3667,15,mexicancartel@lemmy.dbzer0.com,,,704,5,,
3668,26,ClimacticClimateChange44@slrpnk.net,,,704,5,,
3669,4,absentbird@lemm.ee,,,704,5,,
3670,15,aldalire@lemmy.dbzer0.com,,,704,5,,
3671,12,urheber@discuss.tchncs.de,,,704,5,,
3672,6,redhydride@lemmy.ml,,,704,5,,
3673,1,jwing@lemmy.world,,,704,5,,
3674,1,rayspekt@lemmy.world,,,704,5,,
3676,82,cornflower_blues@xelebre.com,,,704,5,,
3677,77,habesa139@mastodonapp.uk,,,704,5,,
3678,10,cout970@programming.dev,,,705,4,,
3679,6,onlooker@lemmy.ml,,,705,4,,
3680,23,Panq@lemmy.nz,717,5,705,4,259,174
3681,43,jaqajkyuwlhxqdcbpa@grants.cafe,,,705,4,,
3682,1,Victoriaascharleau@lemmy.world,,,705,4,,
3683,131,tensob_@mastodonczech.cz,,,705,4,,
3684,360,emmanuelwald@deacon.social,,,705,4,,
3685,9,fabrik42@mastodon.social,,,705,4,,
3686,163,ben@werd.social,,,705,4,,
3687,55,Fluff_muffin@lemmy.today,,,705,4,,
3688,1,Mindful@lemmy.world,,,705,4,,
3689,15,HBK@lemmy.dbzer0.com,,,705,4,,
3690,116,hergon@social.linux.pizza,,,705,4,,
3691,61,singolzd@framapiaf.org,,,705,4,,
3692,211,ErikUden@sfba.social,,,705,4,,
3693,14,GammaGames@beehaw.org,,,705,4,,
3694,4,terraetos@lemm.ee,,,705,4,,
3695,5,lone_faerie@lemmy.blahaj.zone,,,705,4,,
3696,184,zvavybir@social.zvavybir.eu,,,705,4,,
3697,10,odium@programming.dev,,,705,4,,
3698,29,SevenStack@startrek.website,,,705,4,,
3699,41,SRAZKVT@tech.lgbt,,,705,4,,
3700,15,ArmokGoB@lemmy.dbzer0.com,,,705,4,,
3701,334,zoinks@gts.scoobysnack.net,,,705,4,,
3702,10,fijxu@programming.dev,,,705,4,,
3703,3,kirkoman@sh.itjust.works,,,705,4,,
3704,7,Tiefkuehlkost@feddit.org,,,705,4,,
3705,21,giantpaper@mas.to,,,705,4,,
3706,61,senid@framapiaf.org,,,705,4,,
3707,4,dans@lemm.ee,,,705,4,,
3708,60,gilbert31@mastodon.online,,,705,4,,
3709,41,ikuda@tech.lgbt,,,705,4,,
3710,1,Rolando@lemmy.world,,,705,4,,
3711,9,villepreux@mastodon.social,,,705,4,,
3712,21,deafsalute@mas.to,,,705,4,,
3713,208,Emperohr@sharkey.world,,,705,4,,
3714,129,riidom@metalhead.club,,,705,4,,
3715,29,plasmoidal@startrek.website,,,705,4,,
3716,46,thepinkunicorn@lemdro.id,,,705,4,366,6
3717,36,larymir@chaos.social,,,705,4,,
3718,63,Deemo@bookwormstory.social,,,705,4,,
3719,110,caseycases@woem.men,,,705,4,,
3720,1,shreddit@lemmy.world,,,705,4,,
3721,5,ezbz@lemmy.blahaj.zone,,,705,4,,
3722,348,april@fedi.bapril.pl,,,705,4,,
3723,347,getimiskon@fedi.getimiskon.xyz,,,705,4,,
3724,7,poolitzer@feddit.org,,,705,4,,
3725,9,morelikeredditdotworld@mastodon.social,,,705,4,,
3726,77,sabapo9025@mastodonapp.uk,,,705,4,,
3727,164,jonas@vmst.io,,,706,3,,
3728,1,Mraniki@lemmy.world,,,706,3,,
3729,1,Svennas@lemmy.world,,,706,3,370,2
3730,37,wallmenis@lemmy.one,,,706,3,,
3731,21,_max@mas.to,,,706,3,,
3732,9,iommu@mastodon.social,,,706,3,,
3733,10,gnutrino@programming.dev,,,706,3,,
3734,79,wiltur@mamot.fr,,,706,3,,
3735,2,b0rax@feddit.de,,,706,3,,
3736,12,twei@discuss.tchncs.de,,,706,3,,
3737,15,mads@lemmy.dbzer0.com,,,706,3,,
3738,204,comcloudway@social.ccw.icu,,,706,3,,
3739,3,gigachad@sh.itjust.works,,,706,3,,
3740,1,Lennnny@lemmy.world,,,706,3,,
3741,18,hex@hexbear.net,,,706,3,,
3742,9,yikal@mastodon.social,,,706,3,,
3743,9,jairajdevadiga@mastodon.social,,,706,3,,
3744,1,sir_pronoun@lemmy.world,,,706,3,,
3745,15,ShaolinRaiden@lemmy.dbzer0.com,,,706,3,,
3746,4,uis@lemm.ee,,,706,3,,
3747,9,TheGymNerd@mastodon.social,,,706,3,,
3748,18,ComRed2@hexbear.net,,,706,3,,
3749,19,fristislurper@feddit.nl,,,706,3,,
3750,1,Dreamingdust@lemmy.world,,,706,3,,
3751,6,4stringscooter@lemmy.ml,,,706,3,,
3753,9,Giraffespotter@mastodon.social,,,706,3,,
3754,20,palitu@aussie.zone,,,706,3,,
3755,44,Iloveyurianime@ani.social,,,706,3,,
3756,324,bongoknight@ioc.exchange,,,706,3,,
3757,61,jeeynet@framapiaf.org,,,706,3,,
3758,4,soundhole@lemm.ee,,,706,3,,
3759,1,OliverClub@lemmy.world,,,706,3,,
3760,72,fil@hachyderm.io,,,706,3,,
3761,28,tajac@feddit.dk,,,706,3,,
3762,190,n@social.tourmentine.com,,,706,3,,
3763,378,isabel@akko.isabelroses.com,,,706,3,,
3764,14,alfenstein@beehaw.org,,,706,3,,
3765,1,Macarthur_park@lemmy.world,,,706,3,,
3766,15,buttconjuror@lemmy.dbzer0.com,,,706,3,,
3767,14,neutronst4r@beehaw.org,,,706,3,,
3768,7,monooxid@feddit.org,,,706,3,,
3769,7,mixel@feddit.org,,,706,3,,
3770,12,yetAnotherUser@discuss.tchncs.de,,,706,3,,
3771,1,joe_archer@lemmy.world,,,706,3,,
3772,18,lisatrevor@hexbear.net,,,706,3,,
3773,195,ellie@social.lol,,,706,3,234,244
3774,207,writeblankspace@shonk.social,,,706,3,,
3775,3,katzenic@sh.itjust.works,,,706,3,,
3776,344,nek0zyx@floofy.city,,,706,3,,
3777,1,alelmy@lemmy.world,,,706,3,,
3778,6,azimir@lemmy.ml,,,706,3,,
3779,8,k_rol@lemmy.ca,,,706,3,,
3780,3,jafat69457@sh.itjust.works,,,706,3,,
3781,9,rondomi@mastodon.social,,,706,3,,
3782,80,Zeratul@lemmus.org,,,707,2,,
3784,156,smiletolerantly@awful.systems,,,707,2,,
3785,12,kage@discuss.tchncs.de,,,707,2,,
3786,36,bafdyce@chaos.social,,,707,2,,
3787,36,msugarhill@chaos.social,,,707,2,,
3788,1,eisfrei@lemmy.world,,,707,2,,
3789,361,ondras@cztwitter.cz,,,707,2,,
3790,9,emanuelecariati@mastodon.social,,,707,2,,
3791,7,wuerger@feddit.org,,,707,2,,
3792,12,ElmarsonTheThird@discuss.tchncs.de,,,707,2,,
3794,165,aeharding@vger.social,,,707,2,,
3795,2,Captain_Baka@feddit.de,,,707,2,,
3796,7,d15d@feddit.org,,,707,2,,
3797,20,Galoisghost@aussie.zone,,,707,2,,
3798,15,tabtomi@lemmy.dbzer0.com,,,707,2,,
3799,1,kernelle@lemmy.world,,,707,2,,
3800,36,tribut@chaos.social,,,707,2,,
3801,95,byggmax@mastodon.nu,,,707,2,,
3802,79,davinov@mamot.fr,,,707,2,,
3803,8,lolacat@lemmy.ca,,,707,2,,
3804,209,truh@shark.community,,,707,2,,
3805,8,theacharnian@lemmy.ca,,,707,2,,
3806,18,balefirex@hexbear.net,,,707,2,,
3807,21,ajt@mas.to,,,707,2,,
3808,9,mosadie@mastodon.social,,,707,2,,
3809,5,trainden@lemmy.blahaj.zone,,,707,2,,
3810,16,ffefox@sopuli.xyz,,,707,2,,
3811,3,eggymachus@sh.itjust.works,,,707,2,,
3812,1,pikmeir@lemmy.world,,,707,2,,
3813,3,duckytoast@sh.itjust.works,,,707,2,,
3814,25,lyfja@wetdry.world,,,707,2,,
3815,18,autism_2@hexbear.net,,,707,2,,
3816,43,john@grants.cafe,,,707,2,,
3817,1,Coach@lemmy.world,,,707,2,,
3818,42,redwood1@mander.xyz,,,707,2,,
3819,5,immortal_crab@lemmy.blahaj.zone,,,707,2,,
3820,60,hirvox@mastodon.online,,,707,2,,
3821,199,jens@social.finkhaeuser.de,,,707,2,,
3822,6,Silicondon@lemmy.ml,,,707,2,,
3823,15,a_wild_mimic_appears@lemmy.dbzer0.com,,,707,2,,
3824,364,paws@cyberpaws.lol,,,707,2,,
3825,3,brobocop@sh.itjust.works,,,707,2,,
3826,4,zombifrog@lemm.ee,,,707,2,,
3827,9,nclm@mastodon.social,,,707,2,,
3828,1,Brotahari@lemmy.world,,,707,2,,
3829,1,marker2002@lemmy.world,,,707,2,,
3830,1,MashedTech@lemmy.world,,,707,2,,
3831,118,ashley@snug.moe,,,707,2,,
3832,13,sudoroot@lemmy.zip,,,707,2,,
3833,61,l_inadapte@framapiaf.org,,,707,2,,
3834,12,thfi@discuss.tchncs.de,,,707,2,,
3835,1,CBProjects@lemmy.world,,,707,2,,
3836,66,maltimore@social.tchncs.de,,,707,2,,
3837,15,Gravel8@lemmy.dbzer0.com,,,707,2,,
3838,132,pokap@mastodon.top,,,707,2,,
3839,92,scout@meow.social,,,707,2,,
3840,172,estec@tooter.social,,,707,2,,
3841,1,Sir_Fridge@lemmy.world,,,707,2,,
3842,71,fre@infosec.exchange,,,707,2,,
3843,21,tacoslab@mas.to,,,707,2,,
3844,1,yokonzo@lemmy.world,,,707,2,,
3845,64,sonicity@blahaj.zone,,,707,2,,
3846,45,niwadile@yiffit.net,,,707,2,,
3847,7,renormalizer@feddit.org,,,707,2,,
3848,93,sigurdvie@mastodon.world,,,707,2,,
3849,32,ilovecheese@feddit.uk,,,707,2,,
3850,36,evysgarden@chaos.social,,,707,2,,
3851,4,riquy@lemm.ee,,,707,2,,
3852,271,dubnako@lingo.lol,,,707,2,,
3853,174,risisos736@toot.io,,,707,2,,
3854,9,couropath@mastodon.social,,,707,2,,
3855,7,Petrichor@feddit.org,,,708,1,,
3856,240,rafimeher@mstdn.ca,,,708,1,,
3858,5,blackouttripleseven@lemmy.blahaj.zone,,,708,1,,
3859,7,Zeddi@feddit.org,,,708,1,,
3860,182,Abekonge@sunbeam.city,,,708,1,,
3861,45,alexw_578@yiffit.net,,,708,1,,
3862,36,kubikpixel@chaos.social,,,708,1,353,20
3863,168,ondere@tux.social,,,708,1,,
3864,12,Amonshi284@discuss.tchncs.de,,,708,1,,
3865,139,Lianove3@indieweb.social,,,708,1,,
3866,15,orsetto@lemmy.dbzer0.com,,,708,1,,
3867,35,Mok98@feddit.it,,,708,1,,
3868,319,raucao@kosmos.social,,,708,1,,
3869,3,Alexxxolotl@sh.itjust.works,,,708,1,,
3870,21,xjarlie@mas.to,,,708,1,,
3871,25,quadradical@wetdry.world,,,708,1,,
3872,152,jautero@climatejustice.social,,,708,1,,
3873,16,flamingo_pinyata@sopuli.xyz,,,708,1,,
3874,28,polakkenak@feddit.dk,,,708,1,,
3875,9,drikkes@mastodon.social,,,708,1,,
3876,243,raikas@mementomori.social,,,708,1,,
3877,7,EherNicht@feddit.org,,,708,1,,
3878,1,puppy@lemmy.world,,,708,1,,
3879,1,Marmaduke@lemmy.world,,,708,1,,
3880,9,dploeger@mastodon.social,,,708,1,,
3881,10,cucumberbob@programming.dev,,,708,1,,
3882,130,freiheitsgrad@mastodontech.de,,,708,1,,
3883,1,Smackemwittadic@lemmy.world,,,708,1,,
3884,46,ayaya@lemdro.id,,,708,1,,
3885,1,SpaceNoodle@lemmy.world,,,708,1,,
3886,7,lemmyrob@feddit.org,,,708,1,,
3887,1,hexesofvexes@lemmy.world,,,708,1,,
3888,4,Romkslrqusz@lemm.ee,,,708,1,,
3889,1,sdsil@lemmy.world,,,708,1,,
3891,191,amanda@social.spejset.org,,,708,1,,
3892,26,boredsquirrel@slrpnk.net,,,708,1,,
3893,175,carotte@toot.cat,,,708,1,,
3894,186,deadsuperhero@social.wedistribute.org,,,708,1,,
3895,1,sharkfur@lemmy.world,,,708,1,,
3896,3,InvalidSudo@sh.itjust.works,,,708,1,,
3897,5,LinkOpensChest_wav@lemmy.blahaj.zone,,,708,1,,
3898,72,jamesnovak@hachyderm.io,,,708,1,,
3899,16,wetnoodle@sopuli.xyz,,,708,1,,
3900,12,johnassel@discuss.tchncs.de,,,708,1,,
3901,72,syx@hachyderm.io,,,708,1,,
3902,57,menica@eldritch.cafe,,,708,1,,
3903,1,RelativeArea0@lemmy.world,,,708,1,,
3904,1,nat@lemmy.world,,,708,1,,
3905,1,C0RBEENO@lemmy.world,,,708,1,,
3906,29,Kranerian@startrek.website,,,708,1,,
3907,1,Harwood97@lemmy.world,,,708,1,,
3908,7,smokeymcpott@feddit.org,,,708,1,345,28
3909,4,0ops@lemm.ee,,,708,1,,
3910,14,bl4kers@beehaw.org,,,708,1,,
3911,105,arklampumbrella@leminal.space,,,708,1,,
3912,32,cyber@feddit.uk,,,708,1,,
3913,10,BlueBockser@programming.dev,,,708,1,,
3914,4,bronzle@lemm.ee,,,708,1,,
3915,9,ex3mpted@mastodon.social,,,708,1,,
3916,24,jawa21@lemmy.sdf.org,,,708,1,,
3917,6,jaydee@lemmy.ml,,,708,1,,
3918,52,aurnytoraink@piaille.fr,,,708,1,,
3919,1,yunikotank@lemmy.world,,,708,1,,
3920,9,mrkwse@mastodon.social,,,708,1,,
3921,6,pezhore@lemmy.ml,,,708,1,,
3922,9,getrigged@mastodon.social,,,708,1,,
3923,25,halva@wetdry.world,,,708,1,,
3924,12,powermaker450@discuss.tchncs.de,,,708,1,,
3925,12,wuffa@discuss.tchncs.de,,,708,1,,
3926,157,shlee@aus.social,,,708,1,,
3927,1,keineanung@lemmy.world,,,708,1,,
3928,1,tropicaldingdong@lemmy.world,,,708,1,,
3929,7,whitehotaru@feddit.org,,,708,1,,
3930,1,xanthrax@lemmy.world,,,708,1,,
3931,7,Seven@feddit.org,,,708,1,,
3932,15,zaknenou@lemmy.dbzer0.com,,,708,1,,
3933,42,blastboomstrice@mander.xyz,,,708,1,,
3934,1,jaycifer@lemmy.world,,,708,1,,
3935,200,Mishavelthuis@social.edu.nl,,,708,1,,
3936,1,Shaggy959500@lemmy.world,,,708,1,,
3937,151,lenny@defcon.social,,,708,1,,
3938,15,LIE@lemmy.dbzer0.com,,,708,1,,
3939,36,slothrop@chaos.social,,,708,1,,
3940,26,beeple@slrpnk.net,,,708,1,,
3941,41,koko@tech.lgbt,,,708,1,,
3942,38,capitao_duarte@lemmy.eco.br,,,708,1,,
3943,1,edgemaster72@lemmy.world,,,708,1,,
3944,9,tomatoma12@mastodon.social,,,708,1,,
3945,51,porzellanladen@mastodon.de,,,708,1,,
3946,90,root@possum.city,,,708,1,,
3947,3,andrew_bidlaw@sh.itjust.works,,,708,1,,
3948,1,remembertheapollo_@lemmy.world,,,708,1,,
3949,40,poot@fosstodon.org,,,708,1,,
3950,25,fenrirre@wetdry.world,,,708,1,,
3951,1,dumbfuq@lemmy.world,,,708,1,,
3952,78,alexandria@mastodon.gamedev.place,,,708,1,,
3953,9,mistyot@mastodon.social,,,708,1,,
3954,1,the16bitgamer@lemmy.world,,,708,1,,
3955,90,plane@possum.city,,,708,1,,
3956,9,lemmysmash@mastodon.social,,,708,1,,
3957,3,joliter781@sh.itjust.works,,,708,1,,
3958,138,nataliathedrowned2@kbin.run,,,709,0,,
3959,6,cypherpunks@lemmy.ml,,,709,0,,
3960,7,toast@feddit.org,,,709,0,,
3961,1,d00ery@lemmy.world,,,709,0,,
3962,383,Ethgar@berlin.social,,,709,0,,
3963,15,Virual@lemmy.dbzer0.com,,,709,0,,
3964,5,eaglesrl@lemmy.blahaj.zone,,,709,0,,
3965,384,CauseOfBSOD@fedi.bangsparks.com,,,709,0,,
3966,315,lea@lea.pet,,,709,0,,
3967,10,uplink@programming.dev,,,709,0,,
3968,6,kyleraykbs@lemmy.ml,,,709,0,,
3969,385,muekoeff@social.saarland,,,709,0,,
3970,6,polar@lemmy.ml,,,709,0,,
3971,11,Mykeyy@toast.ooo,,,,,291,113
3972,7,bravesentry@feddit.org,,,,,91,1144
3973,64,maumauukitty@blahaj.zone,,,,,183,430
3974,386,Scraft161@tsukihi.me,,,,,292,112
3975,3,ohshit604@sh.itjust.works,,,,,167,495
3976,30,bigy@reddthat.com,,,,,129,727
3977,1,Fletcher66@lemmy.world,,,,,369,3
3978,12,JRaccoon@discuss.tchncs.de,,,,,37,2195
3979,11,nmuniz@toast.ooo,,,,,263,165
3980,13,DeltAndy@lemmy.zip,,,,,272,149
3981,1,kokodad@lemmy.world,,,,,255,180
3982,1,Seefoo@lemmy.world,,,,,269,153
3983,387,bitofarambler@crazypeople.online,,,,,371,1
3984,1,Dagnet@lemmy.world,,,,,369,3
3985,1,bfg9k@lemmy.world,,,,,284,132
3986,1,ellypony@lemmy.world,,,,,206,335
3987,1,Dubman@lemmy.world,,,,,368,4
3988,13,jonathan7luke@lemmy.zip,,,,,285,128
3989,5,itslilith@lemmy.blahaj.zone,,,,,362,10
3990,1,bankercat3@lemmy.world,,,,,360,12
3991,1,Snickerz_Bar@lemmy.world,,,,,368,4
3992,13,laverabe@lemmy.zip,,,,,274,147
3993,11,112haloboy@toast.ooo,,,,,189,415
3994,388,Wiz@loli.church,,,,,337,36
3995,69,mmagian@lemmings.world,,,,,370,2
3996,286,RazZer0_@lemmy.ohaa.xyz,,,,,194,397
3997,1,idealotus@lemmy.world,,,,,361,11
3998,286,Ole@lemmy.ohaa.xyz,,,,,293,108
3999,1,TehBamski@lemmy.world,,,,,141,622
4000,13,Creativity@lemmy.zip,,,,,318,60
4001,1,Amiciboy@lemmy.world,,,,,368,4
4002,36,LinusLL@chaos.social,,,,,350,23
4003,11,Lavenderpone@toast.ooo,,,,,359,14
4004,1,tinchs@lemmy.world,,,,,368,4
4005,3,Harbarbalar@sh.itjust.works,,,,,364,8
4006,1,minoscopede@lemmy.world,,,,,352,21
4007,23,lavvy13@lemmy.nz,,,,,172,474
4008,13,FrederikNJS@lemmy.zip,,,,,314,65
4009,389,interrobang@ohai.social,,,,,180,449
4010,1,fubarx@lemmy.world,,,,,342,31
4011,16,myusername@sopuli.xyz,,,,,69,1364
4012,1,Angry_Autist@lemmy.world,,,,,244,213
4013,11,dotcross@toast.ooo,,,,,331,42
4014,15,fxomt@lemmy.dbzer0.com,,,,,222,283
4015,1,faladin@lemmy.world,,,,,365,7
4016,7,Ragnaxy@feddit.org,,,,,75,1312
4017,105,leminaid@leminal.space,,,,,316,63
4018,1,robocall@lemmy.world,,,,,360,12
4019,7,boozs@feddit.org,,,,,365,7
4020,1,Xatix@lemmy.world,,,,,300,90
4021,390,desconectado@bolha.us,,,,,368,4
4022,56,Shadow_Glider@equestria.social,,,,,8,3698
4023,1,ace_garp@lemmy.world,,,,,334,39
4024,30,Starf4rged@reddthat.com,,,,,364,8
4025,1,Koei@lemmy.world,,,,,120,775
4026,105,Someplaceunknown@leminal.space,,,,,123,757
4027,1,Wild_Mastic@lemmy.world,,,,,370,2
4028,7,MLM@feddit.org,,,,,338,35
4029,43,apriori@grants.cafe,,,,,73,1319
4030,11,Kitsu@toast.ooo,,,,,89,1168
4031,43,Funnytakemura@grants.cafe,,,,,324,54
4032,11,Noriko@toast.ooo,,,,,184,422
4033,5,rustyfemboy@lemmy.blahaj.zone,,,,,200,362
4034,9,alk@mastodon.social,,,,,369,3
4035,5,belluck@lemmy.blahaj.zone,,,,,369,3
4036,13,skip0110@lemmy.zip,,,,,368,4
4037,16,onnekas@sopuli.xyz,,,,,166,506
4038,10,blamster19@programming.dev,,,,,304,84
4039,1,WhatThaFudge@lemmy.world,,,,,362,10
4040,1,weegee90@lemmy.world,,,,,311,70
4041,15,WrittenInRed@lemmy.dbzer0.com,,,,,66,1504
4042,10,Maddier1993@programming.dev,,,,,369,3
4043,391,Fortatech@gregtech.eu,,,,,193,400
4044,7,mxeff@feddit.org,,,,,92,1143
4045,1,HKayn@lemmy.world,,,,,368,4
4046,1,nebulaone@lemmy.world,,,,,366,6
4047,7,Triadager@feddit.org,,,,,277,144
4048,1,Struisvogel@lemmy.world,,,,,368,4
4049,26,Coolkat@slrpnk.net,,,,,157,563
4050,1,Havald@lemmy.world,,,,,371,1
4051,17,Lampadaire_raclette@jlai.lu,,,,,371,1
4052,11,Akemi@toast.ooo,,,,,203,342
4053,7,AntiGuide@feddit.org,,,,,152,579
4054,11,dseta@toast.ooo,,,,,280,138
4055,150,april@donotsta.re,,,,,262,166
4056,1,HonoraryMancunian@lemmy.world,,,,,369,3
4057,20,SaneMartigan@aussie.zone,,,,,371,1
4058,11,Manin96@toast.ooo,,,,,173,470
4059,1,FreddyNO@lemmy.world,,,,,371,1
4060,7,JFLennson@feddit.org,,,,,371,1
4061,79,krafting@mamot.fr,,,,,369,3
4062,20,Aesecakes@aussie.zone,,,,,160,542
4063,1,Thronmandel@lemmy.world,,,,,223,280
4064,15,Termiboros@lemmy.dbzer0.com,,,,,156,567
4065,1,Nocuras@lemmy.world,,,,,369,3
4066,1,Long_Way_Around@lemmy.world,,,,,365,7
4067,13,gkaklas@lemmy.zip,,,,,236,242
4068,36,FQQD@chaos.social,,,,,369,3
4069,1,thru_dangers_untold@lemmy.world,,,,,355,18
4070,1,Desso@lemmy.world,,,,,369,3
4071,7,Schorsch@feddit.org,,,,,369,3
4072,121,Hithroc@pony.social,,,,,227,274
4073,13,gnu@lemmy.zip,,,,,162,536
4074,1,Stanley@lemmy.world,,,,,354,19
4075,1,SimplyEr1c@lemmy.world,,,,,242,219
4076,21,bunnie@mas.to,,,,,33,2346
4077,1,MintyAnt@lemmy.world,,,,,369,3
4078,7,Feddinat0r@feddit.org,,,,,153,578
4079,9,Mephiro@mastodon.social,,,,,181,442
4080,7,Cacktus@feddit.org,,,,,366,6
4081,392,sam@bikersgo.social,,,,,355,18
4082,1,pastasallad@lemmy.world,,,,,271,150
4083,1,xeppaka@lemmy.world,,,,,371,1
4084,8,CircaV@lemmy.ca,,,,,207,331
4085,9,ldelriof@mastodon.social,,,,,370,2
4086,11,Toz@toast.ooo,,,,,14,3118
4087,6,Mari@lemmy.ml,,,,,235,243
4088,1,bassomitron@lemmy.world,,,,,363,9
4089,7,AtoMops@feddit.org,,,,,158,561
4090,40,v_raton@fosstodon.org,,,,,371,1
4091,87,sichkovskyi@social.noleron.com,,,,,350,23
4092,5,transebding_the_binary@lemmy.blahaj.zone,,,,,352,21
4093,1,Mrnobody2025@lemmy.world,,,,,362,10
4094,1,fuck_u_spez_in_particular@lemmy.world,,,,,320,58
4095,9,zichy@mastodon.social,,,,,258,176
4096,1,AceSLive@lemmy.world,,,,,312,68
4097,9,kotge@mastodon.social,,,,,147,592
4098,393,fynn@cuties.social,,,,,358,15
4099,1,torres@lemmy.world,,,,,324,54
4100,27,Rogue_Moo@lemmynsfw.com,,,,,155,573
4101,1,Scotty_Trees@lemmy.world,,,,,362,10
4102,17,Sravoryk@jlai.lu,,,,,245,212
4103,1,gorkur@lemmy.world,,,,,272,149
4104,1,CrimeaHat@lemmy.world,,,,,248,207
4105,7,DasLaboratorium@feddit.org,,,,,268,154
4106,13,Rose@lemmy.zip,,,,,24,2525
4107,394,marius851000@mariusdavid.fr,,,,,7,3849
4108,1,inbeesee@lemmy.world,,,,,294,107
4109,1,technopagan@lemmy.world,,,,,239,229
4110,395,xantater@fbsweb.de,,,,,243,215
4111,19,Markus29@feddit.nl,,,,,366,6
4112,7,DmMacniel@feddit.org,,,,,9,3478
4113,1,Mithre@lemmy.world,,,,,197,386
4114,396,zen@social.net.ua,,,,,367,5
4115,211,psoul@sfba.social,,,,,130,726
4116,41,dropdan@tech.lgbt,,,,,360,12
4117,1,Nfamwap@lemmy.world,,,,,360,12
4118,43,orangerobot@grants.cafe,,,,,21,2646
4119,11,SloppyJoe@toast.ooo,,,,,233,251
4120,11,Yonot11@toast.ooo,,,,,238,240
4121,8,Lfrith@lemmy.ca,,,,,343,30
4122,1,JLau@lemmy.world,,,,,213,311
4123,1,andMoonsValue@lemmy.world,,,,,317,61
4124,11,Squishy@toast.ooo,,,,,89,1168
4125,1,alt_xa_23@lemmy.world,,,,,360,12
4126,40,xior112@fosstodon.org,,,,,325,53
4127,9,tburkhol@mastodon.social,,,,,369,3
4128,1,Sackeshi@lemmy.world,,,,,45,1964
4129,11,RodrigoKT@toast.ooo,,,,,163,528
4130,1,zkfcfbzr@lemmy.world,,,,,50,1844
4131,8,nave@lemmy.ca,,,,,371,1
4132,27,Kotario@lemmynsfw.com,,,,,369,3
4133,1,virku@lemmy.world,,,,,303,85
4134,7,moonleay@feddit.org,,,,,328,48
4135,1,Snejp@lemmy.world,,,,,370,2
4136,1,rhelawyn@lemmy.world,,,,,363,9
4137,9,cybernoid@mastodon.social,,,,,311,70
4138,397,cybermuell@layer8.space,,,,,368,4
4139,43,Pedromakas@grants.cafe,,,,,329,46
4140,1,MJKee9@lemmy.world,,,,,370,2
4141,1,CuriousBear@lemmy.world,,,,,371,1
4142,1,ketseki@lemmy.world,,,,,370,2
4143,1,batist@lemmy.world,,,,,370,2
4144,11,lanmam@toast.ooo,,,,,326,52
4145,1,TheOneAndOnly@lemmy.world,,,,,349,24
4146,74,thejackimonster@wehavecookies.social,,,,,316,63
4147,398,DF3LX@social.darc.de,,,,,371,1
4148,11,Marialla@toast.ooo,,,,,174,468
4149,13,Havatra@lemmy.zip,,,,,187,417
4150,34,Horse@lemmygrad.ml,,,,,185,419
4151,1,Takapapatapaka@lemmy.world,,,,,275,146
4152,10,epicshepich@programming.dev,,,,,355,18
4153,6,kureta@lemmy.ml,,,,,370,2
4154,1,debil@lemmy.world,,,,,283,133
4155,17,Ziggurat@jlai.lu,,,,,371,1
4156,1,octoham@lemmy.world,,,,,220,289
4157,29,SpaceScotsman@startrek.website,,,,,371,1
4158,7,Linsensuppe@feddit.org,,,,,328,48
4159,399,asudox@lemmy.asudox.dev,,,,,131,718
4160,12,Orangerot@discuss.tchncs.de,,,,,370,2
4161,400,shiyata@todon.nl,,,,,363,9
4162,5,luce@lemmy.blahaj.zone,,,,,363,9
4163,1,sjkhgsi@lemmy.world,,,,,369,3
4164,13,Romkslrqusz@lemmy.zip,,,,,370,2
4165,7,quatschkopf43@feddit.org,,,,,252,198
4166,12,schnurrito@discuss.tchncs.de,,,,,159,547
4167,8,houdini_splicer@lemmy.ca,,,,,358,15
4168,7,CJp4rker@feddit.org,,,,,369,3
4169,7,Triplef@feddit.org,,,,,279,140
4170,11,TeleportBread@toast.ooo,,,,,170,477
4171,1,slpk@lemmy.world,,,,,321,57
4172,10,Solely_a_Catt@programming.dev,,,,,347,26
4173,401,shiva@bytes.programming.dev,,,,,115,820
4174,15,5714@lemmy.dbzer0.com,,,,,360,12
4175,10,CPU_Blanc@programming.dev,,,,,145,597
4176,1,green_copper@lemmy.world,,,,,5,4076
4177,6,Kirbo@lemmy.ml,,,,,219,290
4178,1,s1gtrap@lemmy.world,,,,,322,56
4179,1,KokoSabreScruffy@lemmy.world,,,,,64,1553
4180,1,Whitebrow@lemmy.world,,,,,256,179
4181,1,Friendly@lemmy.world,,,,,334,39
4182,11,Laku@toast.ooo,,,,,274,147
4183,7,bvoigtlaender@feddit.org,,,,,192,403
4184,1,lemmyartistforhire@lemmy.world,,,,,127,744
4185,7,RmDebArc_5@feddit.org,,,,,370,2
4186,1,4Robato@lemmy.world,,,,,360,12
4187,15,zarniwoop@lemmy.dbzer0.com,,,,,371,1
4188,1,Antagnostic@lemmy.world,,,,,295,106
4189,24,Zwrt@lemmy.sdf.org,,,,,144,601
4190,150,nick@donotsta.re,,,,,202,343
4191,10,TheFogan@programming.dev,,,,,365,7
4192,46,cole@lemdro.id,,,,,365,7
4193,7,Melchior@feddit.org,,,,,221,287
4194,31,filleo@infosec.pub,,,,,353,20
4195,36,oha@chaos.social,,,,,215,302
4196,105,chrisbit@leminal.space,,,,,198,385
4197,9,justlonelythings@mastodon.social,,,,,355,18
4198,3,o7moon@sh.itjust.works,,,,,279,140
4199,1,UnnamedGuy@lemmy.world,,,,,365,7
4200,1,Nati_Chan@lemmy.world,,,,,139,655
4201,5,EscapedMoss@lemmy.blahaj.zone,,,,,210,322
4202,395,mik@fbsweb.de,,,,,158,561
4203,7,Zehfix@feddit.org,,,,,325,53
4204,93,Lualt@mastodon.world,,,,,371,1
4205,1,Bman915@lemmy.world,,,,,347,26
4206,11,razer@toast.ooo,,,,,193,400
4207,1,Buddahriffic@lemmy.world,,,,,323,55
4208,1,XelaMelt@lemmy.world,,,,,298,94
4209,7,prenatal_confusion@feddit.org,,,,,302,86
4210,402,loppermann@niyawe.de,,,,,361,11
4211,403,CallMePlayer@norcal.social,,,,,363,9
4212,7,Batadon@feddit.org,,,,,369,3
4213,404,kokomo@lemmy.kokomo.cloud,,,,,305,80
4214,405,gabboman@app.wafrn.net,,,,,370,2
4215,1,eva_sieve@lemmy.world,,,,,363,9
4216,406,cryptagion@unwilling.observer,,,,,366,6
4217,407,kiki@shellfish.racing,,,,,119,777
4218,408,invidious_user@kif.rocks,,,,,357,16
4219,17,VeryInterestingTable@jlai.lu,,,,,302,86
4220,7,D_a_X@feddit.org,,,,,310,72
4221,36,blinry@chaos.social,,,,,282,135
4222,40,shadowwwind@fosstodon.org,,,,,221,287
4223,409,wollekopf@digitalcourage.social,,,,,364,8
4224,410,js@snac.lab8.cz,,,,,237,241
4225,1,Kurkiaurajuusto@lemmy.world,,,,,288,117
4226,411,myaskolmao@shkey.cakestwix.com,,,,,366,6
4227,9,Chiiirps@mastodon.social,,,,,324,54
4228,7,1stQ@feddit.org,,,,,103,955
4229,12,valgarf@discuss.tchncs.de,,,,,302,86
4230,3,neidu3@sh.itjust.works,,,,,218,296
4231,412,jajcus@pol.social,,,,,371,1
4232,11,vanvan@toast.ooo,,,,,326,52
4233,17,Valar_Morghulis@jlai.lu,,,,,371,1
4234,9,MrChickn@mastodon.social,,,,,61,1560
4235,1,Deno@lemmy.world,,,,,371,1
4236,1,jmeulie@lemmy.world,,,,,369,3
4237,7,Lumidaub@feddit.org,,,,,47,1887
4238,7,Tarogar@feddit.org,,,,,370,2
4239,1,badcommandorfilename@lemmy.world,,,,,296,100
4240,1,Epzillon@lemmy.world,,,,,370,2
4241,32,asterisk@feddit.uk,,,,,370,2
4242,3,TheLeadenSea@sh.itjust.works,,,,,330,43
4243,72,eggg@hachyderm.io,,,,,364,8
4244,15,y0kai@lemmy.dbzer0.com,,,,,318,60
4245,13,absurd@lemmy.zip,,,,,364,8
4246,13,grozzle@lemmy.zip,,,,,86,1211
4247,413,prahou@merveilles.town,,,,,266,159
4248,36,anghenfil@chaos.social,,,,,303,85
4249,56,ellyponey@equestria.social,,,,,232,254
4250,15,sunglocto@lemmy.dbzer0.com,,,,,299,92
4251,36,piko@chaos.social,,,,,133,695
4252,122,holyme@pone.social,,,,,313,67
4253,1,jjmoldy@lemmy.world,,,,,286,122
4254,52,meniou@piaille.fr,,,,,369,3
4255,414,sunred@fro.ge,,,,,358,15
4256,10,domstoppable@programming.dev,,,,,352,21
4257,56,wintergala@equestria.social,,,,,229,264
4258,6,OhioComrade@lemmy.ml,,,,,366,6
4259,56,brambleshadow4@equestria.social,,,,,260,171
4260,3,chelatna@sh.itjust.works,,,,,309,73
4261,1,Juno@lemmy.world,,,,,251,201
4262,56,60sBrony@equestria.social,,,,,342,31
4263,1,MintyFresh@lemmy.world,,,,,358,15
4264,382,mateuszsc@101010.pl,,,,,243,215
4265,24,focusturtle@lemmy.sdf.org,,,,,366,6
4266,3,WolfLink@sh.itjust.works,,,,,343,30
4267,1,dogpound@lemmy.world,,,,,18,2839
4268,320,mal@kolektiva.social,,,,,363,9
4269,1,calamitycastle@lemmy.world,,,,,367,5
4270,1,PhatalFlaw@lemmy.world,,,,,315,64
4271,1,lycanrising@lemmy.world,,,,,371,1
4272,9,mage_of_dragons@mastodon.social,,,,,332,41
4273,1,BowserBasher@lemmy.world,,,,,367,5
4274,1,NocturnalMorning@lemmy.world,,,,,370,2
4275,1,a_person@lemmy.world,,,,,369,3
4276,12,kickeriekuh@discuss.tchncs.de,,,,,371,1
4277,391,lena@gregtech.eu,,,,,325,53
4278,56,velvet@equestria.social,,,,,268,154
4279,3,InEnduringGrowStrong@sh.itjust.works,,,,,368,4
4280,6,bhez@lemmy.ml,,,,,352,21
4281,11,gj713@toast.ooo,,,,,334,39
4282,415,monkee@other.li,,,,,369,3
4283,3,hemmes@sh.itjust.works,,,,,371,1
4284,1,ji88aja88a@lemmy.world,,,,,371,1
4285,1,idiotdoomspiral@lemmy.world,,,,,362,10
4286,11,Astana@toast.ooo,,,,,164,509
4287,17,oeil@jlai.lu,,,,,102,966
4288,21,soramee@mas.to,,,,,240,226
4289,56,Brambles@equestria.social,,,,,137,663
4290,1,cathfish@lemmy.world,,,,,355,18
4291,416,glennmagusharvey@sakurajima.moe,,,,,34,2275
4292,3,jjagaimo@sh.itjust.works,,,,,357,16
4293,1,Aberration13@lemmy.world,,,,,186,418
4294,417,nebula42@twoot.site,,,,,212,312
4295,9,nazotokigame@mastodon.social,,,,,132,697
4296,1,Mod@lemmy.world,,,,,366,6
4297,15,ByteMarx@lemmy.dbzer0.com,,,,,368,4
4298,7,flyingSock@feddit.org,,,,,354,19
4299,105,Tetragrade@leminal.space,,,,,365,7
4300,401,christiannotreligion@bytes.programming.dev,,,,,326,52
4301,7,celeste@feddit.org,,,,,370,2
4302,7,Spezi@feddit.org,,,,,71,1337
4303,7,zener_diode@feddit.org,,,,,97,1032
4304,17,innermeerkat@jlai.lu,,,,,146,596
4305,92,QuasarHusky@meow.social,,,,,332,41
4306,13,NorthWestWind@lemmy.zip,,,,,317,61
4307,7,wdx@feddit.org,,,,,371,1
4308,418,Nusm@yall.theatl.social,,,,,371,1
4309,93,viviansequeira@mastodon.world,,,,,110,855
4310,419,rehwanne@social.antifa.gmbh,,,,,358,15
4311,167,ThePJN@universeodon.com,,,,,367,5
4312,11,Illinoismapper@toast.ooo,,,,,56,1645
4313,38,bunitor@lemmy.eco.br,,,,,281,136
4314,1,Diabolickal@lemmy.world,,,,,364,8
4315,15,hsr@lemmy.dbzer0.com,,,,,364,8
4316,10,paul_the_ball@programming.dev,,,,,208,328
4317,7,rakete@feddit.org,,,,,369,3
4318,420,anon@ymous.au,,,,,138,658
4319,49,MrKurteous@feddit.nu,,,,,371,1
4320,240,fireslorm@mstdn.ca,,,,,302,86
4321,1,Harvey656@lemmy.world,,,,,370,2
4322,24,krakenfury@lemmy.sdf.org,,,,,368,4
4323,1,MidsizedSedan@lemmy.world,,,,,84,1237
4324,36,zormit@chaos.social,,,,,361,11
4325,335,dujmovivo@gruene.social,,,,,371,1
4326,6,haroldstork@lemmy.ml,,,,,324,54
4327,1,Wisas62@lemmy.world,,,,,359,14
4328,146,Fitik@esperanto.masto.host,,,,,289,116
4329,12,mondsucht@discuss.tchncs.de,,,,,48,1865
4330,12,kaenguru_12@discuss.tchncs.de,,,,,278,143
4331,1,ksigley@lemmy.world,,,,,365,7
4332,421,Summatia@splatsville.social,,,,,297,96
4333,150,dns@donotsta.re,,,,,302,86
4334,3,DrunkAnRoot@sh.itjust.works,,,,,335,38
4335,16,Brokuli@sopuli.xyz,,,,,243,215
4336,333,magikh@h4.io,,,,,356,17
4337,54,Handtuch42@troet.cafe,,,,,349,24
4338,174,hisold@toot.io,,,,,112,831
4339,3,thal3s@sh.itjust.works,,,,,248,207
4340,9,Eevay_@mastodon.social,,,,,216,301
4341,422,roberth@functional.cafe,,,,,60,1570
4342,11,renobel@toast.ooo,,,,,17,2887
4343,11,VNBright@toast.ooo,,,,,117,793
4344,423,Tamero@dizl.de,,,,,25,2515
4345,43,StrangeLookingTree@grants.cafe,,,,,35,2229
4346,1,Tudsamfa@lemmy.world,,,,,62,1557
4347,424,c6ristian@social.nekover.se,,,,,371,1
4348,56,AlabasterRadiance@equestria.social,,,,,366,6
4349,425,schm0lle@rheinneckar.social,,,,,357,16
4350,10,potoo22@programming.dev,,,,,272,149
4351,1,Life_inst_bad@lemmy.world,,,,,96,1063
4352,1,Wizard_Pope@lemmy.world,,,,,370,2
4353,426,fedbot@lemmy.30p87.de,,,,,348,25
4354,7,30p87@feddit.org,,,,,55,1753
4355,427,qugalet@pl.m0e.space,,,,,364,8
4356,105,kanishk@leminal.space,,,,,346,27
4357,36,u1l@chaos.social,,,,,356,17
4358,428,famfo@frogs.lgbt,,,,,150,583
4359,10,the16bitgamer@programming.dev,,,,,341,32
4360,13,joyjoy@lemmy.zip,,,,,224,279
4361,9,erytau@mastodon.social,,,,,205,336
4362,429,LilaHexe@fedi.lilahexe.top,,,,,246,210
4363,430,JimBer110@mastodon.jimmy-b.se,,,,,371,1
4364,431,wheresalice@social.gfsc.studio,,,,,347,26
4365,1,AnonomousWolf@lemmy.world,,,,,142,618
4366,10,BetterDev@programming.dev,,,,,371,1
4367,1,shmanio@lemmy.world,,,,,98,997
4368,10,derpgon@programming.dev,,,,,249,204
4369,9,Mouseborg@mastodon.social,,,,,111,844
4370,78,khaleer@mastodon.gamedev.place,,,,,366,6
4371,1,Diplomjodler3@lemmy.world,,,,,371,1
4372,5,froufox@lemmy.blahaj.zone,,,,,367,5
4373,1,hdggDalton@lemmy.world,,,,,49,1862
4374,1,Adopon@lemmy.world,,,,,19,2825
4375,432,adlerweb@social.adlerweb.info,,,,,121,774
4376,433,bobidle@fem.social,,,,,247,208
4377,36,captainoreo@chaos.social,,,,,368,4
4378,1,nuko147@lemmy.world,,,,,31,2351
4379,434,yen@europe.pub,,,,,63,1556
4380,11,hazyskies@toast.ooo,,,,,76,1305
4381,7,Novocirab@feddit.org,,,,,187,417
4382,286,FQQD@lemmy.ohaa.xyz,,,,,29,2442
4383,435,AbnormalHumanBeing@lemmy.abnormalbeings.space,,,,,109,857
4384,22,WrenMala8@pawb.social,,,,,196,389
4385,43,MayhemWizard2@grants.cafe,,,,,22,2631
4386,36,Dexruus@chaos.social,,,,,43,1969
4387,405,irelephant@app.wafrn.net,,,,,144,601
4388,1,MumboJumbo@lemmy.world,,,,,332,41
4389,3,C0MPUT3_36@sh.itjust.works,,,,,80,1294
4390,9,Bluphph@mastodon.social,,,,,38,2169
4391,56,LexRudera@equestria.social,,,,,211,317
4392,38,P4ulin_Kbana@lemmy.eco.br,,,,,59,1616
4393,383,fusselwurm@berlin.social,,,,,72,1331
4394,1,nuggsy@lemmy.world,,,,,30,2436
4395,341,helloyanis@furries.club,,,,,151,581
4396,7,ProfAel@feddit.org,,,,,312,68
4397,5,rarWars@lemmy.blahaj.zone,,,,,82,1255